sku;produto;saldo_atual;em_casa;com_revendedoras;maleta15;maletas16_18;sistema_antes_golive;planilha;ajuste_golive;correcao_2809;saldo_calculado;diferenca;movimento_suspeito;data;origem;classe;confirmado_no_fisico;recomendacao
100868;Brinco Estrela Texturizada Banho de Ouro 18k;4;4;0;0;0;1;4;3;0;;0;ajuste importacao 26/09 +3;2026-09-26;Estoque (1).xlsx casa + Anexos I (reconciliar-fonte-operacional.mjs);inconclusivo;;"ajuste da planilha sem peça em maleta (planilha 4, total antes 1). Não é contagem dupla; conferir no inventário."
101175;Duo Argolas Ovais Lisas Banho de Ouro 18k;2;1;1;1;0;1;1;1;0;1;-1;ajuste importacao 26/09 +1;2026-09-26;Estoque (1).xlsx casa + Anexos I (reconciliar-fonte-operacional.mjs);comprovadamente errada;;"planilha 1 = total do sistema antes do go-live; ajuste +1 = peças em maleta (#15: 1, #16–18: 0). Corrigir -1."
102370;Brinco Argola Aberta Aros Cravejado Banhado em Ouro 18K;1;0;1;0;1;1;1;1;-1;;0;ajuste importacao 26/09 +1;2026-09-26;Estoque (1).xlsx casa + Anexos I (reconciliar-fonte-operacional.mjs);correto;;já corrigido em 28/09
102528;Brinco Oval Vazado com Zircônia Banho de Ouro 18k;3;1;2;0;2;3;3;2;-2;;0;ajuste importacao 26/09 +2;2026-09-26;Estoque (1).xlsx casa + Anexos I (reconciliar-fonte-operacional.mjs);correto;;já corrigido em 28/09
102798;Brinco Grande Elos Entrelaçados Banho de Ouro 18k;2;1;1;1;0;1;1;1;0;1;-1;ajuste importacao 26/09 +1;2026-09-26;Estoque (1).xlsx casa + Anexos I (reconciliar-fonte-operacional.mjs);comprovadamente errada;;"planilha 1 = total do sistema antes do go-live; ajuste +1 = peças em maleta (#15: 1, #16–18: 0). Corrigir -1."
103147;Brinco Ponto de Luz Pequeno Banho de Ouro 18k;2;2;0;0;0;3;2;-1;0;;0;ajuste importacao 26/09 -1;2026-09-26;Estoque (1).xlsx casa + Anexos I (reconciliar-fonte-operacional.mjs);inconclusivo;;"ajuste da planilha sem peça em maleta (planilha 2, total antes 3). Não é contagem dupla; conferir no inventário."
104846;Brinco Formato Geométrico Madrepérola Banho de Ouro 18k;3;3;0;0;0;3;3;0;0;;0;entrada go-live 3;2026-09-26;Estoque (1).xlsx casa + Anexos I (reconciliar-fonte-operacional.mjs);correto;;peça cadastrada no go-live sem maleta somada
105061;Argola Vazada Lisas Banho de Ouro 18k;2;1;1;1;0;1;1;1;0;1;-1;ajuste importacao 26/09 +1;2026-09-26;Estoque (1).xlsx casa + Anexos I (reconciliar-fonte-operacional.mjs);comprovadamente errada;;"planilha 1 = total do sistema antes do go-live; ajuste +1 = peças em maleta (#15: 1, #16–18: 0). Corrigir -1."
105296;Brinco Fio Cravejado e Coração Banho de Prata;2;2;0;0;0;2;2;0;0;;0;entrada go-live 2;2026-09-26;Estoque (1).xlsx casa + Anexos I (reconciliar-fonte-operacional.mjs);correto;;peça cadastrada no go-live sem maleta somada
105297;Brinco Fio Cravejado e Coração Banho de Ouro 18k;3;3;0;0;0;3;3;0;0;;0;entrada go-live 3;2026-09-26;Estoque (1).xlsx casa + Anexos I (reconciliar-fonte-operacional.mjs);correto;;peça cadastrada no go-live sem maleta somada
105988;Trio Coração, Esfera e Ponto de Luz Banho de Ouro 18k;6;3;3;1;2;3;3;3;0;3;-3;ajuste importacao 26/09 +3;2026-09-26;Estoque (1).xlsx casa + Anexos I (reconciliar-fonte-operacional.mjs);comprovadamente errada;;"planilha 3 = total do sistema antes do go-live; ajuste +3 = peças em maleta (#15: 1, #16–18: 2). Corrigir -3."
108683;Brinco Gota com Detalhes Banho de Ouro 18k;5;3;2;1;1;3;3;2;0;3;-2;ajuste importacao 26/09 +2;2026-09-26;Estoque (1).xlsx casa + Anexos I (reconciliar-fonte-operacional.mjs);comprovadamente errada;;"planilha 3 = total do sistema antes do go-live; ajuste +2 = peças em maleta (#15: 1, #16–18: 1). Corrigir -2."
109435;Brinco Fita Torcida Banho de Ouro 18k;3;3;0;0;0;3;3;0;0;;0;entrada go-live 3;2026-09-26;Estoque (1).xlsx casa + Anexos I (reconciliar-fonte-operacional.mjs);correto;;peça cadastrada no go-live sem maleta somada
109994;Argola Quadrada com Zircônias Banho de Ouro;2;0;2;0;2;2;2;2;-2;;0;ajuste importacao 26/09 +2;2026-09-26;Estoque (1).xlsx casa + Anexos I (reconciliar-fonte-operacional.mjs);correto;;já corrigido em 28/09
110196;Brinco Cruz  Zircônias Incolor Banho de Ouro 18k;1;0;1;0;1;1;1;1;-1;;0;ajuste importacao 26/09 +1;2026-09-26;Estoque (1).xlsx casa + Anexos I (reconciliar-fonte-operacional.mjs);correto;;já corrigido em 28/09
110250;Brinco Ponto de Luz Rosa Banho de Ouro 18k;4;3;1;0;1;4;4;1;-1;;0;ajuste importacao 26/09 +1;2026-09-26;Estoque (1).xlsx casa + Anexos I (reconciliar-fonte-operacional.mjs);correto;;já corrigido em 28/09
110323;Argola Ponto de Luz Rosa Banho de Prata;2;2;0;0;0;2;2;0;0;;0;entrada go-live 2;2026-09-26;Estoque (1).xlsx casa + Anexos I (reconciliar-fonte-operacional.mjs);correto;;peça cadastrada no go-live sem maleta somada
110324;Argola Ponto de Luz Rosa Banho de Ouro 18k;3;3;0;0;0;3;3;0;0;;0;entrada go-live 3;2026-09-26;Estoque (1).xlsx casa + Anexos I (reconciliar-fonte-operacional.mjs);correto;;peça cadastrada no go-live sem maleta somada
110417;Brinco Coração Cravejado Zirconias Incolores Banho de Ouro 18k;2;1;1;0;1;2;2;1;-1;;0;ajuste importacao 26/09 +1;2026-09-26;Estoque (1).xlsx casa + Anexos I (reconciliar-fonte-operacional.mjs);correto;;já corrigido em 28/09
110762;Brinco Pizza Cravejado Banho de Prata;1;0;1;0;1;1;1;1;-1;;0;ajuste importacao 26/09 +1;2026-09-26;Estoque (1).xlsx casa + Anexos I (reconciliar-fonte-operacional.mjs);correto;;já corrigido em 28/09
110763;Brinco Pizza Cravejado Banho de Ouro 18k;1;0;1;0;1;1;1;1;-1;;0;ajuste importacao 26/09 +1;2026-09-26;Estoque (1).xlsx casa + Anexos I (reconciliar-fonte-operacional.mjs);correto;;já corrigido em 28/09
111650;Argola Oval Média Cravejada Cristal Banho de Ouro 18k;1;0;1;0;1;1;1;1;-1;;0;ajuste importacao 26/09 +1;2026-09-26;Estoque (1).xlsx casa + Anexos I (reconciliar-fonte-operacional.mjs);correto;;já corrigido em 28/09
111724;Brinco Retangular Banho de Prata;1;1;0;0;0;1;1;0;0;;0;entrada go-live 1;2026-09-26;Estoque (1).xlsx casa + Anexos I (reconciliar-fonte-operacional.mjs);correto;;peça cadastrada no go-live sem maleta somada
111725;Brinco Retangular Banho de Ouro 18k;3;3;0;0;0;1;3;2;0;;0;ajuste importacao 26/09 +2;2026-09-26;Estoque (1).xlsx casa + Anexos I (reconciliar-fonte-operacional.mjs);inconclusivo;;"ajuste da planilha sem peça em maleta (planilha 3, total antes 1). Não é contagem dupla; conferir no inventário."
113626;Brinco Três Linhas Detalhe Zircônias Banho de Ouro 18k;2;1;1;1;0;1;1;1;0;1;-1;ajuste importacao 26/09 +1;2026-09-26;Estoque (1).xlsx casa + Anexos I (reconciliar-fonte-operacional.mjs);comprovadamente errada;;"planilha 1 = total do sistema antes do go-live; ajuste +1 = peças em maleta (#15: 1, #16–18: 0). Corrigir -1."
114110;Argola Articulada Lisa Banho de Prata;2;2;0;0;0;2;2;0;0;;0;entrada go-live 2;2026-09-26;Estoque (1).xlsx casa + Anexos I (reconciliar-fonte-operacional.mjs);correto;;peça cadastrada no go-live sem maleta somada
114111;Argola Articulada Lisa Banho de Ouro 18k;3;3;0;0;0;3;3;0;0;;0;entrada go-live 3;2026-09-26;Estoque (1).xlsx casa + Anexos I (reconciliar-fonte-operacional.mjs);correto;;peça cadastrada no go-live sem maleta somada
114596;Argola Três Linhas Cravejadas Banho de Prata;6;4;2;0;2;6;6;2;-2;;0;ajuste importacao 26/09 +2;2026-09-26;Estoque (1).xlsx casa + Anexos I (reconciliar-fonte-operacional.mjs);correto;;já corrigido em 28/09
114998;Brinco Curvado Liso Banho de Ouro 18k;4;2;2;1;1;2;2;2;0;2;-2;ajuste importacao 26/09 +2;2026-09-26;Estoque (1).xlsx casa + Anexos I (reconciliar-fonte-operacional.mjs);comprovadamente errada;;"planilha 2 = total do sistema antes do go-live; ajuste +2 = peças em maleta (#15: 1, #16–18: 1). Corrigir -2."
115888;Brinco Esfera e Ninho Liso Banho de Ouro 18k;1;0;1;0;1;1;1;1;-1;;0;ajuste importacao 26/09 +1;2026-09-26;Estoque (1).xlsx casa + Anexos I (reconciliar-fonte-operacional.mjs);correto;;já corrigido em 28/09
116876;Brinco Ponto de Luz Grande Banho de Ouro 18k;0;0;0;0;0;1;;-1;0;;0;ajuste importacao 26/09 -1;2026-09-26;Estoque (1).xlsx casa + Anexos I (reconciliar-fonte-operacional.mjs);inconclusivo;;"ajuste da planilha sem peça em maleta (planilha —, total antes 1). Não é contagem dupla; conferir no inventário."
117144;Binco Coração com Franjas Lisas Banho de Ouro 18k;6;4;2;1;1;4;4;2;0;4;-2;ajuste importacao 26/09 +2;2026-09-26;Estoque (1).xlsx casa + Anexos I (reconciliar-fonte-operacional.mjs);comprovadamente errada;;"planilha 4 = total do sistema antes do go-live; ajuste +2 = peças em maleta (#15: 1, #16–18: 1). Corrigir -2."
117164;Brinco Orgânico Abaulado Banho de Ouro 18k;3;3;0;0;0;3;3;0;0;;0;entrada go-live 3;2026-09-26;Estoque (1).xlsx casa + Anexos I (reconciliar-fonte-operacional.mjs);correto;;peça cadastrada no go-live sem maleta somada
117619;Trio Gotinha, Esfera e Ponto de Luz Banho de Ouro 18k;2;1;1;1;0;1;1;1;0;1;-1;ajuste importacao 26/09 +1;2026-09-26;Estoque (1).xlsx casa + Anexos I (reconciliar-fonte-operacional.mjs);comprovadamente errada;;"planilha 1 = total do sistema antes do go-live; ajuste +1 = peças em maleta (#15: 1, #16–18: 0). Corrigir -1."
118348;Trio Circulo Vazado, Ponto de Luz e Esfera Banho de Ouro 18k;1;0;1;0;1;1;1;1;-1;;0;ajuste importacao 26/09 +1;2026-09-26;Estoque (1).xlsx casa + Anexos I (reconciliar-fonte-operacional.mjs);correto;;já corrigido em 28/09
119099;Brincos Pontos de Luz Grande Verde Banho de Ouro;1;0;1;0;1;1;1;1;-1;;0;ajuste importacao 26/09 +1;2026-09-26;Estoque (1).xlsx casa + Anexos I (reconciliar-fonte-operacional.mjs);correto;;já corrigido em 28/09
119458;Argolas Finas 15mm Banho de Ouro 18k;3;1;2;0;2;3;3;2;-2;;0;ajuste importacao 26/09 +2;2026-09-26;Estoque (1).xlsx casa + Anexos I (reconciliar-fonte-operacional.mjs);correto;;já corrigido em 28/09
119556;Brinco Rosa Banho de Ouro 18k;7;5;2;1;1;5;5;2;0;5;-2;ajuste importacao 26/09 +2;2026-09-26;Estoque (1).xlsx casa + Anexos I (reconciliar-fonte-operacional.mjs);comprovadamente errada;;"planilha 5 = total do sistema antes do go-live; ajuste +2 = peças em maleta (#15: 1, #16–18: 1). Corrigir -2."
119918;Brinco Triângulo Texturizada Banho de Ouro 18k;2;1;1;0;1;2;2;1;-1;;0;ajuste importacao 26/09 +1;2026-09-26;Estoque (1).xlsx casa + Anexos I (reconciliar-fonte-operacional.mjs);correto;;já corrigido em 28/09
119920;Brinco Meia Argola Abaulado Banho de Ouro 18k;3;3;0;0;0;3;3;0;0;;0;entrada go-live 3;2026-09-26;Estoque (1).xlsx casa + Anexos I (reconciliar-fonte-operacional.mjs);correto;;peça cadastrada no go-live sem maleta somada
120029;Brinco Pérola Lisa 10mm Banho de Ouro 18k;2;1;1;0;1;2;2;1;-1;;0;ajuste importacao 26/09 +1;2026-09-26;Estoque (1).xlsx casa + Anexos I (reconciliar-fonte-operacional.mjs);correto;;já corrigido em 28/09
120591;Brinco Círculo Aberto Liso Banho de Ouro 18k;1;1;0;0;0;1;1;0;0;;0;entrada go-live 1;2026-09-26;Estoque (1).xlsx casa + Anexos I (reconciliar-fonte-operacional.mjs);correto;;peça cadastrada no go-live sem maleta somada
120592;Brinco Círculo Aberto Liso Banho de Ouro 18k;4;4;0;0;0;4;4;0;0;;0;entrada go-live 4;2026-09-26;Estoque (1).xlsx casa + Anexos I (reconciliar-fonte-operacional.mjs);correto;;peça cadastrada no go-live sem maleta somada
121043;Brinco Coração Texturizado Vazado Banho de Ouro 18k;6;3;3;1;2;3;3;3;0;3;-3;ajuste importacao 26/09 +3;2026-09-26;Estoque (1).xlsx casa + Anexos I (reconciliar-fonte-operacional.mjs);comprovadamente errada;;"planilha 3 = total do sistema antes do go-live; ajuste +3 = peças em maleta (#15: 1, #16–18: 2). Corrigir -3."
121578;Brinco Infantil Pérola Banho de Ouro 18k;5;5;0;0;0;5;5;0;0;;0;entrada go-live 5;2026-09-26;Estoque (1).xlsx casa + Anexos I (reconciliar-fonte-operacional.mjs);correto;;peça cadastrada no go-live sem maleta somada
121589;Brinco Oval Liso Banho de Prata;2;2;0;0;0;2;2;0;0;;0;entrada go-live 2;2026-09-26;Estoque (1).xlsx casa + Anexos I (reconciliar-fonte-operacional.mjs);correto;;peça cadastrada no go-live sem maleta somada
121590;Brinco Oval Liso Banho de Ouro 18k;3;3;0;0;0;3;3;0;0;;0;entrada go-live 3;2026-09-26;Estoque (1).xlsx casa + Anexos I (reconciliar-fonte-operacional.mjs);correto;;peça cadastrada no go-live sem maleta somada
122060;Brinco Ponto de Luz Médio Banho de Ouro 18k;5;4;1;1;0;4;4;1;0;4;-1;ajuste importacao 26/09 +1;2026-09-26;Estoque (1).xlsx casa + Anexos I (reconciliar-fonte-operacional.mjs);comprovadamente errada;;"planilha 4 = total do sistema antes do go-live; ajuste +1 = peças em maleta (#15: 1, #16–18: 0). Corrigir -1."
122294;Argola Flor Pequena Cravejada Banho de Ouro 18k;1;0;1;0;1;1;1;1;-1;;0;ajuste importacao 26/09 +1;2026-09-26;Estoque (1).xlsx casa + Anexos I (reconciliar-fonte-operacional.mjs);correto;;já corrigido em 28/09
122375;Brinco Gota Incolor Cravação Inglesa Banho de Ouro 18k;4;3;1;1;0;3;3;1;0;3;-1;ajuste importacao 26/09 +1;2026-09-26;Estoque (1).xlsx casa + Anexos I (reconciliar-fonte-operacional.mjs);comprovadamente errada;;"planilha 3 = total do sistema antes do go-live; ajuste +1 = peças em maleta (#15: 1, #16–18: 0). Corrigir -1."
122809;Brinco Infantil Quadrado Colorido Banho de Ouro 18k;6;5;1;0;1;6;6;1;-1;;0;ajuste importacao 26/09 +1;2026-09-26;Estoque (1).xlsx casa + Anexos I (reconciliar-fonte-operacional.mjs);correto;;já corrigido em 28/09
123184;Argola Cravejado Grande Banho de Ouro 18k;4;2;2;0;2;4;4;2;-2;;0;ajuste importacao 26/09 +2;2026-09-26;Estoque (1).xlsx casa + Anexos I (reconciliar-fonte-operacional.mjs);correto;;já corrigido em 28/09
123899;Argola Cravejado Pequena Banho de Ouro 18k;6;5;1;1;0;5;5;1;0;5;-1;ajuste importacao 26/09 +1;2026-09-26;Estoque (1).xlsx casa + Anexos I (reconciliar-fonte-operacional.mjs);comprovadamente errada;;"planilha 5 = total do sistema antes do go-live; ajuste +1 = peças em maleta (#15: 1, #16–18: 0). Corrigir -1."
125443;Brinco Argola Dois Fios Banho de Ouro 18k;3;1;2;0;2;3;3;2;-2;;0;ajuste importacao 26/09 +2;2026-09-26;Estoque (1).xlsx casa + Anexos I (reconciliar-fonte-operacional.mjs);correto;;já corrigido em 28/09
126066;Brinco Uva Zircônia Roxa Banho de Prata;2;1;1;0;1;2;2;1;-1;;0;ajuste importacao 26/09 +1;2026-09-26;Estoque (1).xlsx casa + Anexos I (reconciliar-fonte-operacional.mjs);correto;;já corrigido em 28/09
126067;Brinco Uva Zircônia Roxa Banho de Ouro 18k;12;10;2;1;1;10;10;2;0;10;-2;ajuste importacao 26/09 +2;2026-09-26;Estoque (1).xlsx casa + Anexos I (reconciliar-fonte-operacional.mjs);comprovadamente errada;;"planilha 10 = total do sistema antes do go-live; ajuste +2 = peças em maleta (#15: 1, #16–18: 1). Corrigir -2."
126711;Brinco Coração Metade Liso e Metade Cravejado Banho de Ouro 18k;5;3;2;1;1;3;3;2;0;3;-2;ajuste importacao 26/09 +2;2026-09-26;Estoque (1).xlsx casa + Anexos I (reconciliar-fonte-operacional.mjs);comprovadamente errada;;"planilha 3 = total do sistema antes do go-live; ajuste +2 = peças em maleta (#15: 1, #16–18: 1). Corrigir -2."
126745;Argola Pingente Coração Cravejado Banho de Ouro 18k;3;2;1;0;1;3;3;1;-1;;0;ajuste importacao 26/09 +1;2026-09-26;Estoque (1).xlsx casa + Anexos I (reconciliar-fonte-operacional.mjs);correto;;já corrigido em 28/09
127513;Brinco Palito Ponta de Esfera Banho de Ouro 18k;5;3;2;0;2;3;3;2;0;3;-2;ajuste importacao 26/09 +2;2026-09-26;Estoque (1).xlsx casa + Anexos I (reconciliar-fonte-operacional.mjs);comprovadamente errada;a Sthefany tem 3: 1 em casa + 2 com revendedoras (28/09/2026);"planilha 3 = total do sistema antes do go-live; ajuste +2 = peças em maleta (#15: 0, #16–18: 2). Corrigir -2."
127760;Argola Orgânica Média Banho de Ouro 18k;3;2;1;0;1;3;3;1;-1;;0;ajuste importacao 26/09 +1;2026-09-26;Estoque (1).xlsx casa + Anexos I (reconciliar-fonte-operacional.mjs);correto;;já corrigido em 28/09
127761;Argola Orgânica Grande Banho de Ouro 18k;4;3;1;1;0;3;3;1;0;3;-1;ajuste importacao 26/09 +1;2026-09-26;Estoque (1).xlsx casa + Anexos I (reconciliar-fonte-operacional.mjs);comprovadamente errada;;"planilha 3 = total do sistema antes do go-live; ajuste +1 = peças em maleta (#15: 1, #16–18: 0). Corrigir -1."
128366;Dupla de Argolas Hexagonal Lisa Banho de Ouro 18k;1;0;1;0;1;1;1;1;-1;;0;ajuste importacao 26/09 +1;2026-09-26;Estoque (1).xlsx casa + Anexos I (reconciliar-fonte-operacional.mjs);correto;;já corrigido em 28/09
129436;Brinco Quadrado com Zircônia Central Banho de Prata;1;1;0;0;0;1;1;0;0;;0;entrada go-live 1;2026-09-26;Estoque (1).xlsx casa + Anexos I (reconciliar-fonte-operacional.mjs);correto;;peça cadastrada no go-live sem maleta somada
129437;Brinco Quadrado com Zircônia Central Banho de Ouro 18k;4;3;1;0;1;1;3;3;0;;0;ajuste importacao 26/09 +3;2026-09-26;Estoque (1).xlsx casa + Anexos I (reconciliar-fonte-operacional.mjs);inconclusivo;;planilha 3, total antes 1, maleta 1: a diferença não é só a maleta. Contar no inventário.
130010;Brinco Duo Ear Line Argolas Cravejadas Banho de Prata;2;2;0;0;0;2;2;0;0;;0;entrada go-live 2;2026-09-26;Estoque (1).xlsx casa + Anexos I (reconciliar-fonte-operacional.mjs);correto;;peça cadastrada no go-live sem maleta somada
130011;Brinco Duo Ear Line Argolas Cravejadas Banho de Ouro 18k;3;3;0;0;0;3;3;0;0;;0;entrada go-live 3;2026-09-26;Estoque (1).xlsx casa + Anexos I (reconciliar-fonte-operacional.mjs);correto;;peça cadastrada no go-live sem maleta somada
131650;Brinco Orgânico Vazado Banho de Ouro 18k;3;3;0;0;0;3;3;0;0;;0;entrada go-live 3;2026-09-26;Estoque (1).xlsx casa + Anexos I (reconciliar-fonte-operacional.mjs);correto;;peça cadastrada no go-live sem maleta somada
132049;Brinco Ninho Orgânic Banho de Ouro 18k;2;1;1;1;0;1;1;1;0;1;-1;ajuste importacao 26/09 +1;2026-09-26;Estoque (1).xlsx casa + Anexos I (reconciliar-fonte-operacional.mjs);comprovadamente errada;;"planilha 1 = total do sistema antes do go-live; ajuste +1 = peças em maleta (#15: 1, #16–18: 0). Corrigir -1."
132721;Brinco Infantil Libélula e Zircônia Colorida Banho de Ouro 18k;5;4;1;1;0;4;4;1;0;4;-1;ajuste importacao 26/09 +1;2026-09-26;Estoque (1).xlsx casa + Anexos I (reconciliar-fonte-operacional.mjs);comprovadamente errada;;"planilha 4 = total do sistema antes do go-live; ajuste +1 = peças em maleta (#15: 1, #16–18: 0). Corrigir -1."
132813;Brinco Argola Triangular Ondulada Banho de Ouro 18k;3;3;0;0;0;3;3;0;0;;0;entrada go-live 3;2026-09-26;Estoque (1).xlsx casa + Anexos I (reconciliar-fonte-operacional.mjs);correto;;peça cadastrada no go-live sem maleta somada
132944;Argola Média Cravejada Banho de Ouro 18k;1;0;1;0;1;1;1;1;-1;;0;ajuste importacao 26/09 +1;2026-09-26;Estoque (1).xlsx casa + Anexos I (reconciliar-fonte-operacional.mjs);correto;;já corrigido em 28/09
132960;Brinco Coração Texturizado Banho de Prata;1;1;0;0;0;1;1;0;0;;0;entrada go-live 1;2026-09-26;Estoque (1).xlsx casa + Anexos I (reconciliar-fonte-operacional.mjs);correto;;peça cadastrada no go-live sem maleta somada
132961;Brinco Coração Texturizado Banho de Ouro 18k;4;4;0;0;0;4;4;0;0;;0;entrada go-live 4;2026-09-26;Estoque (1).xlsx casa + Anexos I (reconciliar-fonte-operacional.mjs);correto;;peça cadastrada no go-live sem maleta somada
133316;Brinco Orgânico Meia Lua Banho de Ouro 18k;3;3;0;0;0;3;3;0;0;;0;entrada go-live 3;2026-09-26;Estoque (1).xlsx casa + Anexos I (reconciliar-fonte-operacional.mjs);correto;;peça cadastrada no go-live sem maleta somada
133374;Argola Gota Cristal Banho de Prata;2;2;0;0;0;2;2;0;0;;0;entrada go-live 2;2026-09-26;Estoque (1).xlsx casa + Anexos I (reconciliar-fonte-operacional.mjs);correto;;peça cadastrada no go-live sem maleta somada
133375;Argola Gota Cristal Banho de Ouro 18k;3;3;0;0;0;3;3;0;0;;0;entrada go-live 3;2026-09-26;Estoque (1).xlsx casa + Anexos I (reconciliar-fonte-operacional.mjs);correto;;peça cadastrada no go-live sem maleta somada
133530;Brinco Aspiral Chapa Banho de Ouro 18k;7;5;2;0;2;2;5;5;0;;0;ajuste importacao 26/09 +5;2026-09-26;Estoque (1).xlsx casa + Anexos I (reconciliar-fonte-operacional.mjs);inconclusivo;;planilha 5, total antes 2, maleta 2: a diferença não é só a maleta. Contar no inventário.
133876;Brinco Pendurado Gota Vazada Banho de Ouro 18k;5;3;2;1;1;3;3;2;0;3;-2;ajuste importacao 26/09 +2;2026-09-26;Estoque (1).xlsx casa + Anexos I (reconciliar-fonte-operacional.mjs);comprovadamente errada;;"planilha 3 = total do sistema antes do go-live; ajuste +2 = peças em maleta (#15: 1, #16–18: 1). Corrigir -2."
134034;Trio Triângulo, Esfera e Ponto de Luz Banho de Ouro 18k;2;1;1;0;1;2;2;1;-1;;0;ajuste importacao 26/09 +1;2026-09-26;Estoque (1).xlsx casa + Anexos I (reconciliar-fonte-operacional.mjs);correto;;já corrigido em 28/09
135564;Brinco Folha Texturizada Banho de Ouro 18k;3;3;0;0;0;3;3;0;0;;0;entrada go-live 3;2026-09-26;Estoque (1).xlsx casa + Anexos I (reconciliar-fonte-operacional.mjs);correto;;peça cadastrada no go-live sem maleta somada
135914;Brinco Meia Argola Zircônias Coloridas Banho de Ouro 18k;6;6;0;0;0;6;6;0;0;;0;entrada go-live 6;2026-09-26;Estoque (1).xlsx casa + Anexos I (reconciliar-fonte-operacional.mjs);correto;;peça cadastrada no go-live sem maleta somada
136013;Argola Coração Cristal G Banho de Ouro 18k;1;0;1;0;1;1;1;1;-1;;0;ajuste importacao 26/09 +1;2026-09-26;Estoque (1).xlsx casa + Anexos I (reconciliar-fonte-operacional.mjs);correto;;já corrigido em 28/09
138098;Brinco Ninho Liso Banho de Prata;1;1;0;0;0;1;1;0;0;;0;entrada go-live 1;2026-09-26;Estoque (1).xlsx casa + Anexos I (reconciliar-fonte-operacional.mjs);correto;;peça cadastrada no go-live sem maleta somada
138099;Brinco Ninho Liso Banho de Ouro 18k;4;4;0;0;0;4;4;0;0;;0;entrada go-live 4;2026-09-26;Estoque (1).xlsx casa + Anexos I (reconciliar-fonte-operacional.mjs);correto;;peça cadastrada no go-live sem maleta somada
138290;Trio de Brinco Calda, Estrela e Concha Banho de Prata;2;2;0;0;0;2;2;0;0;;0;entrada go-live 2;2026-09-26;Estoque (1).xlsx casa + Anexos I (reconciliar-fonte-operacional.mjs);correto;;peça cadastrada no go-live sem maleta somada
138909;Argola Pequena com Zircônia Pendurada Banho de Ouro 18k;5;4;1;0;1;1;4;4;0;;0;ajuste importacao 26/09 +4;2026-09-26;Estoque (1).xlsx casa + Anexos I (reconciliar-fonte-operacional.mjs);inconclusivo;;planilha 4, total antes 1, maleta 1: a diferença não é só a maleta. Contar no inventário.
139677;Brinco Circulo Orgânico Grande Banho de Prata;1;1;0;0;0;1;1;0;0;;0;entrada go-live 1;2026-09-26;Estoque (1).xlsx casa + Anexos I (reconciliar-fonte-operacional.mjs);correto;;peça cadastrada no go-live sem maleta somada
139678;Brinco Circulo Orgânico Grande Banho de Ouro 18k;2;2;0;0;0;2;2;0;0;;0;entrada go-live 2;2026-09-26;Estoque (1).xlsx casa + Anexos I (reconciliar-fonte-operacional.mjs);correto;;peça cadastrada no go-live sem maleta somada
139984;Dupla de Brincos de Esfera Banho de Ouro 18k;2;1;1;0;1;2;2;1;-1;;0;ajuste importacao 26/09 +1;2026-09-26;Estoque (1).xlsx casa + Anexos I (reconciliar-fonte-operacional.mjs);correto;;já corrigido em 28/09
140091;Argola com Pingente de Pérola Banho de Ouro 18k;3;3;0;0;0;3;3;0;0;;0;entrada go-live 3;2026-09-26;Estoque (1).xlsx casa + Anexos I (reconciliar-fonte-operacional.mjs);correto;;peça cadastrada no go-live sem maleta somada
140527;Argola Média Lisa com Coração Banho de Ouro 18k;4;2;2;1;1;2;2;2;0;2;-2;ajuste importacao 26/09 +2;2026-09-26;Estoque (1).xlsx casa + Anexos I (reconciliar-fonte-operacional.mjs);comprovadamente errada;;"planilha 2 = total do sistema antes do go-live; ajuste +2 = peças em maleta (#15: 1, #16–18: 1). Corrigir -2."
142295;Brinco Bola Lisa Banho de Ouro 18k;3;2;1;0;1;3;3;1;-1;;0;ajuste importacao 26/09 +1;2026-09-26;Estoque (1).xlsx casa + Anexos I (reconciliar-fonte-operacional.mjs);correto;;já corrigido em 28/09
142889;Argola Triangular Lisa Banho de Ouro 18k;2;1;1;0;1;2;2;1;-1;;0;ajuste importacao 26/09 +1;2026-09-26;Estoque (1).xlsx casa + Anexos I (reconciliar-fonte-operacional.mjs);correto;;já corrigido em 28/09
143231;Brinco Corrente Orgânica Articulada Banho de Ouro 18k;3;3;0;0;0;3;3;0;0;;0;entrada go-live 3;2026-09-26;Estoque (1).xlsx casa + Anexos I (reconciliar-fonte-operacional.mjs);correto;;peça cadastrada no go-live sem maleta somada
143901;Brinco Ear Cuff Folha Banho de Prata;2;1;1;1;0;1;1;1;0;1;-1;ajuste importacao 26/09 +1;2026-09-26;Estoque (1).xlsx casa + Anexos I (reconciliar-fonte-operacional.mjs);comprovadamente errada;;"planilha 1 = total do sistema antes do go-live; ajuste +1 = peças em maleta (#15: 1, #16–18: 0). Corrigir -1."
143902;Brinco Ear Cuff Folha Banho de Ouro 18k;3;2;1;0;1;3;3;1;-1;;0;ajuste importacao 26/09 +1;2026-09-26;Estoque (1).xlsx casa + Anexos I (reconciliar-fonte-operacional.mjs);correto;;já corrigido em 28/09
144312;Brinco Fio com Esfera e Zircônia Banho de Ouro 18k;2;2;0;0;0;2;2;0;0;;0;entrada go-live 2;2026-09-26;Estoque (1).xlsx casa + Anexos I (reconciliar-fonte-operacional.mjs);correto;;peça cadastrada no go-live sem maleta somada
144953;Brinco Argola Coração Cravejado Zircônias Banho de Ouro 18k;3;2;1;1;0;2;2;1;0;2;-1;ajuste importacao 26/09 +1;2026-09-26;Estoque (1).xlsx casa + Anexos I (reconciliar-fonte-operacional.mjs);comprovadamente errada;;"planilha 2 = total do sistema antes do go-live; ajuste +1 = peças em maleta (#15: 1, #16–18: 0). Corrigir -1."
146187;Brinco Orgânico Média Banho de Prata;3;2;1;1;0;2;2;1;0;2;-1;ajuste importacao 26/09 +1;2026-09-26;Estoque (1).xlsx casa + Anexos I (reconciliar-fonte-operacional.mjs);comprovadamente errada;;"planilha 2 = total do sistema antes do go-live; ajuste +1 = peças em maleta (#15: 1, #16–18: 0). Corrigir -1."
147631;Brinco Morango Zircônia Banho de Prata;2;1;1;0;1;2;2;1;-1;;0;ajuste importacao 26/09 +1;2026-09-26;Estoque (1).xlsx casa + Anexos I (reconciliar-fonte-operacional.mjs);correto;;já corrigido em 28/09
147632;Brinco Morango Zircônia Banho de Ouro 18k;8;7;1;1;0;7;7;1;0;7;-1;ajuste importacao 26/09 +1;2026-09-26;Estoque (1).xlsx casa + Anexos I (reconciliar-fonte-operacional.mjs);comprovadamente errada;;"planilha 7 = total do sistema antes do go-live; ajuste +1 = peças em maleta (#15: 1, #16–18: 0). Corrigir -1."
147758;Argola Coração Cravejado Grande Banho de Ouro 18k;6;4;2;0;2;6;6;2;-2;;0;ajuste importacao 26/09 +2;2026-09-26;Estoque (1).xlsx casa + Anexos I (reconciliar-fonte-operacional.mjs);correto;;já corrigido em 28/09
147965;Argola Lisa Banho de Ouro 18k;4;2;2;1;1;2;2;2;0;2;-2;ajuste importacao 26/09 +2;2026-09-26;Estoque (1).xlsx casa + Anexos I (reconciliar-fonte-operacional.mjs);comprovadamente errada;;"planilha 2 = total do sistema antes do go-live; ajuste +2 = peças em maleta (#15: 1, #16–18: 1). Corrigir -2."
148019;Dupla de Argolas Ovais Banho de Ouro 18k;1;0;1;0;1;1;1;1;-1;;0;ajuste importacao 26/09 +1;2026-09-26;Estoque (1).xlsx casa + Anexos I (reconciliar-fonte-operacional.mjs);correto;;já corrigido em 28/09
148564;Brinco Coração Preto Banho de Ouro 18k;1;0;1;0;1;1;1;1;-1;;0;ajuste importacao 26/09 +1;2026-09-26;Estoque (1).xlsx casa + Anexos I (reconciliar-fonte-operacional.mjs);correto;;já corrigido em 28/09
149014;Brinco Esfera Texturizada e Lisa Banho de Ouro 18k e Prata;1;0;1;0;1;1;1;1;-1;;0;ajuste importacao 26/09 +1;2026-09-26;Estoque (1).xlsx casa + Anexos I (reconciliar-fonte-operacional.mjs);correto;;já corrigido em 28/09
149015;Brinco Esfera Texturizada e Lisa Banho de Ouro 18k;4;2;2;1;1;2;2;2;0;2;-2;ajuste importacao 26/09 +2;2026-09-26;Estoque (1).xlsx casa + Anexos I (reconciliar-fonte-operacional.mjs);comprovadamente errada;;"planilha 2 = total do sistema antes do go-live; ajuste +2 = peças em maleta (#15: 1, #16–18: 1). Corrigir -2."
149143;Argola Cinco Linhas Cravejadas Banho de Prata;16;12;4;1;3;12;12;4;0;12;-4;ajuste importacao 26/09 +4;2026-09-26;Estoque (1).xlsx casa + Anexos I (reconciliar-fonte-operacional.mjs);comprovadamente errada;;"planilha 12 = total do sistema antes do go-live; ajuste +4 = peças em maleta (#15: 1, #16–18: 3). Corrigir -4."
150163;Brincos Pontos de Luz Grande Rosa Banho de Ouro;3;1;2;0;2;3;3;2;-2;;0;ajuste importacao 26/09 +2;2026-09-26;Estoque (1).xlsx casa + Anexos I (reconciliar-fonte-operacional.mjs);correto;;já corrigido em 28/09
151352;Brinco Design Orgânico Abstrato Banho de Ouro 18k;2;2;0;0;0;2;2;0;0;;0;entrada go-live 2;2026-09-26;Estoque (1).xlsx casa + Anexos I (reconciliar-fonte-operacional.mjs);correto;;peça cadastrada no go-live sem maleta somada
151449;Argola Gota Orgânica Pequena Banho de Ouro 18k;1;0;1;0;1;1;1;1;-1;;0;ajuste importacao 26/09 +1;2026-09-26;Estoque (1).xlsx casa + Anexos I (reconciliar-fonte-operacional.mjs);correto;;já corrigido em 28/09
151524;Brinco Ear Hook Linhas Lisas Banho de Ouro 18k;2;1;1;1;0;1;1;1;0;1;-1;ajuste importacao 26/09 +1;2026-09-26;Estoque (1).xlsx casa + Anexos I (reconciliar-fonte-operacional.mjs);comprovadamente errada;;"planilha 1 = total do sistema antes do go-live; ajuste +1 = peças em maleta (#15: 1, #16–18: 0). Corrigir -1."
151937;Brinco Coração Orgânico Vazado Banho de Ouro 18k;3;3;0;0;0;3;3;0;0;;0;entrada go-live 3;2026-09-26;Estoque (1).xlsx casa + Anexos I (reconciliar-fonte-operacional.mjs);correto;;peça cadastrada no go-live sem maleta somada
152178;Brinco Esfera Lisa e Fosca Banho de Ouro 18k;2;2;0;0;0;2;2;0;0;;0;entrada go-live 2;2026-09-26;Estoque (1).xlsx casa + Anexos I (reconciliar-fonte-operacional.mjs);correto;;peça cadastrada no go-live sem maleta somada
152186;Dupla de Argolas Três Linhas Cravejadas Banho de Prata;6;3;3;1;2;3;3;3;0;3;-3;ajuste importacao 26/09 +3;2026-09-26;Estoque (1).xlsx casa + Anexos I (reconciliar-fonte-operacional.mjs);comprovadamente errada;;"planilha 3 = total do sistema antes do go-live; ajuste +3 = peças em maleta (#15: 1, #16–18: 2). Corrigir -3."
152261;Brinco Coração Vazado com Pérola Banho de Ouro 18k;3;1;2;0;2;3;3;2;-2;;0;ajuste importacao 26/09 +2;2026-09-26;Estoque (1).xlsx casa + Anexos I (reconciliar-fonte-operacional.mjs);correto;;já corrigido em 28/09
154906;Brinco Redondo Perolado Banho de Prata;2;0;2;0;2;2;2;2;-2;;0;ajuste importacao 26/09 +2;2026-09-26;Estoque (1).xlsx casa + Anexos I (reconciliar-fonte-operacional.mjs);correto;;já corrigido em 28/09
154907;Brinco Redondo Perolado Banho de Ouro 18k;11;9;2;1;1;9;9;2;0;9;-2;ajuste importacao 26/09 +2;2026-09-26;Estoque (1).xlsx casa + Anexos I (reconciliar-fonte-operacional.mjs);comprovadamente errada;;"planilha 9 = total do sistema antes do go-live; ajuste +2 = peças em maleta (#15: 1, #16–18: 1). Corrigir -2."
154963;Dupla Argola Torcida Lisa e Ponto de Luz Banho de Ouro 18k;5;4;1;0;1;6;6;1;-1;;0;ajuste importacao 26/09 +1;2026-09-26;Estoque (1).xlsx casa + Anexos I (reconciliar-fonte-operacional.mjs);correto;;já corrigido em 28/09
155147;Dupla de Argolas de Corações Cravejados Média e Grande Banho de Ouro 18k;6;4;2;0;2;6;6;2;-2;;0;ajuste importacao 26/09 +2;2026-09-26;Estoque (1).xlsx casa + Anexos I (reconciliar-fonte-operacional.mjs);correto;;já corrigido em 28/09
155148;Dupla de Argolas de Corações Cravejados Pequena e Média Banho de Ouro 18k;5;3;2;0;2;5;5;2;-2;;0;ajuste importacao 26/09 +2;2026-09-26;Estoque (1).xlsx casa + Anexos I (reconciliar-fonte-operacional.mjs);correto;;já corrigido em 28/09
155256;Brinco Triangular Abaulado Liso Banho de Ouro 18k;3;3;0;0;0;3;3;0;0;;0;entrada go-live 3;2026-09-26;Estoque (1).xlsx casa + Anexos I (reconciliar-fonte-operacional.mjs);correto;;peça cadastrada no go-live sem maleta somada
155548;Brinco Borboletas Cravejado Banho de Prata;1;0;1;0;1;1;1;1;-1;;0;ajuste importacao 26/09 +1;2026-09-26;Estoque (1).xlsx casa + Anexos I (reconciliar-fonte-operacional.mjs);correto;;já corrigido em 28/09
155602;Brinco Circulo Cravejado Banho de Ouro 18k;1;0;1;0;1;1;1;1;-1;;0;ajuste importacao 26/09 +1;2026-09-26;Estoque (1).xlsx casa + Anexos I (reconciliar-fonte-operacional.mjs);correto;;já corrigido em 28/09
155840;Brinco Orgânico Bean Banho de Prata;1;1;0;0;0;1;1;0;0;;0;entrada go-live 1;2026-09-26;Estoque (1).xlsx casa + Anexos I (reconciliar-fonte-operacional.mjs);correto;;peça cadastrada no go-live sem maleta somada
155841;Brinco Orgânico Bean Banho de Ouro 18k;5;5;0;0;0;5;5;0;0;;0;entrada go-live 5;2026-09-26;Estoque (1).xlsx casa + Anexos I (reconciliar-fonte-operacional.mjs);correto;;peça cadastrada no go-live sem maleta somada
156980;Brincos Pontos de Luz Grande Azul Banho de Ouro;1;0;1;0;1;1;1;1;-1;;0;ajuste importacao 26/09 +1;2026-09-26;Estoque (1).xlsx casa + Anexos I (reconciliar-fonte-operacional.mjs);correto;;já corrigido em 28/09
157615;Brinco Design Orgânico Abstrato Banho de Prata;1;1;0;0;0;1;1;0;0;;0;entrada go-live 1;2026-09-26;Estoque (1).xlsx casa + Anexos I (reconciliar-fonte-operacional.mjs);correto;;peça cadastrada no go-live sem maleta somada
157685;Trio Gotinha de Pérola, Esfera e Ponto de Luz Banho de Ouro 18k;3;2;1;0;1;3;3;1;-1;;0;ajuste importacao 26/09 +1;2026-09-26;Estoque (1).xlsx casa + Anexos I (reconciliar-fonte-operacional.mjs);correto;;já corrigido em 28/09
158154;Brinco Folha Oval Cravejada Banho de Ouro 18k;3;3;0;0;0;0;3;3;0;;0;ajuste importacao 26/09 +3;2026-09-26;Estoque (1).xlsx casa + Anexos I (reconciliar-fonte-operacional.mjs);inconclusivo;;"ajuste da planilha sem peça em maleta (planilha 3, total antes 0). Não é contagem dupla; conferir no inventário."
159866;Brinco Ear Cuff Fios Múltiplos Banho de Ouro 18k;3;3;0;0;0;3;3;0;0;;0;entrada go-live 3;2026-09-26;Estoque (1).xlsx casa + Anexos I (reconciliar-fonte-operacional.mjs);correto;;peça cadastrada no go-live sem maleta somada
159910;Brinco Orgânico Circulo Mocha Mousse Banho de Ouro 18k;3;3;0;0;0;3;3;0;0;;0;entrada go-live 3;2026-09-26;Estoque (1).xlsx casa + Anexos I (reconciliar-fonte-operacional.mjs);correto;;peça cadastrada no go-live sem maleta somada
159936;Trio Coração, Estrela e Lua Lisa Banho de Ouro 18k;1;0;1;0;1;1;1;1;-1;;0;ajuste importacao 26/09 +1;2026-09-26;Estoque (1).xlsx casa + Anexos I (reconciliar-fonte-operacional.mjs);correto;;já corrigido em 28/09
161115;Brinco Coração Turmalina M Banho de Ouro 18k;5;3;2;1;1;3;3;2;0;3;-2;ajuste importacao 26/09 +2;2026-09-26;Estoque (1).xlsx casa + Anexos I (reconciliar-fonte-operacional.mjs);comprovadamente errada;;"planilha 3 = total do sistema antes do go-live; ajuste +2 = peças em maleta (#15: 1, #16–18: 1). Corrigir -2."
161492;Argola Coração Liso Banho de Prata;2;2;0;0;0;2;2;0;0;;0;entrada go-live 2;2026-09-26;Estoque (1).xlsx casa + Anexos I (reconciliar-fonte-operacional.mjs);correto;;peça cadastrada no go-live sem maleta somada
161493;Argola Coração Liso Banho de Ouro 18k;4;4;0;0;0;4;4;0;0;;0;entrada go-live 4;2026-09-26;Estoque (1).xlsx casa + Anexos I (reconciliar-fonte-operacional.mjs);correto;;peça cadastrada no go-live sem maleta somada
161672;Trio Coração, Estrela e Ponto de Luz Banho de Ouro 18k;3;2;1;1;0;2;2;1;0;2;-1;ajuste importacao 26/09 +1;2026-09-26;Estoque (1).xlsx casa + Anexos I (reconciliar-fonte-operacional.mjs);comprovadamente errada;;"planilha 2 = total do sistema antes do go-live; ajuste +1 = peças em maleta (#15: 1, #16–18: 0). Corrigir -1."
161731;Brinco Gota Vazada Cravejada Banho de Ouro 18k;3;2;1;1;0;2;2;1;0;2;-1;ajuste importacao 26/09 +1;2026-09-26;Estoque (1).xlsx casa + Anexos I (reconciliar-fonte-operacional.mjs);comprovadamente errada;;"planilha 2 = total do sistema antes do go-live; ajuste +1 = peças em maleta (#15: 1, #16–18: 0). Corrigir -1."
161840;Brinco Ear Jacket Dois Pontos de Luz Zircônias Banho de Prata;1;1;0;0;0;1;1;0;0;;0;entrada go-live 1;2026-09-26;Estoque (1).xlsx casa + Anexos I (reconciliar-fonte-operacional.mjs);correto;;peça cadastrada no go-live sem maleta somada
161841;Brinco Ear Jacket Dois Pontos de Luz Zircônias Banho de Ouro 18k;4;4;0;0;0;4;4;0;0;;0;entrada go-live 4;2026-09-26;Estoque (1).xlsx casa + Anexos I (reconciliar-fonte-operacional.mjs);correto;;peça cadastrada no go-live sem maleta somada
162190;Brinco Infantil Zircônia e Coração Banho de Ouro 18k;4;3;1;0;1;4;4;1;-1;;0;ajuste importacao 26/09 +1;2026-09-26;Estoque (1).xlsx casa + Anexos I (reconciliar-fonte-operacional.mjs);correto;;já corrigido em 28/09
162564;Brinco Esfera Lisa e Vazada Texturizada Banho de Ouro 18k e Prata;1;0;1;0;1;1;1;1;-1;;0;ajuste importacao 26/09 +1;2026-09-26;Estoque (1).xlsx casa + Anexos I (reconciliar-fonte-operacional.mjs);correto;;já corrigido em 28/09
162589;Brinco Gota Coração Chapa Banho de Ouro 18k;2;1;1;0;1;2;2;1;-1;;0;ajuste importacao 26/09 +1;2026-09-26;Estoque (1).xlsx casa + Anexos I (reconciliar-fonte-operacional.mjs);correto;;já corrigido em 28/09
162603;Dupla de Argolas Cravejadas Média e Pequena Banho de Ouro 18k;4;3;1;0;1;6;6;1;-1;;0;ajuste importacao 26/09 +1;2026-09-26;Estoque (1).xlsx casa + Anexos I (reconciliar-fonte-operacional.mjs);correto;;já corrigido em 28/09
162604;Dupla de Argolas Cravejadas Média e Grande Banho de Ouro 18k;5;3;2;0;2;5;5;2;-2;;0;ajuste importacao 26/09 +2;2026-09-26;Estoque (1).xlsx casa + Anexos I (reconciliar-fonte-operacional.mjs);correto;;já corrigido em 28/09
162654;Brinco Três Zircônias Banho de Prata;1;1;0;0;0;1;1;0;0;;0;entrada go-live 1;2026-09-26;Estoque (1).xlsx casa + Anexos I (reconciliar-fonte-operacional.mjs);correto;;peça cadastrada no go-live sem maleta somada
162655;Brinco Três Zircônias Banho de Ouro 18k;3;3;0;0;0;1;3;2;0;;0;ajuste importacao 26/09 +2;2026-09-26;Estoque (1).xlsx casa + Anexos I (reconciliar-fonte-operacional.mjs);inconclusivo;;"ajuste da planilha sem peça em maleta (planilha 3, total antes 1). Não é contagem dupla; conferir no inventário."
162839;Brinco Gota com Placa Retangular Banho de Ouro 18k;2;1;1;0;1;2;2;1;-1;;0;ajuste importacao 26/09 +1;2026-09-26;Estoque (1).xlsx casa + Anexos I (reconciliar-fonte-operacional.mjs);correto;;já corrigido em 28/09
162840;Brinco Torcido Detalhes Zircônias Banho de Ouro 18k;2;1;1;1;0;1;1;1;0;1;-1;ajuste importacao 26/09 +1;2026-09-26;Estoque (1).xlsx casa + Anexos I (reconciliar-fonte-operacional.mjs);comprovadamente errada;;"planilha 1 = total do sistema antes do go-live; ajuste +1 = peças em maleta (#15: 1, #16–18: 0). Corrigir -1."
163002;Brinco Orgânico Circulo Madrepérola Banho de Ouro 18k;3;3;0;0;0;3;3;0;0;;0;entrada go-live 3;2026-09-26;Estoque (1).xlsx casa + Anexos I (reconciliar-fonte-operacional.mjs);correto;;peça cadastrada no go-live sem maleta somada
163262;Brinco Leque Geométrico Texturizado Banho de Prata;1;1;0;0;0;1;1;0;0;;0;entrada go-live 1;2026-09-26;Estoque (1).xlsx casa + Anexos I (reconciliar-fonte-operacional.mjs);correto;;peça cadastrada no go-live sem maleta somada
163263;Brinco Leque Geométrico Texturizado Banho de Ouro 18k;5;5;0;0;0;5;5;0;0;;0;entrada go-live 5;2026-09-26;Estoque (1).xlsx casa + Anexos I (reconciliar-fonte-operacional.mjs);correto;;peça cadastrada no go-live sem maleta somada
163456;Brinco Ponto de Luz 6mm Banho de Ouro 18k;2;2;0;0;0;2;2;0;0;;0;entrada go-live 2;2026-09-26;Estoque (1).xlsx casa + Anexos I (reconciliar-fonte-operacional.mjs);correto;;peça cadastrada no go-live sem maleta somada
163505;Brinco Duas Esferas Grandes Banho de Ouro 18k;2;2;0;0;0;0;2;2;0;;0;ajuste importacao 26/09 +2;2026-09-26;Estoque (1).xlsx casa + Anexos I (reconciliar-fonte-operacional.mjs);inconclusivo;;"ajuste da planilha sem peça em maleta (planilha 2, total antes 0). Não é contagem dupla; conferir no inventário."
163735;Brinco Redondo Flor Cravejada Banho de Ouro 18k;15;12;3;1;2;12;12;3;0;12;-3;ajuste importacao 26/09 +3;2026-09-26;Estoque (1).xlsx casa + Anexos I (reconciliar-fonte-operacional.mjs);comprovadamente errada;;"planilha 12 = total do sistema antes do go-live; ajuste +3 = peças em maleta (#15: 1, #16–18: 2). Corrigir -3."
163954;Brinco Círculo Amassado Orgânico Banho de Ouro 18k;2;1;1;0;1;2;2;1;-1;;0;ajuste importacao 26/09 +1;2026-09-26;Estoque (1).xlsx casa + Anexos I (reconciliar-fonte-operacional.mjs);correto;;já corrigido em 28/09
164205;Brinco Infantil Corações Banho de Ouro 18k;4;3;1;0;1;4;4;1;-1;;0;ajuste importacao 26/09 +1;2026-09-26;Estoque (1).xlsx casa + Anexos I (reconciliar-fonte-operacional.mjs);correto;;já corrigido em 28/09
164834;Brinco Fio Passante com Coração Banho de Ouro 18k;3;2;1;0;1;3;3;1;-1;;0;ajuste importacao 26/09 +1;2026-09-26;Estoque (1).xlsx casa + Anexos I (reconciliar-fonte-operacional.mjs);correto;;já corrigido em 28/09
164861;Brinco Ear Hook Zircônias Coloridas Banho de Ouro 18k;6;6;0;0;0;6;6;0;0;;0;entrada go-live 6;2026-09-26;Estoque (1).xlsx casa + Anexos I (reconciliar-fonte-operacional.mjs);correto;;peça cadastrada no go-live sem maleta somada
165226;Brinco Três Aros Liso e Zircônias Baguettes Banho de Ouro 18k;0;0;0;0;0;1;;-1;0;;0;ajuste importacao 26/09 -1;2026-09-26;Estoque (1).xlsx casa + Anexos I (reconciliar-fonte-operacional.mjs);inconclusivo;;"ajuste da planilha sem peça em maleta (planilha —, total antes 1). Não é contagem dupla; conferir no inventário."
166390;Brinco Ear Cuff Zircônias Peridoto Banho de Ouro 18k;2;2;0;0;0;2;2;0;0;;0;entrada go-live 2;2026-09-26;Estoque (1).xlsx casa + Anexos I (reconciliar-fonte-operacional.mjs);correto;;peça cadastrada no go-live sem maleta somada
166634;Argola Space Lisa Banho de Ouro 18k;1;1;0;0;0;0;1;1;0;;0;ajuste importacao 26/09 +1;2026-09-26;Estoque (1).xlsx casa + Anexos I (reconciliar-fonte-operacional.mjs);inconclusivo;;"ajuste da planilha sem peça em maleta (planilha 1, total antes 0). Não é contagem dupla; conferir no inventário."
166732;Brinco Orgânico Oval  Madrepérola Banho de Ouro 18k;2;2;0;0;0;2;2;0;0;;0;entrada go-live 2;2026-09-26;Estoque (1).xlsx casa + Anexos I (reconciliar-fonte-operacional.mjs);correto;;peça cadastrada no go-live sem maleta somada
166772;Brinco Infantil Minnie Banho de Ouro 18k;2;2;0;0;0;2;2;0;0;;0;entrada go-live 2;2026-09-26;Estoque (1).xlsx casa + Anexos I (reconciliar-fonte-operacional.mjs);correto;;peça cadastrada no go-live sem maleta somada
166817;Brinco Argola Quadrada Cravejado Zircônias Banho de Ouro 18k;2;1;1;1;0;1;1;1;0;1;-1;ajuste importacao 26/09 +1;2026-09-26;Estoque (1).xlsx casa + Anexos I (reconciliar-fonte-operacional.mjs);comprovadamente errada;;"planilha 1 = total do sistema antes do go-live; ajuste +1 = peças em maleta (#15: 1, #16–18: 0). Corrigir -1."
168190;Trio Corações Chapa Banho de Ouro 18k;1;0;1;0;1;1;1;1;-1;;0;ajuste importacao 26/09 +1;2026-09-26;Estoque (1).xlsx casa + Anexos I (reconciliar-fonte-operacional.mjs);correto;;já corrigido em 28/09
168297;Argola Formato Oval Micro Zircônias Banho de Ouro 18k;2;1;1;1;0;1;1;1;0;1;-1;ajuste importacao 26/09 +1;2026-09-26;Estoque (1).xlsx casa + Anexos I (reconciliar-fonte-operacional.mjs);comprovadamente errada;;"planilha 1 = total do sistema antes do go-live; ajuste +1 = peças em maleta (#15: 1, #16–18: 0). Corrigir -1."
169822;Trio de Brincos Ponto de Luz Banho de Ouro 18k;5;5;0;0;0;5;5;0;0;;0;entrada go-live 5;2026-09-26;Estoque (1).xlsx casa + Anexos I (reconciliar-fonte-operacional.mjs);correto;;peça cadastrada no go-live sem maleta somada
171241;Brincos Pontos de Luz Incolor Banho de Ouro;3;2;1;0;1;3;3;1;-1;;0;ajuste importacao 26/09 +1;2026-09-26;Estoque (1).xlsx casa + Anexos I (reconciliar-fonte-operacional.mjs);correto;;já corrigido em 28/09
171254;Brinco Esfera Pequena Banho de Ouro 18k;1;0;1;0;1;1;1;1;-1;;0;ajuste importacao 26/09 +1;2026-09-26;Estoque (1).xlsx casa + Anexos I (reconciliar-fonte-operacional.mjs);correto;;já corrigido em 28/09
171734;Argola Torcida Lisa Banho de Ouro 18k;6;4;2;0;2;6;6;2;-2;;0;ajuste importacao 26/09 +2;2026-09-26;Estoque (1).xlsx casa + Anexos I (reconciliar-fonte-operacional.mjs);correto;;já corrigido em 28/09
171802;Argola Pérola Banho de Ouro 18k;8;5;3;1;2;5;5;3;0;5;-3;ajuste importacao 26/09 +3;2026-09-26;Estoque (1).xlsx casa + Anexos I (reconciliar-fonte-operacional.mjs);comprovadamente errada;;"planilha 5 = total do sistema antes do go-live; ajuste +3 = peças em maleta (#15: 1, #16–18: 2). Corrigir -3."
172647;Brinco Gota Cristal G Banho de Ouro 18k;1;0;1;0;1;1;1;1;-1;;0;ajuste importacao 26/09 +1;2026-09-26;Estoque (1).xlsx casa + Anexos I (reconciliar-fonte-operacional.mjs);correto;;já corrigido em 28/09
172648;Trio Gota Cristal Banho de Ouro 18k;1;0;1;0;1;1;1;1;-1;;0;ajuste importacao 26/09 +1;2026-09-26;Estoque (1).xlsx casa + Anexos I (reconciliar-fonte-operacional.mjs);correto;;já corrigido em 28/09
175799;Argola Click Fina Banho de Ouro 18k;1;0;1;0;1;1;1;1;-1;;0;ajuste importacao 26/09 +1;2026-09-26;Estoque (1).xlsx casa + Anexos I (reconciliar-fonte-operacional.mjs);correto;;já corrigido em 28/09
176108;Argola Coração Zircônias Banho de Prata;1;1;0;0;0;1;1;0;0;;0;entrada go-live 1;2026-09-26;Estoque (1).xlsx casa + Anexos I (reconciliar-fonte-operacional.mjs);correto;;peça cadastrada no go-live sem maleta somada
176109;Argola Coração Zircônias Banho de Ouro 18k;4;4;0;0;0;4;4;0;0;;0;entrada go-live 4;2026-09-26;Estoque (1).xlsx casa + Anexos I (reconciliar-fonte-operacional.mjs);correto;;peça cadastrada no go-live sem maleta somada
178079;Brinco Argola Quadrada Frente Cravejada Banho Ouro 18k;2;1;1;1;0;1;1;1;0;1;-1;ajuste importacao 26/09 +1;2026-09-26;Estoque (1).xlsx casa + Anexos I (reconciliar-fonte-operacional.mjs);comprovadamente errada;;"planilha 1 = total do sistema antes do go-live; ajuste +1 = peças em maleta (#15: 1, #16–18: 0). Corrigir -1."
178141;Brincos Gota Aberta com Zircônias Banho de Prata;1;1;0;0;0;1;1;0;0;;0;entrada go-live 1;2026-09-26;Estoque (1).xlsx casa + Anexos I (reconciliar-fonte-operacional.mjs);correto;;peça cadastrada no go-live sem maleta somada
178142;Brincos Gota Aberta com Zircônias Banho de Ouro 18k;5;5;0;0;0;5;5;0;0;;0;entrada go-live 5;2026-09-26;Estoque (1).xlsx casa + Anexos I (reconciliar-fonte-operacional.mjs);correto;;peça cadastrada no go-live sem maleta somada
179050;Brinco Cinco Linhas Lisas Banho de Ouro 18k;2;1;1;0;1;2;2;1;-1;;0;ajuste importacao 26/09 +1;2026-09-26;Estoque (1).xlsx casa + Anexos I (reconciliar-fonte-operacional.mjs);correto;;já corrigido em 28/09
179468;Brinco Coração Colorido Infantil Banho de Ouro 18k;1;0;1;0;1;1;1;1;-1;;0;ajuste importacao 26/09 +1;2026-09-26;Estoque (1).xlsx casa + Anexos I (reconciliar-fonte-operacional.mjs);correto;;já corrigido em 28/09
180524;Brinco Ponto de Luz 8mm Banho de Ouro 18k;4;4;0;0;0;4;4;0;0;;0;entrada go-live 4;2026-09-26;Estoque (1).xlsx casa + Anexos I (reconciliar-fonte-operacional.mjs);correto;;peça cadastrada no go-live sem maleta somada
181522;Brinco Escultural Orgânico Banho de Ouro 18k;3;3;0;0;0;3;3;0;0;;0;entrada go-live 3;2026-09-26;Estoque (1).xlsx casa + Anexos I (reconciliar-fonte-operacional.mjs);correto;;peça cadastrada no go-live sem maleta somada
183454;Brinco Organico Liso Banho de Ouro 18k;2;1;1;0;1;2;2;1;-1;;0;ajuste importacao 26/09 +1;2026-09-26;Estoque (1).xlsx casa + Anexos I (reconciliar-fonte-operacional.mjs);correto;;já corrigido em 28/09
184273;Brinco Ponto de Luz Lilás Banho de Ouro 18k;2;2;0;0;0;4;2;-2;0;;0;ajuste importacao 26/09 -2;2026-09-26;Estoque (1).xlsx casa + Anexos I (reconciliar-fonte-operacional.mjs);inconclusivo;;"ajuste da planilha sem peça em maleta (planilha 2, total antes 4). Não é contagem dupla; conferir no inventário."
185190;Brinco Ponto de Luz Cravação Inglesa Banho de Ouro 18k;2;1;1;0;1;2;2;1;-1;;0;ajuste importacao 26/09 +1;2026-09-26;Estoque (1).xlsx casa + Anexos I (reconciliar-fonte-operacional.mjs);correto;;já corrigido em 28/09
185245;Brincos Pontos de Luz Coração Pink Banho de Ouro 18k;1;0;1;0;1;1;1;1;-1;;0;ajuste importacao 26/09 +1;2026-09-26;Estoque (1).xlsx casa + Anexos I (reconciliar-fonte-operacional.mjs);correto;;já corrigido em 28/09
185247;Brincos Pontos de Luz Coração Rosa Claro Banho de Ouro 18k;3;2;1;1;0;2;2;1;0;2;-1;ajuste importacao 26/09 +1;2026-09-26;Estoque (1).xlsx casa + Anexos I (reconciliar-fonte-operacional.mjs);comprovadamente errada;;"planilha 2 = total do sistema antes do go-live; ajuste +1 = peças em maleta (#15: 1, #16–18: 0). Corrigir -1."
185678;Brinco Infantil Bolinha Esfera Lisa Banho de Ouro 18k;5;5;0;0;0;5;5;0;0;;0;entrada go-live 5;2026-09-26;Estoque (1).xlsx casa + Anexos I (reconciliar-fonte-operacional.mjs);correto;;peça cadastrada no go-live sem maleta somada
185776;Argola Oval Cravejada Banho de Ouro 18k;2;1;1;0;1;2;2;1;-1;;0;ajuste importacao 26/09 +1;2026-09-26;Estoque (1).xlsx casa + Anexos I (reconciliar-fonte-operacional.mjs);correto;;já corrigido em 28/09
186027;Brinco Ponto de Luz 10mm Banho de Ouro 18k;4;4;0;0;0;4;4;0;0;;0;entrada go-live 4;2026-09-26;Estoque (1).xlsx casa + Anexos I (reconciliar-fonte-operacional.mjs);correto;;peça cadastrada no go-live sem maleta somada
186340;Brinco Coração Longo Liso Banho de Prata;2;2;0;0;0;2;2;0;0;;0;entrada go-live 2;2026-09-26;Estoque (1).xlsx casa + Anexos I (reconciliar-fonte-operacional.mjs);correto;;peça cadastrada no go-live sem maleta somada
186341;Brinco Coração Longo Liso Banho de Ouro 18k;3;3;0;0;0;3;3;0;0;;0;entrada go-live 3;2026-09-26;Estoque (1).xlsx casa + Anexos I (reconciliar-fonte-operacional.mjs);correto;;peça cadastrada no go-live sem maleta somada
186552;Brinco Meia Argola Tripla Banho de Ouro 18k;3;3;0;0;0;3;3;0;0;;0;entrada go-live 3;2026-09-26;Estoque (1).xlsx casa + Anexos I (reconciliar-fonte-operacional.mjs);correto;;peça cadastrada no go-live sem maleta somada
187005;Argola Coração Cravejado Pequena Banho de Ouro 18k;8;6;2;1;1;6;6;2;0;6;-2;ajuste importacao 26/09 +2;2026-09-26;Estoque (1).xlsx casa + Anexos I (reconciliar-fonte-operacional.mjs);comprovadamente errada;;"planilha 6 = total do sistema antes do go-live; ajuste +2 = peças em maleta (#15: 1, #16–18: 1). Corrigir -2."
187549;Brinco Orgânico Pequeno Banho de Prata;1;1;0;0;0;1;1;0;0;;0;entrada go-live 1;2026-09-26;Estoque (1).xlsx casa + Anexos I (reconciliar-fonte-operacional.mjs);correto;;peça cadastrada no go-live sem maleta somada
187550;Brinco Orgânico Pequeno Banho de Ouro 18k;2;2;0;0;0;2;2;0;0;;0;entrada go-live 2;2026-09-26;Estoque (1).xlsx casa + Anexos I (reconciliar-fonte-operacional.mjs);correto;;peça cadastrada no go-live sem maleta somada
187590;Brinco Triângulo Orgânico Vazado Banho de Ouro 18k;3;3;0;0;0;3;3;0;0;;0;entrada go-live 3;2026-09-26;Estoque (1).xlsx casa + Anexos I (reconciliar-fonte-operacional.mjs);correto;;peça cadastrada no go-live sem maleta somada
187682;Dupla Argola Duas Linhas Cravejadas e Ponto de Luz Banho de Ouro 18k;7;5;2;1;1;6;6;2;0;5;-2;ajuste importacao 26/09 +2;2026-09-26;Estoque (1).xlsx casa + Anexos I (reconciliar-fonte-operacional.mjs);comprovadamente errada;;"planilha 6 = total do sistema antes do go-live; ajuste +2 = peças em maleta (#15: 1, #16–18: 1). Corrigir -2."
190359;Brinco Quadrado com Pérola Banho de Ouro 18k;1;0;1;0;1;1;1;1;-1;;0;ajuste importacao 26/09 +1;2026-09-26;Estoque (1).xlsx casa + Anexos I (reconciliar-fonte-operacional.mjs);correto;;já corrigido em 28/09
191910;Brinco Gota Dupla Grande Banho de Ouro 18k;5;3;2;1;1;3;3;2;0;3;-2;ajuste importacao 26/09 +2;2026-09-26;Estoque (1).xlsx casa + Anexos I (reconciliar-fonte-operacional.mjs);comprovadamente errada;;"planilha 3 = total do sistema antes do go-live; ajuste +2 = peças em maleta (#15: 1, #16–18: 1). Corrigir -2."
192230;Argola Pingente Círculo Cravejado Banho de Ouro 18k;1;0;1;0;1;1;1;1;-1;;0;ajuste importacao 26/09 +1;2026-09-26;Estoque (1).xlsx casa + Anexos I (reconciliar-fonte-operacional.mjs);correto;;já corrigido em 28/09
192668;Argola Abaulada Lisa Banho de Ouro 18k;2;2;0;0;0;1;2;1;0;;0;ajuste importacao 26/09 +1;2026-09-26;Estoque (1).xlsx casa + Anexos I (reconciliar-fonte-operacional.mjs);inconclusivo;;"ajuste da planilha sem peça em maleta (planilha 2, total antes 1). Não é contagem dupla; conferir no inventário."
192895;Argola Pequena Triangular Lisa Banho de Ouro 18k;2;1;1;0;1;2;2;1;-1;;0;ajuste importacao 26/09 +1;2026-09-26;Estoque (1).xlsx casa + Anexos I (reconciliar-fonte-operacional.mjs);correto;;já corrigido em 28/09
192897;Argola Grande Triangular Lisa Banho de Ouro 18k;4;3;1;1;0;3;3;1;0;3;-1;ajuste importacao 26/09 +1;2026-09-26;Estoque (1).xlsx casa + Anexos I (reconciliar-fonte-operacional.mjs);comprovadamente errada;;"planilha 3 = total do sistema antes do go-live; ajuste +1 = peças em maleta (#15: 1, #16–18: 0). Corrigir -1."
193176;Brinco Esfera 6mm Lisa Banho de Ouro 18k;5;3;2;0;2;5;5;2;-2;;0;ajuste importacao 26/09 +2;2026-09-26;Estoque (1).xlsx casa + Anexos I (reconciliar-fonte-operacional.mjs);correto;;já corrigido em 28/09
193685;Brinco Chapa Oval Liso Banho de Ouro 18k;2;1;1;0;1;2;2;1;-1;;0;ajuste importacao 26/09 +1;2026-09-26;Estoque (1).xlsx casa + Anexos I (reconciliar-fonte-operacional.mjs);correto;;já corrigido em 28/09
194231;Argola Ponto de Luz Cristal Banho de Prata;2;2;0;0;0;2;2;0;0;;0;entrada go-live 2;2026-09-26;Estoque (1).xlsx casa + Anexos I (reconciliar-fonte-operacional.mjs);correto;;peça cadastrada no go-live sem maleta somada
194232;Argola Ponto de Luz Cristal Banho de Ouro 18k;3;3;0;0;0;3;3;0;0;;0;entrada go-live 3;2026-09-26;Estoque (1).xlsx casa + Anexos I (reconciliar-fonte-operacional.mjs);correto;;peça cadastrada no go-live sem maleta somada
194786;Brinco Coração Texturizado Banho de Ouro 18k;3;2;1;0;1;3;3;1;-1;;0;ajuste importacao 26/09 +1;2026-09-26;Estoque (1).xlsx casa + Anexos I (reconciliar-fonte-operacional.mjs);correto;;já corrigido em 28/09
195384;Brinco Gota Pequena Banho de Ouro 18k;2;1;1;0;1;2;2;1;-1;;0;ajuste importacao 26/09 +1;2026-09-26;Estoque (1).xlsx casa + Anexos I (reconciliar-fonte-operacional.mjs);correto;;já corrigido em 28/09
195658;Brinco Curvado Liso Abaulado Banho de Ouro 18k;3;3;0;0;0;3;3;0;0;;0;entrada go-live 3;2026-09-26;Estoque (1).xlsx casa + Anexos I (reconciliar-fonte-operacional.mjs);correto;;peça cadastrada no go-live sem maleta somada
197702;Brinco Coração Grande Vazado Banho de Ouro 18k;2;1;1;0;1;2;2;1;-1;;0;ajuste importacao 26/09 +1;2026-09-26;Estoque (1).xlsx casa + Anexos I (reconciliar-fonte-operacional.mjs);correto;;já corrigido em 28/09
198174;Dupla Argola Lisa e Argola Zig Zag Banho de Ouro 18k;2;1;1;0;1;2;2;1;-1;;0;ajuste importacao 26/09 +1;2026-09-26;Estoque (1).xlsx casa + Anexos I (reconciliar-fonte-operacional.mjs);correto;;já corrigido em 28/09
198242;Brinco Coração Pendurado Chapa Infantil Banho de Ouro;3;2;1;0;1;3;3;1;-1;;0;ajuste importacao 26/09 +1;2026-09-26;Estoque (1).xlsx casa + Anexos I (reconciliar-fonte-operacional.mjs);correto;;já corrigido em 28/09
198554;Brinco Pérola 12mm Banho de Ouro 18k;3;3;0;0;0;3;3;0;0;;0;entrada go-live 3;2026-09-26;Estoque (1).xlsx casa + Anexos I (reconciliar-fonte-operacional.mjs);correto;;peça cadastrada no go-live sem maleta somada
198939;Brinco Texturizado Oval Banho de Ouro 18k;5;4;1;0;1;2;4;3;0;;0;ajuste importacao 26/09 +3;2026-09-26;Estoque (1).xlsx casa + Anexos I (reconciliar-fonte-operacional.mjs);inconclusivo;;planilha 4, total antes 2, maleta 1: a diferença não é só a maleta. Contar no inventário.
199113;Brinco Chapa Lisa Longo Banho de Ouro 18k;3;1;2;0;2;3;3;2;-2;;0;ajuste importacao 26/09 +2;2026-09-26;Estoque (1).xlsx casa + Anexos I (reconciliar-fonte-operacional.mjs);correto;;já corrigido em 28/09
203842;Colar Choker Minis Elos Trabalhados Banho de Ouro 18k;2;1;1;0;1;2;2;1;-1;;0;ajuste importacao 26/09 +1;2026-09-26;Estoque (1).xlsx casa + Anexos I (reconciliar-fonte-operacional.mjs);correto;;já corrigido em 28/09
204997;Colar Longo Corações Banho de Ouro 18k;4;3;1;1;0;3;3;1;0;3;-1;ajuste importacao 26/09 +1;2026-09-26;Estoque (1).xlsx casa + Anexos I (reconciliar-fonte-operacional.mjs);comprovadamente errada;;"planilha 3 = total do sistema antes do go-live; ajuste +1 = peças em maleta (#15: 1, #16–18: 0). Corrigir -1."
210396;Anel Aparador Cravejado Regulável Banho de Ouro 18k;2;1;1;0;1;2;2;1;-1;;0;ajuste importacao 26/09 +1;2026-09-26;Estoque (1).xlsx casa + Anexos I (reconciliar-fonte-operacional.mjs);correto;;já corrigido em 28/09
212100;Pulseira Dupla Cartier com Elos Portugues Banho de Ouro 18k;3;2;1;0;1;3;3;1;-1;;0;ajuste importacao 26/09 +1;2026-09-26;Estoque (1).xlsx casa + Anexos I (reconciliar-fonte-operacional.mjs);correto;;já corrigido em 28/09
213649;Berloque Pet Border Collie Banho de Prata;1;0;1;0;1;1;1;1;-1;;0;ajuste importacao 26/09 +1;2026-09-26;Estoque (1).xlsx casa + Anexos I (reconciliar-fonte-operacional.mjs);correto;;já corrigido em 28/09
215199;Anel Infantil Coração e Zircônia Banho de Ouro 18k;3;2;1;0;1;3;3;1;-1;;0;ajuste importacao 26/09 +1;2026-09-26;Estoque (1).xlsx casa + Anexos I (reconciliar-fonte-operacional.mjs);correto;;já corrigido em 28/09
215246;Colar Coração com Choker Duplo Três Corações Banho de Ouro 18k;1;0;1;0;1;2;2;1;-1;;0;ajuste importacao 26/09 +1;2026-09-26;Estoque (1).xlsx casa + Anexos I (reconciliar-fonte-operacional.mjs);correto;;já corrigido em 28/09
215328;Piercing Texturizado Banho de Ouro 18k;2;1;1;0;1;2;2;1;-1;;0;ajuste importacao 26/09 +1;2026-09-26;Estoque (1).xlsx casa + Anexos I (reconciliar-fonte-operacional.mjs);correto;;já corrigido em 28/09
216029;Colar Cordão Baiano 3mm Banho de Ouro 28k;3;2;1;0;1;3;3;1;-1;;0;ajuste importacao 26/09 +1;2026-09-26;Estoque (1).xlsx casa + Anexos I (reconciliar-fonte-operacional.mjs);correto;;já corrigido em 28/09
218178;Anel Micro Zirconia Banho de Ouro 18k;7;4;3;1;2;4;4;3;0;4;-3;ajuste importacao 26/09 +3;2026-09-26;Estoque (1).xlsx casa + Anexos I (reconciliar-fonte-operacional.mjs);comprovadamente errada;;"planilha 4 = total do sistema antes do go-live; ajuste +3 = peças em maleta (#15: 1, #16–18: 2). Corrigir -3."
222908;Pingente Menino Cravejado Verde Banho de Ouro 18k;5;4;1;0;1;5;5;1;-1;;0;ajuste importacao 26/09 +1;2026-09-26;Estoque (1).xlsx casa + Anexos I (reconciliar-fonte-operacional.mjs);correto;;já corrigido em 28/09
224398;Anel Regulavel Triângulo Zircônias Banho de Ouro 18k;5;3;2;1;1;3;3;2;0;3;-2;ajuste importacao 26/09 +2;2026-09-26;Estoque (1).xlsx casa + Anexos I (reconciliar-fonte-operacional.mjs);comprovadamente errada;;"planilha 3 = total do sistema antes do go-live; ajuste +2 = peças em maleta (#15: 1, #16–18: 1). Corrigir -2."
230609;Berloque Pet Shih Tzu Banho de Prata;1;0;1;0;1;1;1;1;-1;;0;ajuste importacao 26/09 +1;2026-09-26;Estoque (1).xlsx casa + Anexos I (reconciliar-fonte-operacional.mjs);correto;;já corrigido em 28/09
231682;Colar Curto Penduricalhos Mini Esferas 35cm Banho de Ouro 18k;2;1;1;0;1;2;2;1;-1;;0;ajuste importacao 26/09 +1;2026-09-26;Estoque (1).xlsx casa + Anexos I (reconciliar-fonte-operacional.mjs);correto;;já corrigido em 28/09
235290;Anel Oval Vazado Banho de Ouro 18k;13;9;4;1;3;9;9;4;0;9;-4;ajuste importacao 26/09 +4;2026-09-26;Estoque (1).xlsx casa + Anexos I (reconciliar-fonte-operacional.mjs);comprovadamente errada;;"planilha 9 = total do sistema antes do go-live; ajuste +4 = peças em maleta (#15: 1, #16–18: 3). Corrigir -4."
241193;Colar Esfera Oval Texturizada Banho de Prata;1;1;0;0;0;1;1;0;0;;0;entrada go-live 1;2026-09-26;Estoque (1).xlsx casa + Anexos I (reconciliar-fonte-operacional.mjs);correto;;peça cadastrada no go-live sem maleta somada
241194;Colar Esfera Oval Texturizada Banho de Ouro 18k;4;3;1;0;1;1;3;3;0;;0;ajuste importacao 26/09 +3;2026-09-26;Estoque (1).xlsx casa + Anexos I (reconciliar-fonte-operacional.mjs);inconclusivo;;planilha 3, total antes 1, maleta 1: a diferença não é só a maleta. Contar no inventário.
243482;Pulseira Elos Maxi Banho de Ouro 18k;3;2;1;0;1;3;3;1;-1;;0;ajuste importacao 26/09 +1;2026-09-26;Estoque (1).xlsx casa + Anexos I (reconciliar-fonte-operacional.mjs);correto;;já corrigido em 28/09
246234;Colar Choker Aro Entrelaçado Banho de Ouro 18k;3;3;0;0;0;3;3;0;0;;0;entrada go-live 3;2026-09-26;Estoque (1).xlsx casa + Anexos I (reconciliar-fonte-operacional.mjs);correto;;peça cadastrada no go-live sem maleta somada
250475;Colar Ponto de Luz Cravação Inglesa Banho de Ouro 18k;7;6;1;0;1;3;6;4;0;;0;ajuste importacao 26/09 +4;2026-09-26;Estoque (1).xlsx casa + Anexos I (reconciliar-fonte-operacional.mjs);inconclusivo;;planilha 6, total antes 3, maleta 1: a diferença não é só a maleta. Contar no inventário.
251551;Colar Menino Zircônia Azul Banho de Ouro 18k;2;2;0;0;0;2;2;0;0;;0;entrada go-live 2;2026-09-26;Estoque (1).xlsx casa + Anexos I (reconciliar-fonte-operacional.mjs);correto;;peça cadastrada no go-live sem maleta somada
251552;Colar Menino Zircônia Incolor Banho de Ouro 18k;3;3;0;0;0;5;5;0;0;;0;entrada go-live 5;2026-09-26;Estoque (1).xlsx casa + Anexos I (reconciliar-fonte-operacional.mjs);correto;;peça cadastrada no go-live sem maleta somada
256359;Anel Inspiração Cartier Banho de Ouro 18k;8;7;1;1;0;7;7;1;0;7;-1;ajuste importacao 26/09 +1;2026-09-26;Estoque (1).xlsx casa + Anexos I (reconciliar-fonte-operacional.mjs);comprovadamente errada;a Sthefany comprou 7 (05/10/2026);"planilha 7 = total do sistema antes do go-live; ajuste +1 = peças em maleta (#15: 1, #16–18: 0). Corrigir -1."
257124;Berloque Coração Coreano Banho de Prata;1;0;1;0;1;1;1;1;-1;;0;ajuste importacao 26/09 +1;2026-09-26;Estoque (1).xlsx casa + Anexos I (reconciliar-fonte-operacional.mjs);correto;;já corrigido em 28/09
257258;Anel Infinito Liso e Zircônias Banho de Ouro 18k;1;0;1;0;1;1;1;1;-1;;0;ajuste importacao 26/09 +1;2026-09-26;Estoque (1).xlsx casa + Anexos I (reconciliar-fonte-operacional.mjs);correto;;já corrigido em 28/09
261582;Pulseira Trevo de Zircônias Banho de Ouro 18k;8;5;3;1;2;5;5;3;0;5;-3;ajuste importacao 26/09 +3;2026-09-26;Estoque (1).xlsx casa + Anexos I (reconciliar-fonte-operacional.mjs);comprovadamente errada;;"planilha 5 = total do sistema antes do go-live; ajuste +3 = peças em maleta (#15: 1, #16–18: 2). Corrigir -3."
262042;Pulseira da Amizade com Inicial Banho de Prata;2;2;0;0;0;2;2;0;0;;0;entrada go-live 2;2026-09-26;Estoque (1).xlsx casa + Anexos I (reconciliar-fonte-operacional.mjs);correto;;peça cadastrada no go-live sem maleta somada
262043;Pulseira da Amizade com Inicial Banho de Ouro 18k;3;3;0;0;0;3;3;0;0;;0;entrada go-live 3;2026-09-26;Estoque (1).xlsx casa + Anexos I (reconciliar-fonte-operacional.mjs);correto;;peça cadastrada no go-live sem maleta somada
263571;Anel Topo Reto Cravejado Banho de Ouro 18k;7;5;2;1;1;5;5;2;0;5;-2;ajuste importacao 26/09 +2;2026-09-26;Estoque (1).xlsx casa + Anexos I (reconciliar-fonte-operacional.mjs);comprovadamente errada;;"planilha 5 = total do sistema antes do go-live; ajuste +2 = peças em maleta (#15: 1, #16–18: 1). Corrigir -2."
264141;Colar Menina Zircônia Rosa Prata 925;1;1;0;0;0;1;1;0;0;;0;entrada go-live 1;2026-09-26;Estoque (1).xlsx casa + Anexos I (reconciliar-fonte-operacional.mjs);correto;;peça cadastrada no go-live sem maleta somada
265261;Colar Choker Elos Entrelaçados Banho de Ouro 18k;3;2;1;0;1;3;3;1;-1;;0;ajuste importacao 26/09 +1;2026-09-26;Estoque (1).xlsx casa + Anexos I (reconciliar-fonte-operacional.mjs);correto;;já corrigido em 28/09
265992;Berloque Batata Frita Resinada Banho de Prata;1;0;1;0;1;1;1;1;-1;;0;ajuste importacao 26/09 +1;2026-09-26;Estoque (1).xlsx casa + Anexos I (reconciliar-fonte-operacional.mjs);correto;;já corrigido em 28/09
268267;Berloque Separador Zircônias Cravejadas Banho de Prata;1;0;1;0;1;1;1;1;-1;;0;ajuste importacao 26/09 +1;2026-09-26;Estoque (1).xlsx casa + Anexos I (reconciliar-fonte-operacional.mjs);correto;;já corrigido em 28/09
268352;Anel Base Reta com Zircônia Banho de Ouro 18k;5;4;1;0;1;5;5;1;-1;;0;ajuste importacao 26/09 +1;2026-09-26;Estoque (1).xlsx casa + Anexos I (reconciliar-fonte-operacional.mjs);correto;;já corrigido em 28/09
268600;Anel Nossa Senhora Incolor Banho de Prata;7;5;2;1;1;5;5;2;0;5;-2;ajuste importacao 26/09 +2;2026-09-26;Estoque (1).xlsx casa + Anexos I (reconciliar-fonte-operacional.mjs);comprovadamente errada;;"planilha 5 = total do sistema antes do go-live; ajuste +2 = peças em maleta (#15: 1, #16–18: 1). Corrigir -2."
268724;Pulseira Dupla Baguete e Cartier Banho de Ouro 18k;2;1;1;0;1;2;2;1;-1;;0;ajuste importacao 26/09 +1;2026-09-26;Estoque (1).xlsx casa + Anexos I (reconciliar-fonte-operacional.mjs);correto;;já corrigido em 28/09
269030;Colar Coração Metade Liso e Metade Cravejado Banho de Ouro 18k;5;3;2;1;1;3;3;2;0;3;-2;ajuste importacao 26/09 +2;2026-09-26;Estoque (1).xlsx casa + Anexos I (reconciliar-fonte-operacional.mjs);comprovadamente errada;;"planilha 3 = total do sistema antes do go-live; ajuste +2 = peças em maleta (#15: 1, #16–18: 1). Corrigir -2."
271370;Pulseira Coração e Medalha Seja Luz Banho de Prata;1;1;0;0;0;1;1;0;0;;0;entrada go-live 1;2026-09-26;Estoque (1).xlsx casa + Anexos I (reconciliar-fonte-operacional.mjs);correto;;peça cadastrada no go-live sem maleta somada
271371;Pulseira Coração e Medalha Seja Luz Banho de Ouro 18k;3;3;0;0;0;1;3;2;0;;0;ajuste importacao 26/09 +2;2026-09-26;Estoque (1).xlsx casa + Anexos I (reconciliar-fonte-operacional.mjs);inconclusivo;;"ajuste da planilha sem peça em maleta (planilha 3, total antes 1). Não é contagem dupla; conferir no inventário."
273971;Pingente e Separador Menina Zircônia Incolor Banho de Ouro 18k;4;3;1;0;1;4;4;1;-1;;0;ajuste importacao 26/09 +1;2026-09-26;Estoque (1).xlsx casa + Anexos I (reconciliar-fonte-operacional.mjs);correto;;já corrigido em 28/09
273972;Pingente e Separador Menino Zircônia Verde Banho de Prata;1;0;1;0;1;1;1;1;-1;;0;ajuste importacao 26/09 +1;2026-09-26;Estoque (1).xlsx casa + Anexos I (reconciliar-fonte-operacional.mjs);correto;;já corrigido em 28/09
273975;Pingente e Separador Menino Zircônia Incolor Banho de Ouro 18k;5;4;1;0;1;5;5;1;-1;;0;ajuste importacao 26/09 +1;2026-09-26;Estoque (1).xlsx casa + Anexos I (reconciliar-fonte-operacional.mjs);correto;;já corrigido em 28/09
274860;Conjunto Coração Esmeralda com Zircônias Banho de Ouro 18k;0;0;0;0;0;1;;-1;0;;0;ajuste importacao 26/09 -1;2026-09-26;Estoque (1).xlsx casa + Anexos I (reconciliar-fonte-operacional.mjs);inconclusivo;;"ajuste da planilha sem peça em maleta (planilha —, total antes 1). Não é contagem dupla; conferir no inventário."
275922;Anel Duplo Elos e Zircônias Banho de Ouro 18k;5;4;1;0;1;5;5;1;-1;;0;ajuste importacao 26/09 +1;2026-09-26;Estoque (1).xlsx casa + Anexos I (reconciliar-fonte-operacional.mjs);correto;;já corrigido em 28/09
276395;Pulseira Coração Cravejado Prata 925;1;0;1;0;1;1;1;1;-1;;0;ajuste importacao 26/09 +1;2026-09-26;Estoque (1).xlsx casa + Anexos I (reconciliar-fonte-operacional.mjs);correto;;já corrigido em 28/09
277069;Berloque Separador Minnie e Mickey Banho de Prata;1;0;1;0;1;1;1;1;-1;;0;ajuste importacao 26/09 +1;2026-09-26;Estoque (1).xlsx casa + Anexos I (reconciliar-fonte-operacional.mjs);correto;;já corrigido em 28/09
287052;Pulseira Gotas Trabalhadas Banho de Ouro 18k;2;2;0;0;0;0;2;2;0;;0;ajuste importacao 26/09 +2;2026-09-26;Estoque (1).xlsx casa + Anexos I (reconciliar-fonte-operacional.mjs);inconclusivo;;"ajuste da planilha sem peça em maleta (planilha 2, total antes 0). Não é contagem dupla; conferir no inventário."
290290;Colar Choker Fita Laminada Banho de Ouro 18k;2;0;2;0;2;2;2;2;-2;;0;ajuste importacao 26/09 +2;2026-09-26;Estoque (1).xlsx casa + Anexos I (reconciliar-fonte-operacional.mjs);correto;;já corrigido em 28/09
290346;Berloque Casquinha de Sorvete Banho de Prata;1;0;1;0;1;1;1;1;-1;;0;ajuste importacao 26/09 +1;2026-09-26;Estoque (1).xlsx casa + Anexos I (reconciliar-fonte-operacional.mjs);correto;;já corrigido em 28/09
291170;Colar Três Corações Liso Banho de Ouro 18k;0;0;0;0;0;1;;-1;0;;0;ajuste importacao 26/09 -1;2026-09-26;Estoque (1).xlsx casa + Anexos I (reconciliar-fonte-operacional.mjs);inconclusivo;;"ajuste da planilha sem peça em maleta (planilha —, total antes 1). Não é contagem dupla; conferir no inventário."
292234;Berloque Borboleta Cristal Banho de Prata;1;0;1;0;1;1;1;1;-1;;0;ajuste importacao 26/09 +1;2026-09-26;Estoque (1).xlsx casa + Anexos I (reconciliar-fonte-operacional.mjs);correto;;já corrigido em 28/09
301665;Colar Pérola Bolas Banho de Ouro 18k;2;2;0;0;0;3;2;-1;0;;0;ajuste importacao 26/09 -1;2026-09-26;Estoque (1).xlsx casa + Anexos I (reconciliar-fonte-operacional.mjs);inconclusivo;;"ajuste da planilha sem peça em maleta (planilha 2, total antes 3). Não é contagem dupla; conferir no inventário."
302275;Anel Liso com Zircônias Banho de Prata;2;2;0;0;0;2;2;0;0;;0;entrada go-live 2;2026-09-26;Estoque (1).xlsx casa + Anexos I (reconciliar-fonte-operacional.mjs);correto;;peça cadastrada no go-live sem maleta somada
302276;Anel Liso com Zircônias Banho de Ouro 18k;10;10;0;0;0;10;10;0;0;;0;entrada go-live 10;2026-09-26;Estoque (1).xlsx casa + Anexos I (reconciliar-fonte-operacional.mjs);correto;;peça cadastrada no go-live sem maleta somada
302521;Colar Cartier Cilindros com Pingente Vida Prata 925;2;1;1;1;0;1;1;1;0;1;-1;ajuste importacao 26/09 +1;2026-09-26;Estoque (1).xlsx casa + Anexos I (reconciliar-fonte-operacional.mjs);comprovadamente errada;;"planilha 1 = total do sistema antes do go-live; ajuste +1 = peças em maleta (#15: 1, #16–18: 0). Corrigir -1."
303940;Pulseira Dupla Cruz e N. S. Aparecida Banho de Prata;1;1;0;0;0;1;1;0;0;;0;entrada go-live 1;2026-09-26;Estoque (1).xlsx casa + Anexos I (reconciliar-fonte-operacional.mjs);correto;;peça cadastrada no go-live sem maleta somada
303941;Pulseira Dupla Cruz e N. S. Aparecida Banho de Ouro 18k;2;2;0;0;0;2;2;0;0;;0;entrada go-live 2;2026-09-26;Estoque (1).xlsx casa + Anexos I (reconciliar-fonte-operacional.mjs);correto;;peça cadastrada no go-live sem maleta somada
304132;Anel Solitario Cravejado Banho de Prata;1;0;1;0;1;1;1;1;-1;;0;ajuste importacao 26/09 +1;2026-09-26;Estoque (1).xlsx casa + Anexos I (reconciliar-fonte-operacional.mjs);correto;;já corrigido em 28/09
306594;Argola Média Torcida Banho de Ouro 18k;1;0;1;0;1;1;1;1;-1;;0;ajuste importacao 26/09 +1;2026-09-26;Estoque (1).xlsx casa + Anexos I (reconciliar-fonte-operacional.mjs);correto;;já corrigido em 28/09
306608;Pingente Cavalo Liso Banho de Ouro 18k;1;1;0;0;0;1;1;0;0;;0;entrada go-live 1;2026-09-26;Estoque (1).xlsx casa + Anexos I (reconciliar-fonte-operacional.mjs);correto;;peça cadastrada no go-live sem maleta somada
307721;Escapulário N. S. Aparecida e Sag. Coração de Jesus Banho de Ouro 18k;5;4;1;0;1;2;5;4;0;;0;ajuste importacao 26/09 +4;2026-09-26;Estoque (1).xlsx casa + Anexos I (reconciliar-fonte-operacional.mjs);inconclusivo;;planilha 5, total antes 2, maleta 1: a diferença não é só a maleta. Contar no inventário.
310231;Colar Gota Incolor Cravação Inglesa Banho de Ouro 18k;9;8;1;0;1;2;8;7;0;;0;ajuste importacao 26/09 +7;2026-09-26;Estoque (1).xlsx casa + Anexos I (reconciliar-fonte-operacional.mjs);inconclusivo;;planilha 8, total antes 2, maleta 1: a diferença não é só a maleta. Contar no inventário.
311208;Colar Cordão Baiano 2mm Banho de Ouro 18k;7;5;2;1;1;5;5;2;0;5;-2;ajuste importacao 26/09 +2;2026-09-26;Estoque (1).xlsx casa + Anexos I (reconciliar-fonte-operacional.mjs);comprovadamente errada;;"planilha 5 = total do sistema antes do go-live; ajuste +2 = peças em maleta (#15: 1, #16–18: 1). Corrigir -2."
312893;Anel Coração Orgânico Vazado Banho de Prata;2;2;0;0;0;2;2;0;0;;0;entrada go-live 2;2026-09-26;Estoque (1).xlsx casa + Anexos I (reconciliar-fonte-operacional.mjs);correto;;peça cadastrada no go-live sem maleta somada
312956;Pulseira Zircônias Incolores Banho de Ouro 18k;5;4;1;0;1;5;5;1;-1;;0;ajuste importacao 26/09 +1;2026-09-26;Estoque (1).xlsx casa + Anexos I (reconciliar-fonte-operacional.mjs);correto;;já corrigido em 28/09
313860;Anel Duplo Solitário e Aparador Zircônias Cravejadas Banho de Ouro 18k;1;1;0;0;0;0;1;1;0;;0;ajuste importacao 26/09 +1;2026-09-26;Estoque (1).xlsx casa + Anexos I (reconciliar-fonte-operacional.mjs);inconclusivo;;"ajuste da planilha sem peça em maleta (planilha 1, total antes 0). Não é contagem dupla; conferir no inventário."
314161;Colar Filhos Dois Meninos e Uma Menina Banho de Ouro 18k;1;1;0;0;0;1;1;0;0;;0;entrada go-live 1;2026-09-26;Estoque (1).xlsx casa + Anexos I (reconciliar-fonte-operacional.mjs);correto;;peça cadastrada no go-live sem maleta somada
314654;Colar Árvore da Vida Zircônias Coloridas Banho de Ouro 18k;2;1;1;0;1;2;2;1;-1;;0;ajuste importacao 26/09 +1;2026-09-26;Estoque (1).xlsx casa + Anexos I (reconciliar-fonte-operacional.mjs);correto;;já corrigido em 28/09
315220;Anel Coração Cravejado Banho de Ouro 18k;9;7;2;1;1;7;7;2;0;7;-2;ajuste importacao 26/09 +2;2026-09-26;Estoque (1).xlsx casa + Anexos I (reconciliar-fonte-operacional.mjs);comprovadamente errada;;"planilha 7 = total do sistema antes do go-live; ajuste +2 = peças em maleta (#15: 1, #16–18: 1). Corrigir -2."
316411;Anel Solitário Zircônia 9mm Banho de Ouro 18k;11;9;2;1;1;11;10;1;-1;;0;ajuste importacao 26/09 +1;2026-09-26;Estoque (1).xlsx casa + Anexos I (reconciliar-fonte-operacional.mjs);inconclusivo;;planilha 10, total antes 11, maleta 2: a diferença não é só a maleta. Contar no inventário.
317154;Pulseira Elos Retangulares Banho de Ouro 18k;5;4;1;0;1;5;5;1;-1;;0;ajuste importacao 26/09 +1;2026-09-26;Estoque (1).xlsx casa + Anexos I (reconciliar-fonte-operacional.mjs);correto;;já corrigido em 28/09
321102;Colar Gargatilha Quatro Bolas Banho de Ouro 18k;4;2;2;1;1;2;2;2;0;2;-2;ajuste importacao 26/09 +2;2026-09-26;Estoque (1).xlsx casa + Anexos I (reconciliar-fonte-operacional.mjs);comprovadamente errada;;"planilha 2 = total do sistema antes do go-live; ajuste +2 = peças em maleta (#15: 1, #16–18: 1). Corrigir -2."
322557;Anel Pai Nosso e Cruz Cravejada Banho de Ouro 18k;8;7;1;0;1;2;7;6;0;;0;ajuste importacao 26/09 +6;2026-09-26;Estoque (1).xlsx casa + Anexos I (reconciliar-fonte-operacional.mjs);inconclusivo;;planilha 7, total antes 2, maleta 1: a diferença não é só a maleta. Contar no inventário.
324092;Pulseira Esfera Quadrada Banho de Ouro 18k;1;0;1;0;1;1;1;1;-1;;0;ajuste importacao 26/09 +1;2026-09-26;Estoque (1).xlsx casa + Anexos I (reconciliar-fonte-operacional.mjs);correto;;já corrigido em 28/09
325838;Pulseira Pingentes de Flor de Pérola Banho de Ouro 18k;3;3;0;0;0;3;3;0;0;;0;entrada go-live 3;2026-09-26;Estoque (1).xlsx casa + Anexos I (reconciliar-fonte-operacional.mjs);correto;;peça cadastrada no go-live sem maleta somada
326084;Anel Abaulado Linhas com Zircônias Banho de Ouro 18k;6;6;0;0;0;6;6;0;0;;0;entrada go-live 6;2026-09-26;Estoque (1).xlsx casa + Anexos I (reconciliar-fonte-operacional.mjs);correto;;peça cadastrada no go-live sem maleta somada
326149;Colar Flor Grande Colorida Banho de Ouro 18k;1;0;1;0;1;1;1;1;-1;;0;ajuste importacao 26/09 +1;2026-09-26;Estoque (1).xlsx casa + Anexos I (reconciliar-fonte-operacional.mjs);correto;;já corrigido em 28/09
329494;Colar Menino Zircônia Verde Banho de Ouro 18k;2;2;0;0;0;2;2;0;0;;0;entrada go-live 2;2026-09-26;Estoque (1).xlsx casa + Anexos I (reconciliar-fonte-operacional.mjs);correto;;peça cadastrada no go-live sem maleta somada
329672;Anel Nó Liso Banho de Prata;2;2;0;0;0;2;2;0;0;;0;entrada go-live 2;2026-09-26;Estoque (1).xlsx casa + Anexos I (reconciliar-fonte-operacional.mjs);correto;;peça cadastrada no go-live sem maleta somada
329673;Anel Nó Liso Banho de Ouro 18k;10;10;0;0;0;10;10;0;0;;0;entrada go-live 10;2026-09-26;Estoque (1).xlsx casa + Anexos I (reconciliar-fonte-operacional.mjs);correto;;peça cadastrada no go-live sem maleta somada
331486;Pulseira Veneziana Bola e Nossa Senhora Banho de Ouro 18k;3;2;1;0;1;3;3;1;-1;;0;ajuste importacao 26/09 +1;2026-09-26;Estoque (1).xlsx casa + Anexos I (reconciliar-fonte-operacional.mjs);correto;;já corrigido em 28/09
333770;Anel Solitário Quadrado Banho de Ouro 18;6;6;0;0;0;6;6;0;0;;0;entrada go-live 6;2026-09-26;Estoque (1).xlsx casa + Anexos I (reconciliar-fonte-operacional.mjs);correto;;peça cadastrada no go-live sem maleta somada
334343;Colar Piastrine Banho de Ouro 18k;5;4;1;0;1;5;5;1;-1;;0;ajuste importacao 26/09 +1;2026-09-26;Estoque (1).xlsx casa + Anexos I (reconciliar-fonte-operacional.mjs);correto;;já corrigido em 28/09
340373;Pulseira Coração Esticadinho Cravejado Banho de Ouro 18k;3;1;2;0;2;3;3;2;-2;;0;ajuste importacao 26/09 +2;2026-09-26;Estoque (1).xlsx casa + Anexos I (reconciliar-fonte-operacional.mjs);correto;;já corrigido em 28/09
341266;Colar Gargantilha Gota Cravejado Vazado de Prata 925 (45cm);1;0;1;0;1;1;1;1;-1;;0;ajuste importacao 26/09 +1;2026-09-26;Estoque (1).xlsx casa + Anexos I (reconciliar-fonte-operacional.mjs);correto;;já corrigido em 28/09
342105;Pulseira Bolinha Pendurados Banho de Prata;1;1;0;0;0;1;1;0;0;;0;entrada go-live 1;2026-09-26;Estoque (1).xlsx casa + Anexos I (reconciliar-fonte-operacional.mjs);correto;;peça cadastrada no go-live sem maleta somada
343899;Conjunto Folha Cravejada Prata 925;0;0;0;0;0;1;;-1;0;;0;ajuste importacao 26/09 -1;2026-09-26;Estoque (1).xlsx casa + Anexos I (reconciliar-fonte-operacional.mjs);inconclusivo;;"ajuste da planilha sem peça em maleta (planilha —, total antes 1). Não é contagem dupla; conferir no inventário."
344122;Conjunto Redondo com Zircônias Banho de Ouro 18k;1;0;1;0;1;1;1;1;-1;;0;ajuste importacao 26/09 +1;2026-09-26;Estoque (1).xlsx casa + Anexos I (reconciliar-fonte-operacional.mjs);correto;;já corrigido em 28/09
345441;Anel Elos com Zircônia de Gota Banho de Ouro 18k;1;1;0;0;0;1;1;0;0;;0;entrada go-live 1;2026-09-26;Estoque (1).xlsx casa + Anexos I (reconciliar-fonte-operacional.mjs);correto;;peça cadastrada no go-live sem maleta somada
346352;Anel Cobra Cravejada Banho de Ouro 18k;1;0;1;0;1;1;1;1;-1;;0;ajuste importacao 26/09 +1;2026-09-26;Estoque (1).xlsx casa + Anexos I (reconciliar-fonte-operacional.mjs);correto;;já corrigido em 28/09
346802;Anel Design Infinito Banho de Ouro 18k e Ródio Branco;2;1;1;0;1;2;2;1;-1;;0;ajuste importacao 26/09 +1;2026-09-26;Estoque (1).xlsx casa + Anexos I (reconciliar-fonte-operacional.mjs);correto;;já corrigido em 28/09
347249;Pulseira Borboleta Preta Banho de Ouro 18k;2;0;2;0;2;2;2;2;-2;;0;ajuste importacao 26/09 +2;2026-09-26;Estoque (1).xlsx casa + Anexos I (reconciliar-fonte-operacional.mjs);correto;;já corrigido em 28/09
347415;Colar Ponto de Luz Círculo Cristal Prata 925 (45cm);1;0;1;0;1;1;1;1;-1;;0;ajuste importacao 26/09 +1;2026-09-26;Estoque (1).xlsx casa + Anexos I (reconciliar-fonte-operacional.mjs);correto;;já corrigido em 28/09
347424;Pulseira Elos Português e Medalha Pai Nosso Banho de Ouro 18k;3;3;0;0;0;3;3;0;0;;0;entrada go-live 3;2026-09-26;Estoque (1).xlsx casa + Anexos I (reconciliar-fonte-operacional.mjs);correto;;peça cadastrada no go-live sem maleta somada
349295;Pulseira Cruz e Espírito Santo Banho de Prata;2;2;0;0;0;2;2;0;0;;0;entrada go-live 2;2026-09-26;Estoque (1).xlsx casa + Anexos I (reconciliar-fonte-operacional.mjs);correto;;peça cadastrada no go-live sem maleta somada
349296;Pulseira Cruz e Espírito Santo Banho de Ouro 18k;3;3;0;0;0;3;3;0;0;;0;entrada go-live 3;2026-09-26;Estoque (1).xlsx casa + Anexos I (reconciliar-fonte-operacional.mjs);correto;;peça cadastrada no go-live sem maleta somada
350077;Colar Ponto de Luz Rosa Banho de Ouro 18k;2;1;1;0;1;2;2;1;-1;;0;ajuste importacao 26/09 +1;2026-09-26;Estoque (1).xlsx casa + Anexos I (reconciliar-fonte-operacional.mjs);correto;;já corrigido em 28/09
352831;Colar Infantil Minnie Banho de Ouro 18k;2;2;0;0;0;2;2;0;0;;0;entrada go-live 2;2026-09-26;Estoque (1).xlsx casa + Anexos I (reconciliar-fonte-operacional.mjs);correto;;peça cadastrada no go-live sem maleta somada
353022;Anel Quadrado Duplo Micro Zircônias Banho de Ouro 18k;5;4;1;0;1;5;5;1;-1;;0;ajuste importacao 26/09 +1;2026-09-26;Estoque (1).xlsx casa + Anexos I (reconciliar-fonte-operacional.mjs);correto;;já corrigido em 28/09
354995;Pulseira Terço Banho de Prata;1;1;0;0;0;1;1;0;0;;0;entrada go-live 1;2026-09-26;Estoque (1).xlsx casa + Anexos I (reconciliar-fonte-operacional.mjs);correto;;peça cadastrada no go-live sem maleta somada
354996;Pulseira Terço Banho de Ouro 18k;2;2;0;0;0;2;2;0;0;;0;entrada go-live 2;2026-09-26;Estoque (1).xlsx casa + Anexos I (reconciliar-fonte-operacional.mjs);correto;;peça cadastrada no go-live sem maleta somada
359219;Pulseira Fita Torcida 2mm Banho de Ouro 18k;1;0;1;0;1;1;1;1;-1;;0;ajuste importacao 26/09 +1;2026-09-26;Estoque (1).xlsx casa + Anexos I (reconciliar-fonte-operacional.mjs);correto;;já corrigido em 28/09
359321;Anel Quadrado Duplo Zircônias Cravejadas Banho de Ouro 18k;1;0;1;0;1;1;1;1;-1;;0;ajuste importacao 26/09 +1;2026-09-26;Estoque (1).xlsx casa + Anexos I (reconciliar-fonte-operacional.mjs);correto;;já corrigido em 28/09
362747;Colar Elos Longo Trabalhado Banho de Ouro 18k;3;2;1;0;1;3;3;1;-1;;0;ajuste importacao 26/09 +1;2026-09-26;Estoque (1).xlsx casa + Anexos I (reconciliar-fonte-operacional.mjs);correto;;já corrigido em 28/09
362820;Pulseira Osso Pet Cravejado Banho de Ouro 18k;3;2;1;1;0;2;2;1;0;2;-1;ajuste importacao 26/09 +1;2026-09-26;Estoque (1).xlsx casa + Anexos I (reconciliar-fonte-operacional.mjs);comprovadamente errada;;"planilha 2 = total do sistema antes do go-live; ajuste +1 = peças em maleta (#15: 1, #16–18: 0). Corrigir -1."
362827;Colar Choker Zircônias Pretas Banho de Ouro 18k;2;2;0;0;0;1;2;1;0;;0;ajuste importacao 26/09 +1;2026-09-26;Estoque (1).xlsx casa + Anexos I (reconciliar-fonte-operacional.mjs);inconclusivo;;"ajuste da planilha sem peça em maleta (planilha 2, total antes 1). Não é contagem dupla; conferir no inventário."
362828;Colar Choker Zircônias Pretas Banho de Prata;1;1;0;0;0;1;1;0;0;;0;entrada go-live 1;2026-09-26;Estoque (1).xlsx casa + Anexos I (reconciliar-fonte-operacional.mjs);correto;;peça cadastrada no go-live sem maleta somada
364945;Colar Filhas Duas Meninas Banho de Ouro 18k;1;1;0;0;0;1;1;0;0;;0;entrada go-live 1;2026-09-26;Estoque (1).xlsx casa + Anexos I (reconciliar-fonte-operacional.mjs);correto;;peça cadastrada no go-live sem maleta somada
365076;Anel Liso Topo Abaulado Banho de Ouro 18k;6;6;0;0;0;6;6;0;0;;0;entrada go-live 6;2026-09-26;Estoque (1).xlsx casa + Anexos I (reconciliar-fonte-operacional.mjs);correto;;peça cadastrada no go-live sem maleta somada
365363;Pulseira Esfera Oval Texturizada Banho de Ouro 18k;4;3;1;0;1;1;3;3;0;;0;ajuste importacao 26/09 +3;2026-09-26;Estoque (1).xlsx casa + Anexos I (reconciliar-fonte-operacional.mjs);inconclusivo;;planilha 3, total antes 1, maleta 1: a diferença não é só a maleta. Contar no inventário.
369301;Escapulário Nossa Senhora das Graças e Cristo Banho de Ouro 18k;5;5;0;0;0;5;5;0;0;;0;entrada go-live 5;2026-09-26;Estoque (1).xlsx casa + Anexos I (reconciliar-fonte-operacional.mjs);correto;;peça cadastrada no go-live sem maleta somada
370370;Pulseira Coração Cravejado Pendurado Banho de Prata;1;1;0;0;0;1;1;0;0;;0;entrada go-live 1;2026-09-26;Estoque (1).xlsx casa + Anexos I (reconciliar-fonte-operacional.mjs);correto;;peça cadastrada no go-live sem maleta somada
370371;Pulseira Coração Cravejado Pendurado Banho de Ouro 18k;4;4;0;0;0;3;4;1;0;;0;ajuste importacao 26/09 +1;2026-09-26;Estoque (1).xlsx casa + Anexos I (reconciliar-fonte-operacional.mjs);inconclusivo;;"ajuste da planilha sem peça em maleta (planilha 4, total antes 3). Não é contagem dupla; conferir no inventário."
370390;Pulseira Canutilhos com Micro Bolinhas Banho de Prata;2;2;0;0;0;2;2;0;0;;0;entrada go-live 2;2026-09-26;Estoque (1).xlsx casa + Anexos I (reconciliar-fonte-operacional.mjs);correto;;peça cadastrada no go-live sem maleta somada
370391;Pulseira Canutilhos com Micro Bolinhas Banho de Ouro 18k;3;3;0;0;0;3;3;0;0;;0;entrada go-live 3;2026-09-26;Estoque (1).xlsx casa + Anexos I (reconciliar-fonte-operacional.mjs);correto;;peça cadastrada no go-live sem maleta somada
371009;Colar Canutilho e Esfera Banho de Prata;1;1;0;0;0;1;1;0;0;;0;entrada go-live 1;2026-09-26;Estoque (1).xlsx casa + Anexos I (reconciliar-fonte-operacional.mjs);correto;;peça cadastrada no go-live sem maleta somada
371010;Colar Canutilho e Esfera Banho de Ouro 18k;3;3;0;0;0;1;3;2;0;;0;ajuste importacao 26/09 +2;2026-09-26;Estoque (1).xlsx casa + Anexos I (reconciliar-fonte-operacional.mjs);inconclusivo;;"ajuste da planilha sem peça em maleta (planilha 3, total antes 1). Não é contagem dupla; conferir no inventário."
373309;Pulseira Minis Elos Trabalhados Banho de Ouro 18k;2;1;1;0;1;2;2;1;-1;;0;ajuste importacao 26/09 +1;2026-09-26;Estoque (1).xlsx casa + Anexos I (reconciliar-fonte-operacional.mjs);correto;;já corrigido em 28/09
374979;Colar Coração Cravejado Rosa Prata 925;1;0;1;0;1;1;1;1;-1;;0;ajuste importacao 26/09 +1;2026-09-26;Estoque (1).xlsx casa + Anexos I (reconciliar-fonte-operacional.mjs);correto;;já corrigido em 28/09
375053;Pulseira Bolinha Pendurados Banho de Ouro 18k;4;4;0;0;0;4;4;0;0;;0;entrada go-live 4;2026-09-26;Estoque (1).xlsx casa + Anexos I (reconciliar-fonte-operacional.mjs);correto;;peça cadastrada no go-live sem maleta somada
375785;Pulseira Coração Zircônia Cristal Banho de Prata;1;1;0;0;0;1;1;0;0;;0;entrada go-live 1;2026-09-26;Estoque (1).xlsx casa + Anexos I (reconciliar-fonte-operacional.mjs);correto;;peça cadastrada no go-live sem maleta somada
375786;Pulseira Coração Zircônia Cristal Banho de Ouro 18k;3;3;0;0;0;1;3;2;0;;0;ajuste importacao 26/09 +2;2026-09-26;Estoque (1).xlsx casa + Anexos I (reconciliar-fonte-operacional.mjs);inconclusivo;;"ajuste da planilha sem peça em maleta (planilha 3, total antes 1). Não é contagem dupla; conferir no inventário."
376199;Colar Borboleta Preto Banho de Ouro 18k;1;0;1;0;1;1;1;1;-1;;0;ajuste importacao 26/09 +1;2026-09-26;Estoque (1).xlsx casa + Anexos I (reconciliar-fonte-operacional.mjs);correto;;já corrigido em 28/09
376470;Pulseira ZigZag Banho de Ouro 18k;6;4;2;0;2;2;4;4;0;;0;ajuste importacao 26/09 +4;2026-09-26;Estoque (1).xlsx casa + Anexos I (reconciliar-fonte-operacional.mjs);inconclusivo;;planilha 4, total antes 2, maleta 2: a diferença não é só a maleta. Contar no inventário.
377104;Pulseira Corção Vazado Banho de Prata;1;1;0;0;0;1;1;0;0;;0;entrada go-live 1;2026-09-26;Estoque (1).xlsx casa + Anexos I (reconciliar-fonte-operacional.mjs);correto;;peça cadastrada no go-live sem maleta somada
377105;Pulseira Coração Vazado Banho de Ouro 18k;3;2;1;0;1;1;2;2;0;;0;ajuste importacao 26/09 +2;2026-09-26;Estoque (1).xlsx casa + Anexos I (reconciliar-fonte-operacional.mjs);inconclusivo;;planilha 2, total antes 1, maleta 1: a diferença não é só a maleta. Contar no inventário.
377284;Colar Gargantilha Circulo Cravejado Prata 925 (45cm);1;0;1;0;1;1;1;1;-1;;0;ajuste importacao 26/09 +1;2026-09-26;Estoque (1).xlsx casa + Anexos I (reconciliar-fonte-operacional.mjs);correto;;já corrigido em 28/09
377535;Anel Linhas e X Cravejado Banho de Ouro 18k;5;4;1;0;1;5;5;1;-1;;0;ajuste importacao 26/09 +1;2026-09-26;Estoque (1).xlsx casa + Anexos I (reconciliar-fonte-operacional.mjs);correto;;já corrigido em 28/09
378852;Colar Filhas Três Meninas Banho de Ouro 18k;1;1;0;0;0;1;1;0;0;;0;entrada go-live 1;2026-09-26;Estoque (1).xlsx casa + Anexos I (reconciliar-fonte-operacional.mjs);correto;;peça cadastrada no go-live sem maleta somada
379282;Pulseira Baguete Zircônias Incolor Banho de Ouro 18k;7;5;2;0;2;2;5;5;0;;0;ajuste importacao 26/09 +5;2026-09-26;Estoque (1).xlsx casa + Anexos I (reconciliar-fonte-operacional.mjs);inconclusivo;;planilha 5, total antes 2, maleta 2: a diferença não é só a maleta. Contar no inventário.
381047;Colar Menino Zircônia Azul Prata 925;1;1;0;0;0;1;1;0;0;;0;entrada go-live 1;2026-09-26;Estoque (1).xlsx casa + Anexos I (reconciliar-fonte-operacional.mjs);correto;;peça cadastrada no go-live sem maleta somada
381717;Colar Nossa Senhora Gota Cravejada Banho de Prata;1;1;0;0;0;1;1;0;0;;0;entrada go-live 1;2026-09-26;Estoque (1).xlsx casa + Anexos I (reconciliar-fonte-operacional.mjs);correto;;peça cadastrada no go-live sem maleta somada
381718;Colar Nossa Senhora Gota Cravejada Banho de Ouro 18k;7;5;2;0;2;3;5;4;0;;0;ajuste importacao 26/09 +4;2026-09-26;Estoque (1).xlsx casa + Anexos I (reconciliar-fonte-operacional.mjs);inconclusivo;;planilha 5, total antes 3, maleta 2: a diferença não é só a maleta. Contar no inventário.
381783;Anel Solitário Aro Duplo Zircônias Cravejadas Banho de Ouro 18k;4;2;2;0;2;4;4;2;-2;;0;ajuste importacao 26/09 +2;2026-09-26;Estoque (1).xlsx casa + Anexos I (reconciliar-fonte-operacional.mjs);correto;;já corrigido em 28/09
382662;Anel Lateral Vazada com Detalhes Zircônias Banho de Ouro 18k;3;2;1;0;1;3;3;1;-1;;0;ajuste importacao 26/09 +1;2026-09-26;Estoque (1).xlsx casa + Anexos I (reconciliar-fonte-operacional.mjs);correto;;já corrigido em 28/09
386928;Pulseira Bota Country com Estrela Banho de Ouro 18k;5;3;2;1;1;3;3;2;0;3;-2;ajuste importacao 26/09 +2;2026-09-26;Estoque (1).xlsx casa + Anexos I (reconciliar-fonte-operacional.mjs);comprovadamente errada;;"planilha 3 = total do sistema antes do go-live; ajuste +2 = peças em maleta (#15: 1, #16–18: 1). Corrigir -2."
386946;Anel Gota Verde Água Cravejado Banho de Ouro 18k;1;1;0;0;0;1;1;0;0;;0;entrada go-live 1;2026-09-26;Estoque (1).xlsx casa + Anexos I (reconciliar-fonte-operacional.mjs);correto;;peça cadastrada no go-live sem maleta somada
387127;Colar Coração Cravejado Banho de Prata;1;1;0;0;0;1;1;0;0;;0;entrada go-live 1;2026-09-26;Estoque (1).xlsx casa + Anexos I (reconciliar-fonte-operacional.mjs);correto;;peça cadastrada no go-live sem maleta somada
387128;Colar Coração Cravejado Banho de Ouro 18k;1;1;0;0;0;1;1;0;0;;0;entrada go-live 1;2026-09-26;Estoque (1).xlsx casa + Anexos I (reconciliar-fonte-operacional.mjs);correto;;peça cadastrada no go-live sem maleta somada
387480;Pulseira Esfera Oval Lisa Banho de Ouro 18k;4;2;2;1;1;2;2;2;0;2;-2;ajuste importacao 26/09 +2;2026-09-26;Estoque (1).xlsx casa + Anexos I (reconciliar-fonte-operacional.mjs);comprovadamente errada;;"planilha 2 = total do sistema antes do go-live; ajuste +2 = peças em maleta (#15: 1, #16–18: 1). Corrigir -2."
387876;Anel Solitário com Pedra de Zircônia Prata 925;1;0;1;0;1;1;1;1;-1;;0;ajuste importacao 26/09 +1;2026-09-26;Estoque (1).xlsx casa + Anexos I (reconciliar-fonte-operacional.mjs);correto;;já corrigido em 28/09
388562;Anel Base Reta Lisa Banho de Ouro 18k;1;1;0;0;0;1;1;0;0;;0;entrada go-live 1;2026-09-26;Estoque (1).xlsx casa + Anexos I (reconciliar-fonte-operacional.mjs);correto;;peça cadastrada no go-live sem maleta somada
390243;Anel Croissant Liso Banho de Prata;2;2;0;0;0;2;2;0;0;;0;entrada go-live 2;2026-09-26;Estoque (1).xlsx casa + Anexos I (reconciliar-fonte-operacional.mjs);correto;;peça cadastrada no go-live sem maleta somada
390244;Anel Croissant Liso Banho de Ouro 18k;7;7;0;0;0;7;7;0;0;;0;entrada go-live 7;2026-09-26;Estoque (1).xlsx casa + Anexos I (reconciliar-fonte-operacional.mjs);correto;;peça cadastrada no go-live sem maleta somada
392636;Pulseira Pingentes de Flor de Pérola Banho de Prata;2;2;0;0;0;2;2;0;0;;0;entrada go-live 2;2026-09-26;Estoque (1).xlsx casa + Anexos I (reconciliar-fonte-operacional.mjs);correto;;peça cadastrada no go-live sem maleta somada
392893;Anel Nossa Senhora Zircônia Azul Banho de Prata;6;4;2;0;2;6;6;2;-2;;0;ajuste importacao 26/09 +2;2026-09-26;Estoque (1).xlsx casa + Anexos I (reconciliar-fonte-operacional.mjs);correto;;já corrigido em 28/09
393011;Anel Duplo Aparador banho de Ouro 18k;1;1;0;0;0;1;1;0;0;;0;entrada go-live 1;2026-09-26;Estoque (1).xlsx casa + Anexos I (reconciliar-fonte-operacional.mjs);correto;;peça cadastrada no go-live sem maleta somada
399293;Pulseira Masculina Infantil Grume Banho de Prata;1;0;1;0;1;1;1;1;-1;;0;ajuste importacao 26/09 +1;2026-09-26;Estoque (1).xlsx casa + Anexos I (reconciliar-fonte-operacional.mjs);correto;;já corrigido em 28/09
399872;Colar Filhos Duas Meninas e Um Menino Banho de Ouro 18k;1;1;0;0;0;0;1;1;0;;0;ajuste importacao 26/09 +1;2026-09-26;Estoque (1).xlsx casa + Anexos I (reconciliar-fonte-operacional.mjs);inconclusivo;;"ajuste da planilha sem peça em maleta (planilha 1, total antes 0). Não é contagem dupla; conferir no inventário."
405446;Colar Menino Azul Cravejado Prata 925;1;1;0;0;0;1;1;0;0;;0;entrada go-live 1;2026-09-26;Estoque (1).xlsx casa + Anexos I (reconciliar-fonte-operacional.mjs);correto;;peça cadastrada no go-live sem maleta somada
408061;Anel Aparador de Aliança Banho de Ouro 18k;3;2;1;0;1;3;3;1;-1;;0;ajuste importacao 26/09 +1;2026-09-26;Estoque (1).xlsx casa + Anexos I (reconciliar-fonte-operacional.mjs);correto;;já corrigido em 28/09
408628;Pulseira Elos Hexagonal Banho de Prata;1;1;0;0;0;1;1;0;0;;0;entrada go-live 1;2026-09-26;Estoque (1).xlsx casa + Anexos I (reconciliar-fonte-operacional.mjs);correto;;peça cadastrada no go-live sem maleta somada
408629;Pulseira Elos Hexagonal Banho de Ouro 18k;4;3;1;0;1;1;3;3;0;;0;ajuste importacao 26/09 +3;2026-09-26;Estoque (1).xlsx casa + Anexos I (reconciliar-fonte-operacional.mjs);inconclusivo;;planilha 3, total antes 1, maleta 1: a diferença não é só a maleta. Contar no inventário.
410321;Anel Liso Topo Reto Banho de Ouro 18k;6;6;0;0;0;6;6;0;0;;0;entrada go-live 6;2026-09-26;Estoque (1).xlsx casa + Anexos I (reconciliar-fonte-operacional.mjs);correto;;peça cadastrada no go-live sem maleta somada
412119;Colar Coração Vazado Cravejado Banho de Ouro 18k;1;0;1;0;1;1;1;1;-1;;0;ajuste importacao 26/09 +1;2026-09-26;Estoque (1).xlsx casa + Anexos I (reconciliar-fonte-operacional.mjs);correto;;já corrigido em 28/09
414895;Anel Coração Esticadinho Zircônia Banho de Ouro 18k;5;5;0;0;0;5;5;0;0;;0;entrada go-live 5;2026-09-26;Estoque (1).xlsx casa + Anexos I (reconciliar-fonte-operacional.mjs);correto;;peça cadastrada no go-live sem maleta somada
416368;Pulseira Esfera Maior e Menor Banho de Ouro 18k;2;1;1;0;1;2;2;1;-1;;0;ajuste importacao 26/09 +1;2026-09-26;Estoque (1).xlsx casa + Anexos I (reconciliar-fonte-operacional.mjs);correto;;já corrigido em 28/09
416728;Bracelete Liso Nó Banho de Prata;1;1;0;0;0;1;1;0;0;;0;entrada go-live 1;2026-09-26;Estoque (1).xlsx casa + Anexos I (reconciliar-fonte-operacional.mjs);correto;;peça cadastrada no go-live sem maleta somada
416729;Bracelete Liso Nó Banho de Ouro 18k;2;2;0;0;0;2;2;0;0;;0;entrada go-live 2;2026-09-26;Estoque (1).xlsx casa + Anexos I (reconciliar-fonte-operacional.mjs);correto;;peça cadastrada no go-live sem maleta somada
417528;Anel Onda Regulavél Banho de Ouro 18k;4;4;0;0;0;1;4;3;0;;0;ajuste importacao 26/09 +3;2026-09-26;Estoque (1).xlsx casa + Anexos I (reconciliar-fonte-operacional.mjs);inconclusivo;;"ajuste da planilha sem peça em maleta (planilha 4, total antes 1). Não é contagem dupla; conferir no inventário."
417615;Pulseira Corações Chapa 6mm Banho de Ouro 18k;4;2;2;1;1;2;2;2;0;2;-2;ajuste importacao 26/09 +2;2026-09-26;Estoque (1).xlsx casa + Anexos I (reconciliar-fonte-operacional.mjs);comprovadamente errada;;"planilha 2 = total do sistema antes do go-live; ajuste +2 = peças em maleta (#15: 1, #16–18: 1). Corrigir -2."
418300;Bracelete Torcido Banho de Ouro 18k;5;5;0;0;0;5;5;0;0;;0;entrada go-live 5;2026-09-26;Estoque (1).xlsx casa + Anexos I (reconciliar-fonte-operacional.mjs);correto;;peça cadastrada no go-live sem maleta somada
419448;Anel Liso Topo com Zircônias Incolores Banho de Ouro 18k;6;6;0;0;0;6;6;0;0;;0;entrada go-live 6;2026-09-26;Estoque (1).xlsx casa + Anexos I (reconciliar-fonte-operacional.mjs);correto;;peça cadastrada no go-live sem maleta somada
420934;Colar Choker Cubos e Pérolas Banho de Prata;1;1;0;0;0;1;1;0;0;;0;entrada go-live 1;2026-09-26;Estoque (1).xlsx casa + Anexos I (reconciliar-fonte-operacional.mjs);correto;;peça cadastrada no go-live sem maleta somada
420935;Colar Choker Cubos e Pérolas Banho de Ouro 18k;4;3;1;0;1;1;3;3;0;;0;ajuste importacao 26/09 +3;2026-09-26;Estoque (1).xlsx casa + Anexos I (reconciliar-fonte-operacional.mjs);inconclusivo;;planilha 3, total antes 1, maleta 1: a diferença não é só a maleta. Contar no inventário.
421089;Anel Regulável Aro Duplo Liso Banho de Ouro 18K;5;3;2;1;1;3;3;2;0;3;-2;ajuste importacao 26/09 +2;2026-09-26;Estoque (1).xlsx casa + Anexos I (reconciliar-fonte-operacional.mjs);comprovadamente errada;;"planilha 3 = total do sistema antes do go-live; ajuste +2 = peças em maleta (#15: 1, #16–18: 1). Corrigir -2."
421126;Colar Choker Aro Liso Nó Banho de Ouro 18k;2;2;0;0;0;2;2;0;0;;0;entrada go-live 2;2026-09-26;Estoque (1).xlsx casa + Anexos I (reconciliar-fonte-operacional.mjs);correto;;peça cadastrada no go-live sem maleta somada
421682;Colar Trevo Zircônia Incolor Banho de Prata;2;1;1;1;0;1;1;1;0;1;-1;ajuste importacao 26/09 +1;2026-09-26;Estoque (1).xlsx casa + Anexos I (reconciliar-fonte-operacional.mjs);comprovadamente errada;;"planilha 1 = total do sistema antes do go-live; ajuste +1 = peças em maleta (#15: 1, #16–18: 0). Corrigir -1."
421683;Colar Trevo Zircônia Incolor Banho de Ouro 18k;2;1;1;0;1;2;2;1;-1;;0;ajuste importacao 26/09 +1;2026-09-26;Estoque (1).xlsx casa + Anexos I (reconciliar-fonte-operacional.mjs);correto;;já corrigido em 28/09
422148;Pulseira Bolinhas Lisa Banho de Ouro 18k;4;2;2;1;1;2;2;2;0;2;-2;ajuste importacao 26/09 +2;2026-09-26;Estoque (1).xlsx casa + Anexos I (reconciliar-fonte-operacional.mjs);comprovadamente errada;;"planilha 2 = total do sistema antes do go-live; ajuste +2 = peças em maleta (#15: 1, #16–18: 1). Corrigir -2."
422493;Pulseira Masculino Elos Fino Banho de Prata;2;2;0;0;0;2;2;0;0;;0;entrada go-live 2;2026-09-26;Estoque (1).xlsx casa + Anexos I (reconciliar-fonte-operacional.mjs);correto;;peça cadastrada no go-live sem maleta somada
422494;Pulseira Masculino Elos Fino Banho de Ouro 18k;3;3;0;0;0;3;3;0;0;;0;entrada go-live 3;2026-09-26;Estoque (1).xlsx casa + Anexos I (reconciliar-fonte-operacional.mjs);correto;;peça cadastrada no go-live sem maleta somada
425135;Colar Arredondado com Cavalo e Ferradura Banho de Ouro 18k;2;1;1;0;1;2;2;1;-1;;0;ajuste importacao 26/09 +1;2026-09-26;Estoque (1).xlsx casa + Anexos I (reconciliar-fonte-operacional.mjs);correto;;já corrigido em 28/09
426579;Tornozeleira Bolinhas Banho de Ouro 18k;3;1;2;0;2;3;3;2;-2;;0;ajuste importacao 26/09 +2;2026-09-26;Estoque (1).xlsx casa + Anexos I (reconciliar-fonte-operacional.mjs);correto;;já corrigido em 28/09
426964;Colar Trevo Zircônia Rosa Claro Banho de Prata;1;0;1;0;1;1;1;1;-1;;0;ajuste importacao 26/09 +1;2026-09-26;Estoque (1).xlsx casa + Anexos I (reconciliar-fonte-operacional.mjs);correto;;já corrigido em 28/09
428937;Bracelete Amassado Banho de Prata;1;1;0;0;0;1;1;0;0;;0;entrada go-live 1;2026-09-26;Estoque (1).xlsx casa + Anexos I (reconciliar-fonte-operacional.mjs);correto;;peça cadastrada no go-live sem maleta somada
428938;Bracelete Amassado Banho de Ouro 18k;2;2;0;0;0;2;2;0;0;;0;entrada go-live 2;2026-09-26;Estoque (1).xlsx casa + Anexos I (reconciliar-fonte-operacional.mjs);correto;;peça cadastrada no go-live sem maleta somada
429300;Colar Coração Zircônias Coloridas Banho de Ouro 18k;3;2;1;1;0;2;2;1;0;2;-1;ajuste importacao 26/09 +1;2026-09-26;Estoque (1).xlsx casa + Anexos I (reconciliar-fonte-operacional.mjs);comprovadamente errada;;"planilha 2 = total do sistema antes do go-live; ajuste +1 = peças em maleta (#15: 1, #16–18: 0). Corrigir -1."
430534;Colar Terço Nossa Senhora das Graças Banho de Ouro 18k;5;5;0;0;0;5;5;0;0;;0;entrada go-live 5;2026-09-26;Estoque (1).xlsx casa + Anexos I (reconciliar-fonte-operacional.mjs);correto;;peça cadastrada no go-live sem maleta somada
432665;Colar Terço Jesus Cristo Banho de Ouro 18k;2;2;0;0;0;2;2;0;0;;0;entrada go-live 2;2026-09-26;Estoque (1).xlsx casa + Anexos I (reconciliar-fonte-operacional.mjs);correto;;peça cadastrada no go-live sem maleta somada
433062;Colar Trevo Zircônia Verde Banho de Ouro 18k;3;2;1;1;0;2;2;1;0;2;-1;ajuste importacao 26/09 +1;2026-09-26;Estoque (1).xlsx casa + Anexos I (reconciliar-fonte-operacional.mjs);comprovadamente errada;;"planilha 2 = total do sistema antes do go-live; ajuste +1 = peças em maleta (#15: 1, #16–18: 0). Corrigir -1."
433915;Pulseira Três Corações Lisos Esticadinho Banho de Ouro 18k;3;2;1;1;0;2;2;1;0;2;-1;ajuste importacao 26/09 +1;2026-09-26;Estoque (1).xlsx casa + Anexos I (reconciliar-fonte-operacional.mjs);comprovadamente errada;;"planilha 2 = total do sistema antes do go-live; ajuste +1 = peças em maleta (#15: 1, #16–18: 0). Corrigir -1."
434324;Colar Choker Zircônias Incolor Finas Banho de Ouro 18k;2;1;1;0;1;2;2;1;-1;;0;ajuste importacao 26/09 +1;2026-09-26;Estoque (1).xlsx casa + Anexos I (reconciliar-fonte-operacional.mjs);correto;;já corrigido em 28/09
434824;Colar Cartie Diamantada Banho de Ouro 18k;3;3;0;0;0;3;3;0;0;;0;entrada go-live 3;2026-09-26;Estoque (1).xlsx casa + Anexos I (reconciliar-fonte-operacional.mjs);correto;;peça cadastrada no go-live sem maleta somada
436747;Conjunto Oval Cravejado Banho de Ouro 18k;1;1;0;0;0;2;1;-1;0;;0;ajuste importacao 26/09 -1;2026-09-26;Estoque (1).xlsx casa + Anexos I (reconciliar-fonte-operacional.mjs);inconclusivo;;"ajuste da planilha sem peça em maleta (planilha 1, total antes 2). Não é contagem dupla; conferir no inventário."
436815;Anel Zigzag com Folhas Prata 925;1;0;1;0;1;1;1;1;-1;;0;ajuste importacao 26/09 +1;2026-09-26;Estoque (1).xlsx casa + Anexos I (reconciliar-fonte-operacional.mjs);correto;;já corrigido em 28/09
437989;Pingentes Gotas Coloridas com Zircônias Banho de Ouro 18k;6;6;0;0;0;6;6;0;0;;0;entrada go-live 6;2026-09-26;Estoque (1).xlsx casa + Anexos I (reconciliar-fonte-operacional.mjs);correto;;peça cadastrada no go-live sem maleta somada
440096;Pulseira Elos Cadeado Banho de Ouro 18k;3;3;0;0;0;3;3;0;0;;0;entrada go-live 3;2026-09-26;Estoque (1).xlsx casa + Anexos I (reconciliar-fonte-operacional.mjs);correto;;peça cadastrada no go-live sem maleta somada
440528;Pingente Orgânico Circulo Madrepérola Banho de Ouro 18k;3;3;0;0;0;3;3;0;0;;0;entrada go-live 3;2026-09-26;Estoque (1).xlsx casa + Anexos I (reconciliar-fonte-operacional.mjs);correto;;peça cadastrada no go-live sem maleta somada
443163;Colar Menino Cravejado Banho de Ouro 18k;1;1;0;0;0;2;1;-1;0;;0;ajuste importacao 26/09 -1;2026-09-26;Estoque (1).xlsx casa + Anexos I (reconciliar-fonte-operacional.mjs);inconclusivo;;"ajuste da planilha sem peça em maleta (planilha 1, total antes 2). Não é contagem dupla; conferir no inventário."
443575;Colar Veneziana 65cm Banho de Ouro 18k;1;1;0;0;0;1;1;0;0;;0;entrada go-live 1;2026-09-26;Estoque (1).xlsx casa + Anexos I (reconciliar-fonte-operacional.mjs);correto;;peça cadastrada no go-live sem maleta somada
444032;Colar Veneziana 45cm + extensor Banho de Ouro 18k;1;1;0;0;0;2;2;0;0;;0;entrada go-live 2;2026-09-26;Estoque (1).xlsx casa + Anexos I (reconciliar-fonte-operacional.mjs);correto;;peça cadastrada no go-live sem maleta somada
445114;Pulseira Borboleta Madrepérola Banho de Ouro 18k;2;1;1;1;0;1;1;1;0;1;-1;ajuste importacao 26/09 +1;2026-09-26;Estoque (1).xlsx casa + Anexos I (reconciliar-fonte-operacional.mjs);comprovadamente errada;;"planilha 1 = total do sistema antes do go-live; ajuste +1 = peças em maleta (#15: 1, #16–18: 0). Corrigir -1."
446258;Colar Longo de Bolas Lisas Banho de Prata;1;1;0;0;0;1;1;0;0;;0;entrada go-live 1;2026-09-26;Estoque (1).xlsx casa + Anexos I (reconciliar-fonte-operacional.mjs);correto;;peça cadastrada no go-live sem maleta somada
446259;Colar Longo de Bolas Lisas Banho de Ouro 18k;4;4;0;0;0;4;4;0;0;;0;entrada go-live 4;2026-09-26;Estoque (1).xlsx casa + Anexos I (reconciliar-fonte-operacional.mjs);correto;;peça cadastrada no go-live sem maleta somada
446425;Pulseira Retângulo Cravejado com Zircônias Banho de Ouro 18k;3;2;1;0;1;3;2;0;0;;0;entrada go-live 3;2026-09-26;Estoque (1).xlsx casa + Anexos I (reconciliar-fonte-operacional.mjs);provável erro;;"peça cadastrada no go-live com planilha 2 + maleta 1; se a planilha já contava a maleta, há 1 a mais. Conferir no inventário."
446891;Colar Três Zircônias Peridoto Banho de Ouro 18k;2;2;0;0;0;2;2;0;0;;0;entrada go-live 2;2026-09-26;Estoque (1).xlsx casa + Anexos I (reconciliar-fonte-operacional.mjs);correto;;peça cadastrada no go-live sem maleta somada
448131;Bracelete Fios Lisos Banho de Ouro 18k;10;10;0;0;0;10;10;0;0;;0;entrada go-live 10;2026-09-26;Estoque (1).xlsx casa + Anexos I (reconciliar-fonte-operacional.mjs);correto;;peça cadastrada no go-live sem maleta somada
450320;Anel Micro Zircônias Banho de Ouro 18k;5;5;0;0;0;5;5;0;0;;0;entrada go-live 5;2026-09-26;Estoque (1).xlsx casa + Anexos I (reconciliar-fonte-operacional.mjs);correto;;peça cadastrada no go-live sem maleta somada
452384;Escapulário Sagrado Coração e Nossa Senhora Banho de Ouro 18k;4;3;1;1;0;3;3;1;0;3;-1;ajuste importacao 26/09 +1;2026-09-26;Estoque (1).xlsx casa + Anexos I (reconciliar-fonte-operacional.mjs);comprovadamente errada;;"planilha 3 = total do sistema antes do go-live; ajuste +1 = peças em maleta (#15: 1, #16–18: 0). Corrigir -1."
453578;Colar Veneziana 0.80 com Bolinhas Banho de Ouro 18k;2;1;1;0;1;2;2;1;-1;;0;ajuste importacao 26/09 +1;2026-09-26;Estoque (1).xlsx casa + Anexos I (reconciliar-fonte-operacional.mjs);correto;;já corrigido em 28/09
461745;Anel Solitário com Pedra na Lateral Banho de Ouro 18k;3;3;0;0;0;3;3;0;0;;0;entrada go-live 3;2026-09-26;Estoque (1).xlsx casa + Anexos I (reconciliar-fonte-operacional.mjs);correto;;peça cadastrada no go-live sem maleta somada
463731;Pingente Orgânico Circulo Mocha Mousse Banho de Ouro 18k;3;3;0;0;0;3;3;0;0;;0;entrada go-live 3;2026-09-26;Estoque (1).xlsx casa + Anexos I (reconciliar-fonte-operacional.mjs);correto;;peça cadastrada no go-live sem maleta somada
464293;Colar Oval Rubi Cravejado Prata 925;1;0;1;0;1;1;1;1;-1;;0;ajuste importacao 26/09 +1;2026-09-26;Estoque (1).xlsx casa + Anexos I (reconciliar-fonte-operacional.mjs);correto;;já corrigido em 28/09
466732;Colar Orgânico Oval  Madrepérola Banho de Ouro 18k;2;2;0;0;0;2;2;0;0;;0;entrada go-live 2;2026-09-26;Estoque (1).xlsx casa + Anexos I (reconciliar-fonte-operacional.mjs);correto;;peça cadastrada no go-live sem maleta somada
467183;Anel Minimalista Cruz Prata 925;1;0;1;0;1;1;1;1;-1;;0;ajuste importacao 26/09 +1;2026-09-26;Estoque (1).xlsx casa + Anexos I (reconciliar-fonte-operacional.mjs);correto;;já corrigido em 28/09
471034;Colar Ponto de Luz Lilás Banho de Ouro 18k;1;1;0;0;0;2;1;-1;0;;0;ajuste importacao 26/09 -1;2026-09-26;Estoque (1).xlsx casa + Anexos I (reconciliar-fonte-operacional.mjs);inconclusivo;;"ajuste da planilha sem peça em maleta (planilha 1, total antes 2). Não é contagem dupla; conferir no inventário."
473436;Colar Cruz Média Cravejada Banho de Ouro 18k;3;2;1;1;0;2;2;1;0;2;-1;ajuste importacao 26/09 +1;2026-09-26;Estoque (1).xlsx casa + Anexos I (reconciliar-fonte-operacional.mjs);comprovadamente errada;;"planilha 2 = total do sistema antes do go-live; ajuste +1 = peças em maleta (#15: 1, #16–18: 0). Corrigir -1."
473505;Colar Borboleta Zircônia Rosa Claro Banho de Ouro 18k;4;3;1;0;1;4;4;1;-1;;0;ajuste importacao 26/09 +1;2026-09-26;Estoque (1).xlsx casa + Anexos I (reconciliar-fonte-operacional.mjs);correto;;já corrigido em 28/09
474759;Colar Gotas Trabalhadas Banho de Ouro 18k;3;2;1;0;1;1;2;2;0;;0;ajuste importacao 26/09 +2;2026-09-26;Estoque (1).xlsx casa + Anexos I (reconciliar-fonte-operacional.mjs);inconclusivo;;planilha 2, total antes 1, maleta 1: a diferença não é só a maleta. Contar no inventário.
475768;Bracelete Duplo Entrelaçado Banho de Ouro 18k;3;3;0;0;0;3;3;0;0;;0;entrada go-live 3;2026-09-26;Estoque (1).xlsx casa + Anexos I (reconciliar-fonte-operacional.mjs);correto;;peça cadastrada no go-live sem maleta somada
479204;Pingente Coração Longo Liso Banho de Prata;2;2;0;0;0;2;2;0;0;;0;entrada go-live 2;2026-09-26;Estoque (1).xlsx casa + Anexos I (reconciliar-fonte-operacional.mjs);correto;;peça cadastrada no go-live sem maleta somada
479205;Pingente Coração Longo Liso Banho de Ouro 18k;3;3;0;0;0;3;3;0;0;;0;entrada go-live 3;2026-09-26;Estoque (1).xlsx casa + Anexos I (reconciliar-fonte-operacional.mjs);correto;;peça cadastrada no go-live sem maleta somada
481868;Colar Choker Riviera Colorida Azul Banho de Ouro 18k;1;0;1;0;1;1;1;1;-1;;0;ajuste importacao 26/09 +1;2026-09-26;Estoque (1).xlsx casa + Anexos I (reconciliar-fonte-operacional.mjs);correto;;já corrigido em 28/09
486329;Pulseira Espirito Santo Prata 925;2;1;1;1;0;1;1;1;0;1;-1;ajuste importacao 26/09 +1;2026-09-26;Estoque (1).xlsx casa + Anexos I (reconciliar-fonte-operacional.mjs);comprovadamente errada;;"planilha 1 = total do sistema antes do go-live; ajuste +1 = peças em maleta (#15: 1, #16–18: 0). Corrigir -1."
486822;Pulseira Elos Retangulares Cravejados Banho de Ouro 18k;3;3;0;0;0;3;3;0;0;;0;entrada go-live 3;2026-09-26;Estoque (1).xlsx casa + Anexos I (reconciliar-fonte-operacional.mjs);correto;;peça cadastrada no go-live sem maleta somada
487423;Pulseira Elo Portugues 6mm Banho de Ouro 18k;3;3;0;0;0;1;3;2;0;;0;ajuste importacao 26/09 +2;2026-09-26;Estoque (1).xlsx casa + Anexos I (reconciliar-fonte-operacional.mjs);inconclusivo;;"ajuste da planilha sem peça em maleta (planilha 3, total antes 1). Não é contagem dupla; conferir no inventário."
487516;Brinco Pequeno Mini Cruz Cravejada Prata 925;2;1;1;1;0;1;1;1;0;1;-1;ajuste importacao 26/09 +1;2026-09-26;Estoque (1).xlsx casa + Anexos I (reconciliar-fonte-operacional.mjs);comprovadamente errada;;"planilha 1 = total do sistema antes do go-live; ajuste +1 = peças em maleta (#15: 1, #16–18: 0). Corrigir -1."
488324;Colar Veneziana 50cm Banho de Ouro 18k;5;5;0;0;0;5;5;0;0;;0;entrada go-live 5;2026-09-26;Estoque (1).xlsx casa + Anexos I (reconciliar-fonte-operacional.mjs);correto;;peça cadastrada no go-live sem maleta somada
489565;Colar Ponto de Luz Banho de Ouro 18k;4;4;0;0;0;4;4;0;0;;0;entrada go-live 4;2026-09-26;Estoque (1).xlsx casa + Anexos I (reconciliar-fonte-operacional.mjs);correto;;peça cadastrada no go-live sem maleta somada
492818;Anel Coração Orgânico Vazado Banho de Ouro 18k;4;4;0;0;0;4;4;0;0;;0;entrada go-live 4;2026-09-26;Estoque (1).xlsx casa + Anexos I (reconciliar-fonte-operacional.mjs);correto;;peça cadastrada no go-live sem maleta somada
492835;Pulseira Elos Circulares Lisos e Cravejados Banho de Ouro 18k;5;4;1;0;1;5;4;0;0;;0;entrada go-live 5;2026-09-26;Estoque (1).xlsx casa + Anexos I (reconciliar-fonte-operacional.mjs);provável erro;;"peça cadastrada no go-live com planilha 4 + maleta 1; se a planilha já contava a maleta, há 1 a mais. Conferir no inventário."
493074;Piercing Fake Riviera Coloridos Banho de Ouro 18k;9;9;0;0;0;9;9;0;0;;0;entrada go-live 9;2026-09-26;Estoque (1).xlsx casa + Anexos I (reconciliar-fonte-operacional.mjs);correto;;peça cadastrada no go-live sem maleta somada
493975;Pulseira Elos Quadrados com Detalhes Cravejados Banho de Ouro 18k;7;5;2;0;2;7;5;0;0;;0;entrada go-live 7;2026-09-26;Estoque (1).xlsx casa + Anexos I (reconciliar-fonte-operacional.mjs);provável erro;;"peça cadastrada no go-live com planilha 5 + maleta 2; se a planilha já contava a maleta, há 2 a mais. Conferir no inventário."
496002;Pulseira Riviera Zircônias 8mm Banho de Prata;1;1;0;0;0;1;1;0;0;;0;entrada go-live 1;2026-09-26;Estoque (1).xlsx casa + Anexos I (reconciliar-fonte-operacional.mjs);correto;;peça cadastrada no go-live sem maleta somada
496003;Pulseira Riviera Zircônias 8mm Banho de Ouro 18k;2;2;0;0;0;2;2;0;0;;0;entrada go-live 2;2026-09-26;Estoque (1).xlsx casa + Anexos I (reconciliar-fonte-operacional.mjs);correto;;peça cadastrada no go-live sem maleta somada
496581;Colar Flor Cravejada Zircônias Prata 925;1;0;1;0;1;1;1;1;-1;;0;ajuste importacao 26/09 +1;2026-09-26;Estoque (1).xlsx casa + Anexos I (reconciliar-fonte-operacional.mjs);correto;;já corrigido em 28/09
504451;Conjunto Quadrado Liso e Cravejado Banho de Prata;2;2;0;0;0;2;2;0;0;;0;entrada go-live 2;2026-09-26;Estoque (1).xlsx casa + Anexos I (reconciliar-fonte-operacional.mjs);correto;;peça cadastrada no go-live sem maleta somada
504452;Conjunto Quadrado Liso e Cravejado Banho de Ouro 18k;7;6;1;1;0;2;6;5;0;;0;ajuste importacao 26/09 +5;2026-09-26;Estoque (1).xlsx casa + Anexos I (reconciliar-fonte-operacional.mjs);inconclusivo;;planilha 6, total antes 2, maleta 1: a diferença não é só a maleta. Contar no inventário.
505108;Choker Zig Zag Banho de Ouro 18k;3;2;1;0;1;3;3;1;-1;;0;ajuste importacao 26/09 +1;2026-09-26;Estoque (1).xlsx casa + Anexos I (reconciliar-fonte-operacional.mjs);correto;;já corrigido em 28/09
505902;Colar Fio Alemão 1,9mm 45cm Banho de Ouro 18k;2;2;0;0;0;2;2;0;0;;0;entrada go-live 2;2026-09-26;Estoque (1).xlsx casa + Anexos I (reconciliar-fonte-operacional.mjs);correto;;peça cadastrada no go-live sem maleta somada
508946;Pulseira Dupla Flor Incolor Banho de Ouro 18k;4;4;0;0;0;2;4;2;0;;0;ajuste importacao 26/09 +2;2026-09-26;Estoque (1).xlsx casa + Anexos I (reconciliar-fonte-operacional.mjs);inconclusivo;;"ajuste da planilha sem peça em maleta (planilha 4, total antes 2). Não é contagem dupla; conferir no inventário."
512369;Colar Pizza Cravejado Banho de Ouro 18k;1;0;1;0;1;1;1;1;-1;;0;ajuste importacao 26/09 +1;2026-09-26;Estoque (1).xlsx casa + Anexos I (reconciliar-fonte-operacional.mjs);correto;;já corrigido em 28/09
514825;Colar Mini Medalhas 45 cm Banho de Ouro 18k;8;5;3;1;2;5;5;3;0;5;-3;ajuste importacao 26/09 +3;2026-09-26;Estoque (1).xlsx casa + Anexos I (reconciliar-fonte-operacional.mjs);comprovadamente errada;;"planilha 5 = total do sistema antes do go-live; ajuste +3 = peças em maleta (#15: 1, #16–18: 2). Corrigir -3."
514907;Pulseira de Berloque Fecho Coração 16cm Banho de Prata;1;1;0;0;0;1;1;0;0;;0;entrada go-live 1;2026-09-26;Estoque (1).xlsx casa + Anexos I (reconciliar-fonte-operacional.mjs);correto;;peça cadastrada no go-live sem maleta somada
520642;Conjunto Circulo e Zircônia Banho de Ouro 18k;2;1;1;0;1;2;2;1;-1;;0;ajuste importacao 26/09 +1;2026-09-26;Estoque (1).xlsx casa + Anexos I (reconciliar-fonte-operacional.mjs);correto;;já corrigido em 28/09
520733;Colar Espinha de Peixe Banho de Ouro 18k;4;3;1;1;0;3;3;1;0;3;-1;ajuste importacao 26/09 +1;2026-09-26;Estoque (1).xlsx casa + Anexos I (reconciliar-fonte-operacional.mjs);comprovadamente errada;;"planilha 3 = total do sistema antes do go-live; ajuste +1 = peças em maleta (#15: 1, #16–18: 0). Corrigir -1."
530920;Anel Quadrado Liso Banho de Ouro 18k;4;2;2;1;1;2;2;2;0;2;-2;ajuste importacao 26/09 +2;2026-09-26;Estoque (1).xlsx casa + Anexos I (reconciliar-fonte-operacional.mjs);comprovadamente errada;;"planilha 2 = total do sistema antes do go-live; ajuste +2 = peças em maleta (#15: 1, #16–18: 1). Corrigir -2."
533018;Pingente Menina Cravejada Rosa Pink Banho de Ouro 18k;5;4;1;0;1;5;5;1;-1;;0;ajuste importacao 26/09 +1;2026-09-26;Estoque (1).xlsx casa + Anexos I (reconciliar-fonte-operacional.mjs);correto;;já corrigido em 28/09
533571;Colar Duplo Zircônia e Coração Banho de Prata;2;2;0;0;0;2;2;0;0;;0;entrada go-live 2;2026-09-26;Estoque (1).xlsx casa + Anexos I (reconciliar-fonte-operacional.mjs);correto;;peça cadastrada no go-live sem maleta somada
533572;Colar Duplo Zircônia e Coração Banho de Ouro 18k;3;3;0;0;0;3;3;0;0;;0;entrada go-live 3;2026-09-26;Estoque (1).xlsx casa + Anexos I (reconciliar-fonte-operacional.mjs);correto;;peça cadastrada no go-live sem maleta somada
554488;Tornozeleira Elos Português e Ponto de Luz Banho de Ouro 18k;5;5;0;0;0;5;5;0;0;;0;entrada go-live 5;2026-09-26;Estoque (1).xlsx casa + Anexos I (reconciliar-fonte-operacional.mjs);correto;;peça cadastrada no go-live sem maleta somada
558227;Colar Rabo de Rato 1.2mm 50cm Banho de Ouro 18k;4;4;0;0;0;2;4;2;0;;0;ajuste importacao 26/09 +2;2026-09-26;Estoque (1).xlsx casa + Anexos I (reconciliar-fonte-operacional.mjs);inconclusivo;;"ajuste da planilha sem peça em maleta (planilha 4, total antes 2). Não é contagem dupla; conferir no inventário."
561106;Pulseira Infinito com Borboleta Banho de Ouro 18k;4;2;2;1;1;2;2;2;0;2;-2;ajuste importacao 26/09 +2;2026-09-26;Estoque (1).xlsx casa + Anexos I (reconciliar-fonte-operacional.mjs);comprovadamente errada;;"planilha 2 = total do sistema antes do go-live; ajuste +2 = peças em maleta (#15: 1, #16–18: 1). Corrigir -2."
561637;Colar Nossa Senhora Aparecida Banho de Ouro 18k;2;2;0;0;0;2;2;0;0;;0;entrada go-live 2;2026-09-26;Estoque (1).xlsx casa + Anexos I (reconciliar-fonte-operacional.mjs);correto;;peça cadastrada no go-live sem maleta somada
561638;Colar Nossa Senhora Aparecida Banho de Ouro 18k;2;2;0;0;0;0;2;2;0;;0;ajuste importacao 26/09 +2;2026-09-26;Estoque (1).xlsx casa + Anexos I (reconciliar-fonte-operacional.mjs);inconclusivo;;"ajuste da planilha sem peça em maleta (planilha 2, total antes 0). Não é contagem dupla; conferir no inventário."
562622;Anel Minimalista Barra Dupla Paralela Banho de Prata;1;1;0;0;0;1;1;0;0;;0;entrada go-live 1;2026-09-26;Estoque (1).xlsx casa + Anexos I (reconciliar-fonte-operacional.mjs);correto;;peça cadastrada no go-live sem maleta somada
562623;Anel Minimalista Barra Dupla Paralela Banho de Ouro 18k;5;5;0;0;0;5;5;0;0;;0;entrada go-live 5;2026-09-26;Estoque (1).xlsx casa + Anexos I (reconciliar-fonte-operacional.mjs);correto;;peça cadastrada no go-live sem maleta somada
563440;Tornozeleira Corações Vazados Banho de Ouro 18k;7;5;2;1;1;5;5;2;0;5;-2;ajuste importacao 26/09 +2;2026-09-26;Estoque (1).xlsx casa + Anexos I (reconciliar-fonte-operacional.mjs);comprovadamente errada;;"planilha 5 = total do sistema antes do go-live; ajuste +2 = peças em maleta (#15: 1, #16–18: 1). Corrigir -2."
565583;Anel Cravejado Borboletas Micro Zirconia Banho de Ouro 18k;4;4;0;0;0;2;4;2;0;;0;ajuste importacao 26/09 +2;2026-09-26;Estoque (1).xlsx casa + Anexos I (reconciliar-fonte-operacional.mjs);inconclusivo;;"ajuste da planilha sem peça em maleta (planilha 4, total antes 2). Não é contagem dupla; conferir no inventário."
566286;Bracelete Três Fios Lisos Banho de Prata;1;1;0;0;0;1;1;0;0;;0;entrada go-live 1;2026-09-26;Estoque (1).xlsx casa + Anexos I (reconciliar-fonte-operacional.mjs);correto;;peça cadastrada no go-live sem maleta somada
566287;Bracelete Três Fios Lisos Banho de Ouro 18k;5;5;0;0;0;5;5;0;0;;0;entrada go-live 5;2026-09-26;Estoque (1).xlsx casa + Anexos I (reconciliar-fonte-operacional.mjs);correto;;peça cadastrada no go-live sem maleta somada
566355;Colar Chave Coração Cravejada Banho de Ouro 18k;2;1;1;0;1;2;2;1;-1;;0;ajuste importacao 26/09 +1;2026-09-26;Estoque (1).xlsx casa + Anexos I (reconciliar-fonte-operacional.mjs);correto;;já corrigido em 28/09
568472;Brinco Fita com Zircônias Banho de Ouro 18k;3;2;1;0;1;3;3;1;-1;;0;ajuste importacao 26/09 +1;2026-09-26;Estoque (1).xlsx casa + Anexos I (reconciliar-fonte-operacional.mjs);correto;;já corrigido em 28/09
570329;Colar Cruz Zircônias Coloridas Banho de Ouro 18k;1;0;1;0;1;1;1;1;-1;;0;ajuste importacao 26/09 +1;2026-09-26;Estoque (1).xlsx casa + Anexos I (reconciliar-fonte-operacional.mjs);correto;;já corrigido em 28/09
572438;Brinco Trevo Cravejado em Zircônias Banho de Ouro 18K;1;0;1;0;1;1;1;1;-1;;0;ajuste importacao 26/09 +1;2026-09-26;Estoque (1).xlsx casa + Anexos I (reconciliar-fonte-operacional.mjs);correto;;já corrigido em 28/09
582667;Anel Zircônia Baguetes Pink Banho de Ouro 18k;1;0;1;0;1;1;1;1;-1;;0;ajuste importacao 26/09 +1;2026-09-26;Estoque (1).xlsx casa + Anexos I (reconciliar-fonte-operacional.mjs);correto;;já corrigido em 28/09
586394;Colar Menina Rosa Cravejada Prata 925;1;1;0;0;0;1;1;0;0;;0;entrada go-live 1;2026-09-26;Estoque (1).xlsx casa + Anexos I (reconciliar-fonte-operacional.mjs);correto;;peça cadastrada no go-live sem maleta somada
586903;Colar Peixe Banho de Ouro 18k;3;2;1;0;1;3;3;1;-1;;0;ajuste importacao 26/09 +1;2026-09-26;Estoque (1).xlsx casa + Anexos I (reconciliar-fonte-operacional.mjs);correto;;já corrigido em 28/09
587484;Pulseira de Berloque Fecho Tambor 18cm Banho de Prata;1;1;0;0;0;1;1;0;0;;0;entrada go-live 1;2026-09-26;Estoque (1).xlsx casa + Anexos I (reconciliar-fonte-operacional.mjs);correto;;peça cadastrada no go-live sem maleta somada
590781;Anel Minimalista Barra e Esfera Banho de Prata;1;1;0;0;0;1;1;0;0;;0;entrada go-live 1;2026-09-26;Estoque (1).xlsx casa + Anexos I (reconciliar-fonte-operacional.mjs);correto;;peça cadastrada no go-live sem maleta somada
590782;Anel Minimalista Barra e Esfera Banho de Ouro 18k;2;2;0;0;0;2;2;0;0;;0;entrada go-live 2;2026-09-26;Estoque (1).xlsx casa + Anexos I (reconciliar-fonte-operacional.mjs);correto;;peça cadastrada no go-live sem maleta somada
590822;Tornozeleira Elos Português e Borboleta Banho de Ouro 18k;2;2;0;0;0;2;2;0;0;;0;entrada go-live 2;2026-09-26;Estoque (1).xlsx casa + Anexos I (reconciliar-fonte-operacional.mjs);correto;;peça cadastrada no go-live sem maleta somada
596742;Colar Cruz Zircônias Lilás Banho de Ouro 18k;3;2;1;1;0;2;2;1;0;2;-1;ajuste importacao 26/09 +1;2026-09-26;Estoque (1).xlsx casa + Anexos I (reconciliar-fonte-operacional.mjs);comprovadamente errada;;"planilha 2 = total do sistema antes do go-live; ajuste +1 = peças em maleta (#15: 1, #16–18: 0). Corrigir -1."
613397;Colar Choker Aro Liso Banho de Ouro 18k;3;3;0;0;0;3;3;0;0;;0;entrada go-live 3;2026-09-26;Estoque (1).xlsx casa + Anexos I (reconciliar-fonte-operacional.mjs);correto;;peça cadastrada no go-live sem maleta somada
615255;Pulseira Pedra Color 4mm Banho de Ouro 18k;5;4;1;1;0;4;4;1;0;4;-1;ajuste importacao 26/09 +1;2026-09-26;Estoque (1).xlsx casa + Anexos I (reconciliar-fonte-operacional.mjs);comprovadamente errada;;"planilha 4 = total do sistema antes do go-live; ajuste +1 = peças em maleta (#15: 1, #16–18: 0). Corrigir -1."
619940;Colar Coração Cravejado Banho de Ouro 18k;1;0;1;0;1;1;1;1;-1;;0;ajuste importacao 26/09 +1;2026-09-26;Estoque (1).xlsx casa + Anexos I (reconciliar-fonte-operacional.mjs);correto;;já corrigido em 28/09
625157;Colar Infinito Cravejado Banho de Prata;1;0;1;0;1;1;1;1;-1;;0;ajuste importacao 26/09 +1;2026-09-26;Estoque (1).xlsx casa + Anexos I (reconciliar-fonte-operacional.mjs);correto;;já corrigido em 28/09
625158;Colar Infinito Cravejado Banho de Ouro 18k;2;1;1;0;1;2;2;1;-1;;0;ajuste importacao 26/09 +1;2026-09-26;Estoque (1).xlsx casa + Anexos I (reconciliar-fonte-operacional.mjs);correto;;já corrigido em 28/09
626317;Pulseira Malha Banho de Ouro 18k;1;0;1;0;1;1;1;1;-1;;0;ajuste importacao 26/09 +1;2026-09-26;Estoque (1).xlsx casa + Anexos I (reconciliar-fonte-operacional.mjs);correto;;já corrigido em 28/09
628214;Corrente Masculina Grumet 3,8mm Banho de Ouro 18k;1;1;0;0;0;2;1;-1;0;;0;ajuste importacao 26/09 -1;2026-09-26;Estoque (1).xlsx casa + Anexos I (reconciliar-fonte-operacional.mjs);inconclusivo;;"ajuste da planilha sem peça em maleta (planilha 1, total antes 2). Não é contagem dupla; conferir no inventário."
630947;Pulseira Infantil Mini Corações Entrelaçados Banho de Ouro 18k;3;3;0;0;0;4;3;-1;0;;0;ajuste importacao 26/09 -1;2026-09-26;Estoque (1).xlsx casa + Anexos I (reconciliar-fonte-operacional.mjs);inconclusivo;;"ajuste da planilha sem peça em maleta (planilha 3, total antes 4). Não é contagem dupla; conferir no inventário."
634041;Piercing Fake Formato em V Banho de Ouro 18K;1;0;1;0;1;1;1;1;-1;;0;ajuste importacao 26/09 +1;2026-09-26;Estoque (1).xlsx casa + Anexos I (reconciliar-fonte-operacional.mjs);correto;;já corrigido em 28/09
635650;Anel Solitario com Linhas Cravejadas Banho de Ouro 18k;2;1;1;0;1;2;2;1;-1;;0;ajuste importacao 26/09 +1;2026-09-26;Estoque (1).xlsx casa + Anexos I (reconciliar-fonte-operacional.mjs);correto;;já corrigido em 28/09
637620;Pulseira Snake Banho de Ouro 18k;4;4;0;0;0;2;4;2;0;;0;ajuste importacao 26/09 +2;2026-09-26;Estoque (1).xlsx casa + Anexos I (reconciliar-fonte-operacional.mjs);inconclusivo;;"ajuste da planilha sem peça em maleta (planilha 4, total antes 2). Não é contagem dupla; conferir no inventário."
637628;Colar Snake 50cm Banho de Ouro 18k;3;2;1;0;1;3;3;1;-1;;0;ajuste importacao 26/09 +1;2026-09-26;Estoque (1).xlsx casa + Anexos I (reconciliar-fonte-operacional.mjs);correto;;já corrigido em 28/09
643630;Colar Infantl Masculino Banho de Ouro 18k;4;3;1;0;1;4;4;1;-1;;0;ajuste importacao 26/09 +1;2026-09-26;Estoque (1).xlsx casa + Anexos I (reconciliar-fonte-operacional.mjs);correto;;já corrigido em 28/09
647729;Anel Solitário Coroa 6mm Cravejado Cristal Banho de Ouro 18k;6;6;0;0;0;5;6;1;0;;0;ajuste importacao 26/09 +1;2026-09-26;Estoque (1).xlsx casa + Anexos I (reconciliar-fonte-operacional.mjs);inconclusivo;;"ajuste da planilha sem peça em maleta (planilha 6, total antes 5). Não é contagem dupla; conferir no inventário."
652524;Brinco Pequeno Nossa Senhora Aparecida Cravejada Prata 925;2;1;1;1;0;1;1;1;0;1;-1;ajuste importacao 26/09 +1;2026-09-26;Estoque (1).xlsx casa + Anexos I (reconciliar-fonte-operacional.mjs);comprovadamente errada;;"planilha 1 = total do sistema antes do go-live; ajuste +1 = peças em maleta (#15: 1, #16–18: 0). Corrigir -1."
653552;Pulseira Cruz Lisa Banho de Ouro 18k;3;1;2;0;2;3;3;2;-2;;0;ajuste importacao 26/09 +2;2026-09-26;Estoque (1).xlsx casa + Anexos I (reconciliar-fonte-operacional.mjs);correto;;já corrigido em 28/09
677454;Colar Choker Aro Liso Achatado Banho de Ouro 18k;3;3;0;0;0;3;3;0;0;;0;entrada go-live 3;2026-09-26;Estoque (1).xlsx casa + Anexos I (reconciliar-fonte-operacional.mjs);correto;;peça cadastrada no go-live sem maleta somada
682249;Colar Piastrine 50cm Banho de Prata;6;4;2;0;2;2;4;4;0;;0;ajuste importacao 26/09 +4;2026-09-26;Estoque (1).xlsx casa + Anexos I (reconciliar-fonte-operacional.mjs);inconclusivo;;planilha 4, total antes 2, maleta 2: a diferença não é só a maleta. Contar no inventário.
682250;Colar Piastrine 50cm Banho de Ouro 18k;11;11;0;0;0;3;11;8;0;;0;ajuste importacao 26/09 +8;2026-09-26;Estoque (1).xlsx casa + Anexos I (reconciliar-fonte-operacional.mjs);inconclusivo;;"ajuste da planilha sem peça em maleta (planilha 11, total antes 3). Não é contagem dupla; conferir no inventário."
682252;Colar Piastrine 45cm Banho de Ouro 18k;5;5;0;0;0;5;5;0;0;;0;entrada go-live 5;2026-09-26;Estoque (1).xlsx casa + Anexos I (reconciliar-fonte-operacional.mjs);correto;;peça cadastrada no go-live sem maleta somada
684750;Pulseira Três Quadrado Banho de Ouro 18k;4;3;1;0;1;1;3;3;0;;0;ajuste importacao 26/09 +3;2026-09-26;Estoque (1).xlsx casa + Anexos I (reconciliar-fonte-operacional.mjs);inconclusivo;;planilha 3, total antes 1, maleta 1: a diferença não é só a maleta. Contar no inventário.
706801;Pulseira Cordão Baiano Banho de Ouro 18k;3;2;1;0;1;3;3;1;-1;;0;ajuste importacao 26/09 +1;2026-09-26;Estoque (1).xlsx casa + Anexos I (reconciliar-fonte-operacional.mjs);correto;;já corrigido em 28/09
717389;Anel Solitário Zircônias 6mm Incolor Banho de Ouro 18k;2;1;1;0;1;2;2;1;-1;;0;ajuste importacao 26/09 +1;2026-09-26;Estoque (1).xlsx casa + Anexos I (reconciliar-fonte-operacional.mjs);correto;;já corrigido em 28/09
719239;Pulseira Elo Oval Laminado Banho de Ouro 18k;2;1;1;0;1;2;2;1;-1;;0;ajuste importacao 26/09 +1;2026-09-26;Estoque (1).xlsx casa + Anexos I (reconciliar-fonte-operacional.mjs);correto;;já corrigido em 28/09
730065;Colar Choker Aro Ondas Lisas Banho de Ouro 18k;2;2;0;0;0;2;2;0;0;;0;entrada go-live 2;2026-09-26;Estoque (1).xlsx casa + Anexos I (reconciliar-fonte-operacional.mjs);correto;;peça cadastrada no go-live sem maleta somada
737009;Pulseira Folhas Duplas Texturizadas Banho de Prata;2;1;1;1;0;1;1;1;0;1;-1;ajuste importacao 26/09 +1;2026-09-26;Estoque (1).xlsx casa + Anexos I (reconciliar-fonte-operacional.mjs);comprovadamente errada;;"planilha 1 = total do sistema antes do go-live; ajuste +1 = peças em maleta (#15: 1, #16–18: 0). Corrigir -1."
737010;Pulseira Folhas Duplas Texturizadas Banho de Ouro 18k;3;3;0;0;0;1;3;2;0;;0;ajuste importacao 26/09 +2;2026-09-26;Estoque (1).xlsx casa + Anexos I (reconciliar-fonte-operacional.mjs);inconclusivo;;"ajuste da planilha sem peça em maleta (planilha 3, total antes 1). Não é contagem dupla; conferir no inventário."
746448;Pulseira Entrelaçada Banho de Ouro 18k;3;2;1;1;0;2;2;1;0;2;-1;ajuste importacao 26/09 +1;2026-09-26;Estoque (1).xlsx casa + Anexos I (reconciliar-fonte-operacional.mjs);comprovadamente errada;;"planilha 2 = total do sistema antes do go-live; ajuste +1 = peças em maleta (#15: 1, #16–18: 0). Corrigir -1."
749482;Pulseira Canutilhos com Esferas Banho de Ouro 18k;4;4;0;0;0;2;4;2;0;;0;ajuste importacao 26/09 +2;2026-09-26;Estoque (1).xlsx casa + Anexos I (reconciliar-fonte-operacional.mjs);inconclusivo;;"ajuste da planilha sem peça em maleta (planilha 4, total antes 2). Não é contagem dupla; conferir no inventário."
750894;Anel Liso Topo Reto Banho de Ouro 18k;2;1;1;0;1;2;2;1;-1;;0;ajuste importacao 26/09 +1;2026-09-26;Estoque (1).xlsx casa + Anexos I (reconciliar-fonte-operacional.mjs);correto;;já corrigido em 28/09
762844;Colar Coração e Casal Cravejado Banho de Prata;1;0;1;0;1;1;1;1;-1;;0;ajuste importacao 26/09 +1;2026-09-26;Estoque (1).xlsx casa + Anexos I (reconciliar-fonte-operacional.mjs);correto;;já corrigido em 28/09
770805;Colar Rabo de Rato 1.0mm 45cm Banho de Ouro 18k;1;1;0;0;0;1;1;0;0;;0;entrada go-live 1;2026-09-26;Estoque (1).xlsx casa + Anexos I (reconciliar-fonte-operacional.mjs);correto;;peça cadastrada no go-live sem maleta somada
785934;Bracelete Liso Fecho Entrelaçado Banho de Prata;2;2;0;0;0;2;2;0;0;;0;entrada go-live 2;2026-09-26;Estoque (1).xlsx casa + Anexos I (reconciliar-fonte-operacional.mjs);correto;;peça cadastrada no go-live sem maleta somada
785935;Bracelete Liso Fecho Entrelaçado Banho de Ouro 18k;2;2;0;0;0;2;2;0;0;;0;entrada go-live 2;2026-09-26;Estoque (1).xlsx casa + Anexos I (reconciliar-fonte-operacional.mjs);correto;;peça cadastrada no go-live sem maleta somada
789165;Choker Penduricalhos Mini Corações Banho de Prata;1;1;0;0;0;1;1;0;0;;0;entrada go-live 1;2026-09-26;Estoque (1).xlsx casa + Anexos I (reconciliar-fonte-operacional.mjs);correto;;peça cadastrada no go-live sem maleta somada
789166;Choker Penduricalhos Mini Corações Banho de Ouro 18k;1;1;0;0;0;0;1;1;0;;0;ajuste importacao 26/09 +1;2026-09-26;Estoque (1).xlsx casa + Anexos I (reconciliar-fonte-operacional.mjs);inconclusivo;;"ajuste da planilha sem peça em maleta (planilha 1, total antes 0). Não é contagem dupla; conferir no inventário."
795008;Colar Relicario de Coração  Banho de Ouro 18k;3;2;1;0;1;3;3;1;-1;;0;ajuste importacao 26/09 +1;2026-09-26;Estoque (1).xlsx casa + Anexos I (reconciliar-fonte-operacional.mjs);correto;;já corrigido em 28/09
797835;Pulseira Elo Portugues São Bento Banho de Ouro 18k;2;1;1;0;1;2;2;1;-1;;0;ajuste importacao 26/09 +1;2026-09-26;Estoque (1).xlsx casa + Anexos I (reconciliar-fonte-operacional.mjs);correto;;já corrigido em 28/09
818325;Colar Elos Cartier Banho de Ouro 18k;6;4;2;1;1;4;4;2;0;4;-2;ajuste importacao 26/09 +2;2026-09-26;Estoque (1).xlsx casa + Anexos I (reconciliar-fonte-operacional.mjs);comprovadamente errada;;"planilha 4 = total do sistema antes do go-live; ajuste +2 = peças em maleta (#15: 1, #16–18: 1). Corrigir -2."
821920;Pulseira Zircônias Retangulares Incolor Banho de Prata;2;1;1;0;1;2;2;1;-1;;0;ajuste importacao 26/09 +1;2026-09-26;Estoque (1).xlsx casa + Anexos I (reconciliar-fonte-operacional.mjs);correto;;já corrigido em 28/09
853432;Choker Elos Grandes Banho de Ouro 18k;4;4;0;0;0;1;4;3;0;;0;ajuste importacao 26/09 +3;2026-09-26;Estoque (1).xlsx casa + Anexos I (reconciliar-fonte-operacional.mjs);inconclusivo;;"ajuste da planilha sem peça em maleta (planilha 4, total antes 1). Não é contagem dupla; conferir no inventário."
859775;Conjunto Coração Liso e Zircônias Banho de Ouro 18k;6;4;2;1;1;4;4;2;0;4;-2;ajuste importacao 26/09 +2;2026-09-26;Estoque (1).xlsx casa + Anexos I (reconciliar-fonte-operacional.mjs);comprovadamente errada;;"planilha 4 = total do sistema antes do go-live; ajuste +2 = peças em maleta (#15: 1, #16–18: 1). Corrigir -2."
888316;Pulseira Fio Alemão 2,4mm Banho de Ouro 18k;4;2;2;1;1;2;2;2;0;2;-2;ajuste importacao 26/09 +2;2026-09-26;Estoque (1).xlsx casa + Anexos I (reconciliar-fonte-operacional.mjs);comprovadamente errada;;"planilha 2 = total do sistema antes do go-live; ajuste +2 = peças em maleta (#15: 1, #16–18: 1). Corrigir -2."
889171;Pulseira Zircônias Baguete Coloridas Banho de Ouro 18k;2;1;1;0;1;2;2;1;-1;;0;ajuste importacao 26/09 +1;2026-09-26;Estoque (1).xlsx casa + Anexos I (reconciliar-fonte-operacional.mjs);correto;;já corrigido em 28/09
895766;Pulseira Malha Banho de Ouro 18k;2;1;1;0;1;2;2;1;-1;;0;ajuste importacao 26/09 +1;2026-09-26;Estoque (1).xlsx casa + Anexos I (reconciliar-fonte-operacional.mjs);correto;;já corrigido em 28/09
925252;Pulseira Dupla Coração Banho de Ouro 18k;2;2;0;0;0;2;2;0;0;;0;entrada go-live 2;2026-09-26;Estoque (1).xlsx casa + Anexos I (reconciliar-fonte-operacional.mjs);correto;;peça cadastrada no go-live sem maleta somada
958989;Pulseira Infantil Borboleta e Pedra Quadrada Colorida Banho de Ouro 18k;3;2;1;0;1;3;3;1;-1;;0;ajuste importacao 26/09 +1;2026-09-26;Estoque (1).xlsx casa + Anexos I (reconciliar-fonte-operacional.mjs);correto;;já corrigido em 28/09
966972;Choker Elos e Pérolas Banho de Prata;1;1;0;0;0;1;1;0;0;;0;entrada go-live 1;2026-09-26;Estoque (1).xlsx casa + Anexos I (reconciliar-fonte-operacional.mjs);correto;;peça cadastrada no go-live sem maleta somada
966973;Choker Elos e Pérolas Banho de Ouro 18k;2;2;0;0;0;0;2;2;0;;0;ajuste importacao 26/09 +2;2026-09-26;Estoque (1).xlsx casa + Anexos I (reconciliar-fonte-operacional.mjs);inconclusivo;;"ajuste da planilha sem peça em maleta (planilha 2, total antes 0). Não é contagem dupla; conferir no inventário."
997619;Conjunto Coração Cravejado Banho de Ouro 18k;7;6;1;0;1;2;6;5;0;;0;ajuste importacao 26/09 +5;2026-09-26;Estoque (1).xlsx casa + Anexos I (reconciliar-fonte-operacional.mjs);inconclusivo;;planilha 6, total antes 2, maleta 1: a diferença não é só a maleta. Contar no inventário.
997620;Conjunto Coração Cravejado Banho de Prata;2;2;0;0;0;0;2;2;0;;0;ajuste importacao 26/09 +2;2026-09-26;Estoque (1).xlsx casa + Anexos I (reconciliar-fonte-operacional.mjs);inconclusivo;;"ajuste da planilha sem peça em maleta (planilha 2, total antes 0). Não é contagem dupla; conferir no inventário."