product_id,sku,old_url,new_url,old_title,new_title,old_meta,new_meta,status,motivo,validation_reason,eligible_at_latest_capture,cohort,description_changed,seo_title_changed,seo_description_changed,url_changed,redirect_status,commercial_readback_ok,clean_public_validated,public_commercial_parity,D0,D7,D28,D56,D84
281083506,569424,https://marquesasemijoias.com.br/produtos/chaveiro-pai-com-filhos-as-aco-inox/,https://marquesasemijoias.com.br/produtos/chaveiro-pai-com-filhos-as-aco-inox/,Chaveiro Pai e Filhos em Aço Inox | Marquesa,Chaveiro Pai e Filhos em Aço Inox | Marquesa,"Chaveiro Pai e Filhos em aço inoxidável, 4,0 x 2,4 cm. Um presente para celebrar união e carinho.","Chaveiro Pai e Filhos em aço inoxidável, 4,0 x 2,4 cm. Um presente para celebrar união e carinho.",SKIPPED,EXISTING_CONTENT_SUFFICIENT,EXISTING_CONTENT_SUFFICIENT,True,PRESERVED_NO_WRITE,False,False,False,False,UNCHANGED,,,True,,,,,
305409103,402393,https://marquesasemijoias.com.br/produtos/colar-borboleta-roxa-banho-de-ouro-18k-g22g3/,https://marquesasemijoias.com.br/produtos/colar-borboleta-roxa-banho-de-ouro-18k-g22g3/,Colar Borboleta Roxa com Zircônia Banhado a Ouro 18k | Marquesa,Colar Borboleta Roxa com Zircônia Banhado a Ouro 18k | Marquesa,"Colar Borboleta Roxa com banho de ouro 18k, zircônia e pingente de cerca de 1,9 cm. Delicado para compor looks com cor.","Colar Borboleta Roxa com banho de ouro 18k, zircônia e pingente de cerca de 1,9 cm. Delicado para compor looks com cor.",SKIPPED,EXISTING_CONTENT_SUFFICIENT,EXISTING_CONTENT_SUFFICIENT,True,PRESERVED_NO_WRITE,False,False,False,False,UNCHANGED,,,True,,,,,
267772729,916271,https://marquesasemijoias.com.br/produtos/colar-choker-riviera-cristal-marsala-banho-de-ouro-18k/,https://marquesasemijoias.com.br/produtos/colar-choker-riviera-cristal-marsala-banho-de-ouro-18k/,Choker Riviera Marsala com Banho de Ouro 18k | Marquesa,Choker Riviera Marsala com Banho de Ouro 18k | Marquesa,Choker Riviera Marsala com zircônia e banho de ouro 18k. Corrente de 33 cm + 10 cm de extensor para compor seu look. Conheça na Marquesa.,Choker Riviera Marsala com zircônia e banho de ouro 18k. Corrente de 33 cm + 10 cm de extensor para compor seu look. Conheça na Marquesa.,SKIPPED,PREVIOUS_45_REAUDITED_CONTENT_PRESERVED,PREVIOUS_45_REAUDITED_CONTENT_PRESERVED,True,PREVIOUS_45_PRESERVED,False,False,False,False,UNCHANGED,,,True,2026-10-05T13:22:46.322000+00:00,2026-10-12T13:22:46.322000+00:00,2026-11-02T13:22:46.322000+00:00,2026-11-30T13:22:46.322000+00:00,2026-12-28T13:22:46.322000+00:00
305409133,280346,https://marquesasemijoias.com.br/produtos/trava-de-seguranca-pulseira-banho-de-ouro-18k-3yj3d/,https://marquesasemijoias.com.br/produtos/trava-de-seguranca-pulseira-banho-de-ouro-18k-3yj3d/,Trava de Segurança para Pulseira Banhada a Ouro 18k | Marquesa,Trava de Segurança para Pulseira Banhada a Ouro 18k | Marquesa,"Trava de segurança para pulseira de berloques, banhada a ouro 18k e com cerca de 8,5 cm. Conheça a peça.","Trava de Segurança Pulseira Banho de Ouro 18k. Medida: aprox. 8,5 cm. Confira os detalhes.",VALIDATED,FACTUAL_METADATA_AND_FAMILY_USE_CONTEXT,PUBLIC_VALIDATED,True,NEW_CONTENT_WRITE,False,False,True,False,UNCHANGED,True,True,True,2026-10-08T23:05:12.577Z,2026-10-15T23:05:12.577000+00:00,2026-11-05T23:05:12.577000+00:00,2026-12-03T23:05:12.577000+00:00,2026-12-31T23:05:12.577000+00:00
313808652,750894 | 750894,https://marquesasemijoias.com.br/produtos/anel-liso-topo-reto-banho-de-ouro-18k-501di/,https://marquesasemijoias.com.br/produtos/anel-liso-topo-reto-banho-de-ouro-18k-501di/,Anel Liso Topo Reto Ouro 18k Elegância Minimalista,Anel Liso Topo Reto Banho de Ouro 18k | Marquesa,"Anel Liso Topo Reto com banho de ouro 18k, design moderno e sofisticado. Perfeito para uso diário e combinações elegantes. Compre já!","Anel Liso Topo Reto com banho de ouro 18k, design moderno e sofisticado. Perfeito para uso diário e combinações elegantes. Compre já!",VALIDATED,FACTUAL_METADATA_AND_FAMILY_USE_CONTEXT,PUBLIC_VALIDATED,True,NEW_CONTENT_WRITE,False,True,False,False,UNCHANGED,True,True,True,2026-10-08T15:41:12.272Z,2026-10-15T15:41:12.272000+00:00,2026-11-05T15:41:12.272000+00:00,2026-12-03T15:41:12.272000+00:00,2026-12-31T15:41:12.272000+00:00
288496749,209362,https://marquesasemijoias.com.br/produtos/pulseira-veneziana-bolinhas-banho-de-ouro-18k/,https://marquesasemijoias.com.br/produtos/pulseira-veneziana-bolinhas-banho-de-ouro-18k/,Pulseira Veneziana Bolinhas Ouro 18k Elegância,Pulseira Veneziana Bolinhas Banho de Ouro 18k | Marquesa,"Pulseira Veneziana Bolinhas banhada a ouro 18k, design sofisticado e durável. Ideal para qualquer look. Garanta já a sua e brilhe com estilo!",Pulseira Veneziana Bolinhas Banho de Ouro 18k. Medida: 18 cm. Confira os detalhes.,VALIDATED,FACTUAL_METADATA_AND_FAMILY_USE_CONTEXT,PUBLIC_VALIDATED,True,NEW_CONTENT_WRITE,False,True,True,False,UNCHANGED,True,True,True,2026-10-08T23:05:20.696Z,2026-10-15T23:05:20.696000+00:00,2026-11-05T23:05:20.696000+00:00,2026-12-03T23:05:20.696000+00:00,2026-12-31T23:05:20.696000+00:00
313808755,582669 | 582667,https://marquesasemijoias.com.br/produtos/anel-zirconia-baguetes-coloridas-banho-de-ouro-18k-r3vmd/,https://marquesasemijoias.com.br/produtos/anel-zirconia-baguetes-coloridas-banho-de-ouro-18k-r3vmd/,Anel Zircônia Baguetes Coloridas Ouro 18k Elegância,Anel Zircônia Baguetes Coloridas Banho de Ouro 18k | Marquesa,Anel com zircônias baguetes coloridas e banho de ouro 18k. Sofisticação e brilho para transformar seu look. Compre já!,Anel com zircônias baguetes coloridas e banho de ouro 18k. Sofisticação e brilho para transformar seu look. Compre já!,VALIDATED,FACTUAL_METADATA_AND_FAMILY_USE_CONTEXT,PUBLIC_VALIDATED,True,NEW_CONTENT_WRITE,False,True,False,False,UNCHANGED,True,True,True,2026-10-08T15:46:55.617Z,2026-10-15T15:46:55.617000+00:00,2026-11-05T15:46:55.617000+00:00,2026-12-03T15:46:55.617000+00:00,2026-12-31T15:46:55.617000+00:00
335144828,147632,https://marquesasemijoias.com.br/produtos/brinco-morango-zirconia-banho-de-ouro-18k-1m8ke/,https://marquesasemijoias.com.br/produtos/brinco-morango-zirconia-banho-de-ouro-18k-1m8ke/,Brinco Morango Zircônia Ouro 18k Delicado e Sofisticado,Brinco Morango Zircônia Banho de Ouro 18k | Marquesa,"Brinco Morango Zircônia com banho de Ouro 18k, delicado e charmoso, perfeito para looks modernos e românticos. Compre já e brilhe no dia a dia!","Brinco Morango Zircônia com banho de Ouro 18k, delicado e charmoso, perfeito para looks modernos e românticos. Compre já e brilhe no dia a dia!",VALIDATED,FACTUAL_METADATA_AND_FAMILY_USE_CONTEXT,PUBLIC_VALIDATED,True,NEW_CONTENT_WRITE,False,True,False,False,UNCHANGED,True,True,True,2026-10-08T15:47:29.344Z,2026-10-15T15:47:29.344000+00:00,2026-11-05T15:47:29.344000+00:00,2026-12-03T15:47:29.344000+00:00,2026-12-31T15:47:29.344000+00:00
349205778,426965,https://marquesasemijoias.com.br/produtos/colar-trevo-zirconia-rosa-claro-banho-de-ouro-18k-1r8pt/,https://marquesasemijoias.com.br/produtos/colar-trevo-zirconia-rosa-claro-banho-de-ouro-18k-1r8pt/,Colar Trevo Zircônia Rosa Claro Ouro 18k Elegante,Colar Trevo Zircônia Rosa Claro Banho de Ouro 18k | Marquesa,"Colar Trevo com zircônia rosa claro e banho de ouro 18k, delicado e sofisticado. Adquira já e ilumine seu visual com charme único!","Colar Trevo com zircônia rosa claro e banho de ouro 18k, delicado e sofisticado. Adquira já e ilumine seu visual com charme único!",VALIDATED,FACTUAL_METADATA_AND_FAMILY_USE_CONTEXT,PUBLIC_VALIDATED,True,NEW_CONTENT_WRITE,True,True,False,False,UNCHANGED,True,True,True,2026-10-08T23:05:28.902Z,2026-10-15T23:05:28.902000+00:00,2026-11-05T23:05:28.902000+00:00,2026-12-03T23:05:28.902000+00:00,2026-12-31T23:05:28.902000+00:00
359281305,193685,https://marquesasemijoias.com.br/produtos/brinco-chapa-oval-liso-banho-de-ouro-18k/,https://marquesasemijoias.com.br/produtos/brinco-chapa-oval-liso-banho-de-ouro-18k/,Brinco Chapa Oval Liso Ouro 18k Minimalismo Moderno,Brinco Chapa Oval Liso Banho de Ouro 18k | Marquesa,"Brinco chapa oval liso com banho de ouro 18k, superfície polida e brilho contínuo. Semijoia hipoalergênica. Compre já e aposte no design limpo!","Brinco chapa oval liso com banho de ouro 18k, de aproximadamente 3,5 cm. Um detalhe para destacar o rosto. Veja na Marquesa.",VALIDATED,FACTUAL_FINISH_CORRECTION_AND_REMOVE_UNSUPPORTED_META_HEALTH_CLAIM,PUBLIC_VALIDATED,True,NEW_CONTENT_WRITE,True,True,True,False,UNCHANGED,True,True,True,2026-10-08T15:48:38.796Z,2026-10-15T15:48:38.796000+00:00,2026-11-05T15:48:38.796000+00:00,2026-12-03T15:48:38.796000+00:00,2026-12-31T15:48:38.796000+00:00
360206448,311208,https://marquesasemijoias.com.br/produtos/colar-cordao-baiano-2mm-banho-de-ouro-18k/,https://marquesasemijoias.com.br/produtos/colar-cordao-baiano-2mm-banho-de-ouro-18k/,Colar Cordão Baiano 2mm Ouro 18k - Elegância e Sofisticação,Colar Cordão Baiano 2mm Banho de Ouro 18k | Marquesa,"Colar Cordão Baiano 2mm banhado a ouro 18k, 50cm. Peça clássica e delicada que valoriza seu estilo. Compre já e brilhe com sofisticação!",Colar Cordão Baiano 2mm Banho de Ouro 18k. Medida: 50 cm. Confira os detalhes.,VALIDATED,FACTUAL_METADATA_AND_FAMILY_USE_CONTEXT,PUBLIC_VALIDATED,True,NEW_CONTENT_WRITE,False,True,True,False,UNCHANGED,True,True,True,2026-10-08T23:05:36.937Z,2026-10-15T23:05:36.937000+00:00,2026-11-05T23:05:36.937000+00:00,2026-12-03T23:05:36.937000+00:00,2026-12-31T23:05:36.937000+00:00
307927410,212452,https://marquesasemijoias.com.br/produtos/berloque-coca-cola-resinada-banho-de-ouro-18k-jstpo/,https://marquesasemijoias.com.br/produtos/berloque-coca-cola-resinada-banho-de-ouro-18k-jstpo/,Berloque Coca-Cola Resinada Ouro 18k Estilo e Brilho,Berloque Coca-Cola Resinada Banho de Ouro 18k | Marquesa,"Berloque Coca-Cola com resina colorida e banho 18k, traz charme e durabilidade para sua pulseira. Compre já e destaque seu estilo único!","Berloque Coca-Cola Resinada Banho de Ouro 18k. Medida: aprox. 2,5 cm. Confira os detalhes.",VALIDATED,FACTUAL_METADATA_AND_FAMILY_USE_CONTEXT,PUBLIC_VALIDATED,True,NEW_CONTENT_WRITE,False,True,True,False,UNCHANGED,True,True,True,2026-10-08T23:05:44.982Z,2026-10-15T23:05:44.982000+00:00,2026-11-05T23:05:44.982000+00:00,2026-12-03T23:05:44.982000+00:00,2026-12-31T23:05:44.982000+00:00
359281282,152261,https://marquesasemijoias.com.br/produtos/brinco-coracao-vazado-com-perola-banho-de-ouro-18k/,https://marquesasemijoias.com.br/produtos/brinco-coracao-vazado-com-perola-banho-de-ouro-18k/,Brinco Coração Vazado com Pérola Ouro 18k Romântico,Brinco Coração Vazado com Pérola Banho de Ouro 18k | Marquesa,"Brinco coração vazado com pérola e banho de ouro 18k, delicado e refinado. Semijoia hipoalergênica com 1 ano de garantia. Compre agora!","Brinco Coração Vazado com Pérola Banho de Ouro 18k. Medida: aprox. 2,3 cm. Confira os detalhes.",VALIDATED,FACTUAL_METADATA_AND_FAMILY_USE_CONTEXT,PUBLIC_VALIDATED,True,NEW_CONTENT_WRITE,True,True,True,False,UNCHANGED,True,True,True,2026-10-08T23:05:53.086Z,2026-10-15T23:05:53.086000+00:00,2026-11-05T23:05:53.086000+00:00,2026-12-03T23:05:53.086000+00:00,2026-12-31T23:05:53.086000+00:00
268011601,749482,https://marquesasemijoias.com.br/produtos/pulseira-canutilhos-com-esferas-banho-de-ouro-18k/,https://marquesasemijoias.com.br/produtos/pulseira-canutilhos-com-esferas-banho-de-ouro-18k/,Pulseira Canutilhos Ouro 18k Elegância e Charme,Pulseira Canutilhos com Esferas Banho de Ouro 18k | Marquesa,"Descubra a Pulseira Canutilhos com Esferas banhada a ouro 18k, perfeita para um look sofisticado. Adquira já a sua e arrase em qualquer ocasião!","Pulseira Canutilhos com Esferas Banho de Ouro 18k. Medida: 15,5 cm + 5,5 cm de extensor. Confira os detalhes.",VALIDATED,FACTUAL_METADATA_AND_FAMILY_USE_CONTEXT,PUBLIC_VALIDATED,True,NEW_CONTENT_WRITE,False,True,True,False,UNCHANGED,True,True,True,2026-10-08T23:06:01.262Z,2026-10-15T23:06:01.262000+00:00,2026-11-05T23:06:01.262000+00:00,2026-12-03T23:06:01.262000+00:00,2026-12-31T23:06:01.262000+00:00
280057743,486476,https://marquesasemijoias.com.br/produtos/pulseira-fita-laminada-banho-de-ouro-18k/,https://marquesasemijoias.com.br/produtos/pulseira-fita-laminada-banho-de-ouro-18k/,Pulseira Laminada Banho de Ouro 18k Elegante,Pulseira Laminada Banho de Ouro 18k Elegante,"Descubra a Pulseira Fita Laminada Banho de Ouro 18k, perfeita para brilhar em qualquer ocasião. Adquira a sua e destaque-se com elegância!","Descubra a Pulseira Fita Laminada Banho de Ouro 18k, perfeita para brilhar em qualquer ocasião. Adquira a sua e destaque-se com elegância!",SKIPPED,EXISTING_CONTENT_SUFFICIENT,EXISTING_CONTENT_SUFFICIENT,True,PRESERVED_NO_WRITE,False,False,False,False,UNCHANGED,,,True,,,,,
339108898,273971 | 273969,https://marquesasemijoias.com.br/produtos/pingente-e-separador-menina-zirconia-banho-de-ouro-18k-q0bif/,https://marquesasemijoias.com.br/produtos/pingente-e-separador-menina-zirconia-banho-de-ouro-18k-q0bif/,Pingente e Separador Menina Zircônia Ouro 18k Elegância,Pingente e Separador Menina Zircônia Banho de Ouro 18k | Marquesa,"Descubra o Pingente e Separador Menina em Ouro 18k com zircônias, perfeito para personalizar sua pulseira com charme e delicadeza. Compre já!",Pingente e Separador Menina Zircônia Banho de Ouro 18k. Confira os detalhes.,VALIDATED,FACTUAL_METADATA_AND_FAMILY_USE_CONTEXT,PUBLIC_VALIDATED,True,NEW_CONTENT_WRITE,False,True,True,False,UNCHANGED,True,True,True,2026-10-08T23:06:09.279Z,2026-10-15T23:06:09.279000+00:00,2026-11-05T23:06:09.279000+00:00,2026-12-03T23:06:09.279000+00:00,2026-12-31T23:06:09.279000+00:00
359281151,142889,https://marquesasemijoias.com.br/produtos/argola-triangular-lisa-banho-de-ouro-18k/,https://marquesasemijoias.com.br/produtos/argola-triangular-lisa-banho-de-ouro-18k/,Argola Triangular Lisa Ouro 18k Geometria Elegante,Argola Triangular Lisa Banho de Ouro 18k | Marquesa,"Argola triangular lisa com banho de ouro 18k, linhas retas e acabamento polido. Semijoia hipoalergênica com garantia. Compre agora!","Argola Triangular Lisa Banho de Ouro 18k. Medida: aprox. 2,2 cm. Confira os detalhes.",VALIDATED,FACTUAL_METADATA_AND_FAMILY_USE_CONTEXT,PUBLIC_VALIDATED,True,NEW_CONTENT_WRITE,False,True,True,False,UNCHANGED,True,True,True,2026-10-08T23:06:17.567Z,2026-10-15T23:06:17.567000+00:00,2026-11-05T23:06:17.567000+00:00,2026-12-03T23:06:17.567000+00:00,2026-12-31T23:06:17.567000+00:00
288496630,283680,https://marquesasemijoias.com.br/produtos/anel-aparador-de-alianca-banho-de-ouro-18k1/,https://marquesasemijoias.com.br/produtos/anel-aparador-de-alianca-banho-de-ouro-18k1/,Aparador de Aliança Ouro 18k com Design Sofisticado,Aparador de Aliança Ouro 18k com Design Sofisticado,"Valorize sua aliança com o aparador banho de ouro 18k, design delicado e acabamento luxuoso. Compre agora e realce seu estilo com elegância!","Valorize sua aliança com o aparador banho de ouro 18k, design delicado e acabamento luxuoso. Compre agora e realce seu estilo com elegância!",SKIPPED,DATA_GAP_DUPLICATE_NO_FACTUAL_DISTINCTION,DATA_GAP_DUPLICATE_NO_FACTUAL_DISTINCTION,True,PRESERVED_NO_WRITE,False,False,False,False,UNCHANGED,,,True,,,,,
359281429,170308,https://marquesasemijoias.com.br/produtos/brinco-ponto-de-luz-10mm-banho-de-ouro-18k/,https://marquesasemijoias.com.br/produtos/brinco-ponto-de-luz-10mm-banho-de-ouro-18k/,Brinco Ponto de Luz 10mm Ouro 18k Brilho Clássico,Brinco Ponto de Luz Banho de Ouro 18k — 10mm,"Ponto de luz de 10mm com zircônia e banho de ouro 18k, clássico que combina com tudo. Semijoia hipoalergênica. Compre agora e use todos os dias!",Brinco Ponto de Luz Banho de Ouro 18k. 10mm. Veja na Marquesa.,VALIDATED,FACTUAL_METADATA_AND_FAMILY_USE_CONTEXT,PUBLIC_VALIDATED,True,NEW_CONTENT_WRITE,False,True,True,False,UNCHANGED,True,True,True,2026-10-08T23:06:25.635Z,2026-10-15T23:06:25.635000+00:00,2026-11-05T23:06:25.635000+00:00,2026-12-03T23:06:25.635000+00:00,2026-12-31T23:06:25.635000+00:00
281075588,693193,https://marquesasemijoias.com.br/produtos/colar-elos-forma-de-u-banho-de-prata/,https://marquesasemijoias.com.br/produtos/colar-elos-forma-de-u-banho-de-prata/,Colar Elos em U com Banho de Prata - Elegância Moderna,Colar Elos Forma de U Banho de Prata | Marquesa,Descubra o Colar Elos Forma de U em Banho de Prata. Sofisticação e design minimalista para realçar seu estilo. Adquira agora e destaque-se!,Descubra o Colar Elos Forma de U em Banho de Prata. Sofisticação e design minimalista para realçar seu estilo. Adquira agora e destaque-se!,VALIDATED,FACTUAL_METADATA_AND_FAMILY_USE_CONTEXT,PUBLIC_VALIDATED,True,NEW_CONTENT_WRITE,True,True,False,False,UNCHANGED,True,True,True,2026-10-08T23:06:33.703Z,2026-10-15T23:06:33.703000+00:00,2026-11-05T23:06:33.703000+00:00,2026-12-03T23:06:33.703000+00:00,2026-12-31T23:06:33.703000+00:00
267606569,623147,https://marquesasemijoias.com.br/produtos/colar-cordao-baiano-grosso-prata-925/,https://marquesasemijoias.com.br/produtos/colar-cordao-baiano-grosso-prata-925/,Colar Cordão Baiano Grosso Prata 925 | Marquesa,Colar Cordão Baiano Grosso Prata 925 | Marquesa,"Cordão baiano grosso em prata 925, com corrente de 40 cm e desenho trançado. Use como destaque ou em um mix de colares. Conheça na Marquesa.","Cordão baiano grosso em prata 925, com corrente de 40 cm e desenho trançado. Use como destaque ou em um mix de colares. Conheça na Marquesa.",SKIPPED,PREVIOUS_45_REAUDITED_CONTENT_PRESERVED,PREVIOUS_45_REAUDITED_CONTENT_PRESERVED,True,PREVIOUS_45_PRESERVED,False,False,False,False,UNCHANGED,,,True,2026-10-05T13:34:14.076000+00:00,2026-10-12T13:34:14.076000+00:00,2026-11-02T13:34:14.076000+00:00,2026-11-30T13:34:14.076000+00:00,2026-12-28T13:34:14.076000+00:00
359281439,119458,https://marquesasemijoias.com.br/produtos/argolas-finas-15mm-banho-de-ouro-18k/,https://marquesasemijoias.com.br/produtos/argolas-finas-15mm-banho-de-ouro-18k/,Argolas Finas 15mm Banho Ouro 18k Elegância Discreta,Brinco Argola Fina Banho de Ouro 18k | Marquesa,"Argolas finas de 15mm com banho de ouro 18k, leves e versáteis para usar todos os dias. Semijoia hipoalergênica. Compre e componha seu estilo!",Brinco Argola Fina Banho de Ouro 18k. Medida: 15mm. Confira os detalhes.,VALIDATED,FACTUAL_METADATA_AND_FAMILY_USE_CONTEXT,PUBLIC_VALIDATED,True,NEW_CONTENT_WRITE,False,True,True,False,UNCHANGED,True,True,True,2026-10-08T23:06:41.776Z,2026-10-15T23:06:41.776000+00:00,2026-11-05T23:06:41.776000+00:00,2026-12-03T23:06:41.776000+00:00,2026-12-31T23:06:41.776000+00:00
288496336,684750,https://marquesasemijoias.com.br/produtos/pulseira-tres-quadrado-banho-de-ouro-18k/,https://marquesasemijoias.com.br/produtos/pulseira-tres-quadrado-banho-de-ouro-18k/,Pulseira Três Quadrado Ouro 18k - Sofisticação e Estilo,Pulseira Três Quadrado Banho de Ouro 18k | Marquesa,"Pulseira Três Quadrado com banho de ouro 18k, design moderno e durável. Ideal para looks elegantes. Compre agora e realce seu estilo!","Pulseira Três Quadrado Banho de Ouro 18k. Medida: 16 cm + 5,5 cm extensor. Confira os detalhes.",VALIDATED,FACTUAL_METADATA_AND_FAMILY_USE_CONTEXT,PUBLIC_VALIDATED,True,NEW_CONTENT_WRITE,False,True,True,False,UNCHANGED,True,True,True,2026-10-08T23:06:50.115Z,2026-10-15T23:06:50.115000+00:00,2026-11-05T23:06:50.115000+00:00,2026-12-03T23:06:50.115000+00:00,2026-12-31T23:06:50.115000+00:00
313756051,119556,https://marquesasemijoias.com.br/produtos/brinco-rosa-pendurada-banho-de-ouro-18k-voso3/,https://marquesasemijoias.com.br/produtos/brinco-rosa-pendurada-banho-de-ouro-18k-voso3/,Brinco Rosa Pendurada Ouro 18k Elegância e Feminilidade,Brinco Rosa Pendurada Banho de Ouro 18k | Marquesa,"Brinco Rosa Pendurada com banho de ouro 18k, design delicado e romântico. Perfeito para ocasiões especiais. Compre agora e encante-se!","Brinco Rosa Pendurada com banho de ouro 18k, design delicado e romântico. Perfeito para ocasiões especiais. Compre agora e encante-se!",VALIDATED,FACTUAL_METADATA_AND_FAMILY_USE_CONTEXT,PUBLIC_VALIDATED,True,NEW_CONTENT_WRITE,False,True,False,False,UNCHANGED,True,True,True,2026-10-08T23:06:58.450Z,2026-10-15T23:06:58.450000+00:00,2026-11-05T23:06:58.450000+00:00,2026-12-03T23:06:58.450000+00:00,2026-12-31T23:06:58.450000+00:00
266514217,230076,https://marquesasemijoias.com.br/produtos/anel-abaulado-circulos-zirconias-incolor-banho-de-ouro-18k/,https://marquesasemijoias.com.br/produtos/anel-abaulado-circulos-zirconias-incolor-banho-de-ouro-18k/,Anel Abaulado Círculos Zircônias Incolor Ouro 18k,Anel Abaulado Círculos Zircônias Incolor Ouro 18k,Descubra o Anel Abaulado com Zircônias Incolor e Banho de Ouro 18k. Um design moderno e sofisticado que traz elegância. Garanta o seu agora!,Descubra o Anel Abaulado com Zircônias Incolor e Banho de Ouro 18k. Um design moderno e sofisticado que traz elegância. Garanta o seu agora!,SKIPPED,DATA_GAP_NAME_COLOR_CONFLICT,DATA_GAP_NAME_COLOR_CONFLICT,True,PRESERVED_NO_WRITE,False,False,False,False,UNCHANGED,,,True,,,,,
288496639,818325,https://marquesasemijoias.com.br/produtos/colar-elos-retangulares-banho-de-ouro-18k/,https://marquesasemijoias.com.br/produtos/colar-elos-retangulares-banho-de-ouro-18k/,Colar Elos Retangulares Ouro 18k Elegância,Colar Elos Retangulares Banho de Ouro 18k | Marquesa,Colar Elos Retangulares Banho de Ouro 18k com brilho intenso e design clássico. Compre já e destaque seu estilo!,Colar Elos Retangulares Banho de Ouro 18k com brilho intenso e design clássico. Compre já e destaque seu estilo!,VALIDATED,FACTUAL_METADATA_AND_FAMILY_USE_CONTEXT,PUBLIC_VALIDATED,True,NEW_CONTENT_WRITE,False,True,False,False,UNCHANGED,True,True,True,2026-10-08T23:07:06.679Z,2026-10-15T23:07:06.679000+00:00,2026-11-05T23:07:06.679000+00:00,2026-12-03T23:07:06.679000+00:00,2026-12-31T23:07:06.679000+00:00
288496335,377105,https://marquesasemijoias.com.br/produtos/pulseira-coracao-vazado-banho-de-ouro-18k1/,https://marquesasemijoias.com.br/produtos/pulseira-coracao-vazado-banho-de-ouro-18k1/,Pulseira Coração Vazado Ouro 18k Elegância,Pulseira Coração Vazado Banho de Ouro 18k | Marquesa,"Pulseira Coração Vazado com banho de Ouro 18k, delicada e sofisticada. Perfeita para looks casuais e elegantes. Compre e realce seu estilo!","Pulseira Coração Vazado com banho de Ouro 18k, delicada e sofisticada. Perfeita para looks casuais e elegantes. Compre e realce seu estilo!",VALIDATED,FACTUAL_METADATA_AND_FAMILY_USE_CONTEXT,PUBLIC_VALIDATED,True,NEW_CONTENT_WRITE,True,True,False,False,UNCHANGED,True,True,True,2026-10-08T23:07:11.610Z,2026-10-15T23:07:11.610000+00:00,2026-11-05T23:07:11.610000+00:00,2026-12-03T23:07:11.610000+00:00,2026-12-31T23:07:11.610000+00:00
288496772,719239,https://marquesasemijoias.com.br/produtos/pulseira-elo-oval-laminado-banho-de-ouro-18k/,https://marquesasemijoias.com.br/produtos/pulseira-elo-oval-laminado-banho-de-ouro-18k/,Pulseira Elo Oval Laminado Ouro 18k Elegância e Brilho,Pulseira Elo Oval Laminado Banho de Ouro 18k | Marquesa,"Pulseira Elo Oval Laminado com banho de ouro 18k, sofisticada e versátil. Garanta já sua peça única e realce seu estilo com brilho e elegância!","Pulseira Elo Oval Laminado Banho de Ouro 18k. Medida: 15 cm + 5,0 cm extensor. Confira os detalhes.",VALIDATED,FACTUAL_METADATA_AND_FAMILY_USE_CONTEXT,PUBLIC_VALIDATED,True,NEW_CONTENT_WRITE,False,True,True,False,UNCHANGED,True,True,True,2026-10-08T23:07:17.599Z,2026-10-15T23:07:17.599000+00:00,2026-11-05T23:07:17.599000+00:00,2026-12-03T23:07:17.599000+00:00,2026-12-31T23:07:17.599000+00:00
359125970,334079 | 334079 | 334079 | 334079 | 334079,https://marquesasemijoias.com.br/produtos/anel-solitario-coroa-5mm-cravejado-cristal-banho-de-ouro-18k-16ble/,https://marquesasemijoias.com.br/produtos/anel-solitario-coroa-5mm-cravejado-cristal-banho-de-ouro-18k-16ble/,Anel Solitário Coroa 5mm com Cristal Ouro 18k Elegante,Anel Solitário Coroa 5mm Cravejado Cristal Banho de Ouro 18k,Anel solitário delicado com cristal 5mm cravejado em coroa e banho de ouro 18k. Compre e realce sua elegância com sofisticação!,Anel solitário delicado com cristal 5mm cravejado em coroa e banho de ouro 18k. Compre e realce sua elegância com sofisticação!,VALIDATED,FACTUAL_METADATA_AND_FAMILY_USE_CONTEXT,PUBLIC_VALIDATED,True,NEW_CONTENT_WRITE,False,True,False,False,UNCHANGED,True,True,True,2026-10-08T23:07:25.921Z,2026-10-15T23:07:25.921000+00:00,2026-11-05T23:07:25.921000+00:00,2026-12-03T23:07:25.921000+00:00,2026-12-31T23:07:25.921000+00:00
359281250,198939,https://marquesasemijoias.com.br/produtos/brinco-texturizado-oval-banho-de-ouro-18k/,https://marquesasemijoias.com.br/produtos/brinco-texturizado-oval-banho-de-ouro-18k/,Brinco Texturizado Oval Ouro 18k Brilho e Relevo,Brinco Texturizado Oval Banho de Ouro 18k | Marquesa,"Brinco oval texturizado com banho de ouro 18k, relevo que cria brilho vivo a cada movimento. Semijoia hipoalergênica. Compre e renove!","Brinco Texturizado Oval Banho de Ouro 18k. Medida: aprox. 2,0 cm. Confira os detalhes.",VALIDATED,FACTUAL_METADATA_AND_FAMILY_USE_CONTEXT,PUBLIC_VALIDATED,True,NEW_CONTENT_WRITE,False,True,True,False,UNCHANGED,True,True,True,2026-10-08T23:07:34.337Z,2026-10-15T23:07:34.337000+00:00,2026-11-05T23:07:34.337000+00:00,2026-12-03T23:07:34.337000+00:00,2026-12-31T23:07:34.337000+00:00
253321947,194641,https://marquesasemijoias.com.br/produtos/brinco-ponto-de-luz-rubi-prata-925/,https://marquesasemijoias.com.br/produtos/brinco-ponto-de-luz-rubi-prata-925/,Brinco Ponto de Luz Zircônia Vermelha Prata 925 | Marquesa,Brinco Ponto de Luz Zircônia Vermelha Prata 925 | Marquesa,"Brinco ponto de luz em prata 925 com zircônia vermelha e medida aproximada de 0,5 cm. Um detalhe de cor para seu look. Conheça na Marquesa.","Brinco ponto de luz em prata 925 com zircônia vermelha e medida aproximada de 0,5 cm. Um detalhe de cor para seu look. Conheça na Marquesa.",SKIPPED,PREVIOUS_45_REAUDITED_CONTENT_PRESERVED,PREVIOUS_45_REAUDITED_CONTENT_PRESERVED,True,PREVIOUS_45_PRESERVED,False,False,False,False,UNCHANGED,,,True,2026-10-05T13:34:28.517000+00:00,2026-10-12T13:34:28.517000+00:00,2026-11-02T13:34:28.517000+00:00,2026-11-30T13:34:28.517000+00:00,2026-12-28T13:34:28.517000+00:00
288496557,352547,https://marquesasemijoias.com.br/produtos/colar-masculino-elos-banho-de-ouro-18k/,https://marquesasemijoias.com.br/produtos/colar-masculino-elos-banho-de-ouro-18k/,Colar Masculino Elos Ouro 18k Estilo e Sofisticação,Colar Masculino Elos Banho de Ouro 18k | Marquesa,"Colar Masculino Elos com banho de ouro 18k, design robusto e brilho intenso. Compre agora e destaque seu estilo!","Colar Masculino Elos com banho de ouro 18k, design robusto e brilho intenso. Compre agora e destaque seu estilo!",VALIDATED,FACTUAL_METADATA_AND_FAMILY_USE_CONTEXT,PUBLIC_VALIDATED,True,NEW_CONTENT_WRITE,False,True,False,False,UNCHANGED,True,True,True,2026-10-08T23:07:42.324Z,2026-10-15T23:07:42.324000+00:00,2026-11-05T23:07:42.324000+00:00,2026-12-03T23:07:42.324000+00:00,2026-12-31T23:07:42.324000+00:00
288496714,371752,https://marquesasemijoias.com.br/produtos/colar-maxi-organico-mocha-mousse-banho-de-ouro-18k/,https://marquesasemijoias.com.br/produtos/colar-maxi-organico-mocha-mousse-banho-de-ouro-18k/,Colar Maxi Orgânico Mocha Mousse Ouro 18k Sofisticação,Colar Maxi Orgânico Mocha Mousse Banho de Ouro 18k | Marquesa,Colar Maxi Orgânico Mocha Mousse banhado a ouro 18k com pingente único. Compre agora e arrase!,Colar Maxi Orgânico Mocha Mousse Banho de Ouro 18k. Destaque o desenho no colo. Confira os detalhes.,VALIDATED,FACTUAL_METADATA_AND_FAMILY_USE_CONTEXT,PUBLIC_VALIDATED,True,NEW_CONTENT_WRITE,False,True,True,False,UNCHANGED,True,True,True,2026-10-08T23:07:50.392Z,2026-10-15T23:07:50.392000+00:00,2026-11-05T23:07:50.392000+00:00,2026-12-03T23:07:50.392000+00:00,2026-12-31T23:07:50.392000+00:00
305407429,520733,https://marquesasemijoias.com.br/produtos/colar-espinha-de-peixe-banho-de-ouro-18k-iyhfg/,https://marquesasemijoias.com.br/produtos/colar-espinha-de-peixe-banho-de-ouro-18k-iyhfg/,Colar Espinha de Peixe Banhado a Ouro 18k | Marquesa,Colar Espinha de Peixe Banhado a Ouro 18k | Marquesa,"Colar Espinha de Peixe banhado a ouro 18k, corrente de 44 cm e pingente de cerca de 2,1 cm. Uma semijoia para looks atuais.",Colar Espinha de Peixe Banho de Ouro 18k. Medida: 44 cm. Confira os detalhes.,VALIDATED,FACTUAL_METADATA_AND_FAMILY_USE_CONTEXT,PUBLIC_VALIDATED,True,NEW_CONTENT_WRITE,False,False,True,False,UNCHANGED,True,True,True,2026-10-08T23:07:58.451Z,2026-10-15T23:07:58.451000+00:00,2026-11-05T23:07:58.451000+00:00,2026-12-03T23:07:58.451000+00:00,2026-12-31T23:07:58.451000+00:00
335144782,126067,https://marquesasemijoias.com.br/produtos/brinco-uva-zirconia-roxa-banho-de-ouro-18k-11atn/,https://marquesasemijoias.com.br/produtos/brinco-uva-zirconia-roxa-banho-de-ouro-18k-11atn/,Brinco Uva com Zircônia Roxa Banhado a Ouro 18k | Marquesa,Brinco Uva com Zircônia Roxa Banhado a Ouro 18k | Marquesa,"Brinco Uva com zircônia roxa e banho de ouro 18k. Peça de 1,2 cm, delicada e marcante para compor seus looks.","Brinco Uva com zircônia roxa e banho de ouro 18k. Peça de 1,2 cm, delicada e marcante para compor seus looks.",SKIPPED,EXISTING_CONTENT_SUFFICIENT,EXISTING_CONTENT_SUFFICIENT,True,PRESERVED_NO_WRITE,False,False,False,False,UNCHANGED,,,True,,,,,
359126550,317294,https://marquesasemijoias.com.br/produtos/anel-coracao-vermelho-cravejado-banho-de-ouro-18k-14j4q/,https://marquesasemijoias.com.br/produtos/anel-coracao-vermelho-cravejado-banho-de-ouro-18k-14j4q/,Anel Coração Vermelho Cravejado Banho de Ouro 18k | Marquesa,Anel Coração Vermelho Cravejado Banho de Ouro 18k | Marquesa,Anel coração vermelho com zircônias e banho de ouro 18k. Um detalhe de cor para usar sozinho ou em um mix de anéis. Conheça a peça na Marquesa.,Anel coração vermelho com zircônias e banho de ouro 18k. Um detalhe de cor para usar sozinho ou em um mix de anéis. Conheça a peça na Marquesa.,SKIPPED,PREVIOUS_45_REAUDITED_CONTENT_PRESERVED,PREVIOUS_45_REAUDITED_CONTENT_PRESERVED,True,PREVIOUS_45_PRESERVED,False,False,False,False,UNCHANGED,,,True,2026-10-05T13:34:18.912000+00:00,2026-10-12T13:34:18.912000+00:00,2026-11-02T13:34:18.912000+00:00,2026-11-30T13:34:18.912000+00:00,2026-12-28T13:34:18.912000+00:00
360206406,233280,https://marquesasemijoias.com.br/produtos/colar-infantil-coracoes-coloridos-banho-de-ouro-18k/,https://marquesasemijoias.com.br/produtos/colar-infantil-coracoes-coloridos-banho-de-ouro-18k/,Colar Infantil Corações Coloridos Banho de Ouro 18k | Marquesa,Colar Infantil Corações Coloridos Banho de Ouro 18k | Marquesa,Colar infantil com corações coloridos e banho de ouro 18k. Corrente de 36 cm + 3 cm de extensor. Confira medidas e detalhes na Marquesa.,Colar infantil com corações coloridos e banho de ouro 18k. Corrente de 36 cm + 3 cm de extensor. Confira medidas e detalhes na Marquesa.,SKIPPED,PREVIOUS_45_REAUDITED_CONTENT_PRESERVED,PREVIOUS_45_REAUDITED_CONTENT_PRESERVED,True,PREVIOUS_45_PRESERVED,False,False,False,False,UNCHANGED,,,True,2026-10-05T13:50:15.023000+00:00,2026-10-12T13:50:15.023000+00:00,2026-11-02T13:50:15.023000+00:00,2026-11-30T13:50:15.023000+00:00,2026-12-28T13:50:15.023000+00:00
288496743,268724,https://marquesasemijoias.com.br/produtos/pulseira-dupla-baguete-e-elos-banho-de-ouro-18k/,https://marquesasemijoias.com.br/produtos/pulseira-dupla-baguete-e-elos-banho-de-ouro-18k/,Pulseira Dupla Baguete e Elos Banho de Ouro 18k | Marquesa,Pulseira Dupla Baguete e Elos Banho de Ouro 18k | Marquesa,"Pulseira dupla de baguete e elos, com zircônia e banho de ouro 18k. São 15 cm + 5 cm de extensor. Veja os detalhes e escolha na Marquesa.","Pulseira dupla de baguete e elos, com zircônia e banho de ouro 18k. São 15 cm + 5 cm de extensor. Veja os detalhes e escolha na Marquesa.",SKIPPED,PREVIOUS_45_REAUDITED_CONTENT_PRESERVED,PREVIOUS_45_REAUDITED_CONTENT_PRESERVED,True,PREVIOUS_45_PRESERVED,False,False,False,False,UNCHANGED,,,True,2026-10-05T13:30:07.076000+00:00,2026-10-12T13:30:07.076000+00:00,2026-11-02T13:30:07.076000+00:00,2026-11-30T13:30:07.076000+00:00,2026-12-28T13:30:07.076000+00:00
288496788,212100,https://marquesasemijoias.com.br/produtos/pulseira-dupla-cartier-com-elos-portugues-banho-de-ouro-18k/,https://marquesasemijoias.com.br/produtos/pulseira-dupla-cartier-com-elos-portugues-banho-de-ouro-18k/,Pulseira Dupla Elos Português Banho de Ouro 18k | Marquesa,Pulseira Dupla Elos Português Banho de Ouro 18k | Marquesa,"Pulseira dupla com elos português, zircônia e banho de ouro 18k. Mede 15 cm + 5 cm de extensor para compor seu mix. Confira na Marquesa.","Pulseira dupla com elos português, zircônia e banho de ouro 18k. Mede 15 cm + 5 cm de extensor para compor seu mix. Confira na Marquesa.",SKIPPED,PREVIOUS_45_REAUDITED_CONTENT_PRESERVED,PREVIOUS_45_REAUDITED_CONTENT_PRESERVED,True,PREVIOUS_45_PRESERVED,False,False,False,False,UNCHANGED,,,True,2026-10-05T13:49:12.356000+00:00,2026-10-12T13:49:12.356000+00:00,2026-11-02T13:49:12.356000+00:00,2026-11-30T13:49:12.356000+00:00,2026-12-28T13:49:12.356000+00:00
267647048,416288,https://marquesasemijoias.com.br/produtos/cordao-baiano-pingente-coracao-vazado-prata-925/,https://marquesasemijoias.com.br/produtos/cordao-baiano-pingente-coracao-vazado-prata-925/,Cordão Baiano Prata 925 com Pingente Coração,Cordão Baiano Prata 925 com Pingente Coração,Adicione elegância ao seu look com o Cordão Baiano em Prata 925 e seu Pingente Coração Vazado. Garanta já o seu e valorize seu estilo!,Cordão Baiano Pingente Coração Vazado Prata 925. Destaque o desenho no colo. Confira os detalhes.,VALIDATED,FACTUAL_METADATA_AND_FAMILY_USE_CONTEXT,PUBLIC_VALIDATED,True,NEW_CONTENT_WRITE,False,False,True,False,UNCHANGED,True,True,True,2026-10-08T23:34:30.895Z,2026-10-15T23:34:30.895000+00:00,2026-11-05T23:34:30.895000+00:00,2026-12-03T23:34:30.895000+00:00,2026-12-31T23:34:30.895000+00:00
295130695,185150,https://marquesasemijoias.com.br/produtos/brinco-oval-turmalina-azul-claro-prata-925/,https://marquesasemijoias.com.br/produtos/brinco-oval-turmalina-azul-claro-prata-925/,Brinco Oval Turmalina Azul Claro Prata 925 | Marquesa,Brinco Oval Turmalina Azul Claro Prata 925 | Marquesa,Brinco oval turmalina azul claro em prata 925. Uma joia sofisticada e elegante para realçar qualquer produção.,Brinco oval turmalina azul claro em prata 925. Uma joia sofisticada e elegante para realçar qualquer produção.,SKIPPED,EXISTING_CONTENT_SUFFICIENT,EXISTING_CONTENT_SUFFICIENT,True,PRESERVED_NO_WRITE,False,False,False,False,UNCHANGED,,,True,,,,,
307922929,234712,https://marquesasemijoias.com.br/produtos/berloque-barco-a-vela-banho-de-ouro-18k-hioc2/,https://marquesasemijoias.com.br/produtos/berloque-barco-a-vela-banho-de-ouro-18k-hioc2/,Berloque Barco a Vela Banho de Ouro 18k | Marquesa,Berloque Barco a Vela Banho de Ouro 18k | Marquesa,"Berloque barco a vela com zircônias e banho de ouro 18k. Mede cerca de 1,2 cm. Componha sua pulseira com o tema do mar na Marquesa.","Berloque barco a vela com zircônias e banho de ouro 18k. Mede cerca de 1,2 cm. Componha sua pulseira com o tema do mar na Marquesa.",SKIPPED,PREVIOUS_45_REAUDITED_CONTENT_PRESERVED,PREVIOUS_45_REAUDITED_CONTENT_PRESERVED,True,PREVIOUS_45_PRESERVED,False,False,False,False,UNCHANGED,,,True,2026-10-06T04:51:54.634000+00:00,2026-10-13T04:51:54.634000+00:00,2026-11-03T04:51:54.634000+00:00,2026-12-01T04:51:54.634000+00:00,2026-12-29T04:51:54.634000+00:00
288496597,327653,https://marquesasemijoias.com.br/produtos/anel-triplo-organic-banho-em-ouro-18k/,https://marquesasemijoias.com.br/produtos/anel-triplo-organic-banho-em-ouro-18k/,Anel Triplo Orgânico Banho de Ouro 18k | Marquesa,Anel Triplo Orgânico Banho de Ouro 18k | Marquesa,Anel triplo orgânico com banho de ouro 18k e três aros entrelaçados. Um design marcante para usar sozinho ou em composição. Conheça na Marquesa.,Anel triplo orgânico com banho de ouro 18k e três aros entrelaçados. Um design marcante para usar sozinho ou em composição. Conheça na Marquesa.,SKIPPED,PREVIOUS_45_REAUDITED_CONTENT_PRESERVED,PREVIOUS_45_REAUDITED_CONTENT_PRESERVED,True,PREVIOUS_45_PRESERVED,False,False,False,False,UNCHANGED,,,True,2026-10-05T13:34:23.707000+00:00,2026-10-12T13:34:23.707000+00:00,2026-11-02T13:34:23.707000+00:00,2026-11-30T13:34:23.707000+00:00,2026-12-28T13:34:23.707000+00:00
359126782,398483,https://marquesasemijoias.com.br/produtos/anel-quadrado-topo-cravejado-banho-de-ouro-18k-fcsln/,https://marquesasemijoias.com.br/produtos/anel-quadrado-topo-cravejado-banho-de-ouro-18k-fcsln/,Anel Quadrado Topo Cravejado Banho de Ouro 18k | Marquesa,Anel Quadrado Topo Cravejado Banho de Ouro 18k | Marquesa,Anel com topo quadrado cravejado de zircônias e banho de ouro 18k. Um desenho geométrico para destacar as mãos. Conheça na Marquesa.,Anel com topo quadrado cravejado de zircônias e banho de ouro 18k. Um desenho geométrico para destacar as mãos. Conheça na Marquesa.,SKIPPED,PREVIOUS_45_REAUDITED_CONTENT_PRESERVED,PREVIOUS_45_REAUDITED_CONTENT_PRESERVED,True,PREVIOUS_45_PRESERVED,False,False,False,False,UNCHANGED,,,True,2026-10-06T04:59:54.257000+00:00,2026-10-13T04:59:54.257000+00:00,2026-11-03T04:59:54.257000+00:00,2026-12-01T04:59:54.257000+00:00,2026-12-29T04:59:54.257000+00:00
360206402,301665,https://marquesasemijoias.com.br/produtos/colar-perola-rococo-banho-de-ouro-18k/,https://marquesasemijoias.com.br/produtos/colar-perola-rococo-banho-de-ouro-18k/,Colar Pérola Rococó Banho de Ouro 18k Elegante e Atemporal,Colar Pérola Rococó Banho de Ouro 18k Elegante e Atemporal,"Descubra o Colar Pérola Rococó com banho de ouro 18k, delicado e sofisticado. Garanta já essa semijoia clássica e elegante!","Colar Pérola Rococó Banho de Ouro 18k. Medida: 44 cm + 5,0 cm extensor. Confira os detalhes.",VALIDATED,FACTUAL_METADATA_AND_FAMILY_USE_CONTEXT,PUBLIC_VALIDATED,True,NEW_CONTENT_WRITE,False,False,True,False,UNCHANGED,True,True,True,2026-10-08T23:34:35.853Z,2026-10-15T23:34:35.853000+00:00,2026-11-05T23:34:35.853000+00:00,2026-12-03T23:34:35.853000+00:00,2026-12-31T23:34:35.853000+00:00
360677405,426579,https://marquesasemijoias.com.br/produtos/tornozeleira-bolinhas-banho-de-ouro-18k/,https://marquesasemijoias.com.br/produtos/tornozeleira-bolinhas-banho-de-ouro-18k/,Tornozeleira Bolinhas Banho de Ouro 18k - Delicadeza e Elegância,Tornozeleira Bolinhas Banho de Ouro 18k | Marquesa,"Tornozeleira com bolinhas em banho de ouro 18k, 23cm + extensor. Semijoia hipoalergênica que realça seu estilo com charme. Compre agora!","Tornozeleira Bolinhas Banho de Ouro 18k. Medida: 23 cm + 4,0cm extensor. Confira os detalhes.",VALIDATED,FACTUAL_METADATA_AND_FAMILY_USE_CONTEXT,PUBLIC_VALIDATED,True,NEW_CONTENT_WRITE,False,True,True,False,UNCHANGED,True,True,True,2026-10-08T23:34:43.933Z,2026-10-15T23:34:43.933000+00:00,2026-11-05T23:34:43.933000+00:00,2026-12-03T23:34:43.933000+00:00,2026-12-31T23:34:43.933000+00:00
288496728,287151,https://marquesasemijoias.com.br/produtos/colar-choker-riviera-azul-tres-pontas-banho-de-ouro-18k/,https://marquesasemijoias.com.br/produtos/colar-choker-riviera-azul-tres-pontas-banho-de-ouro-18k/,Choker Riviera Azul 18k: Elegância com Cristais e Ouro,Colar Choker Riviera Azul Três Pontas Banho de Ouro 18k | Marquesa,"Choker Riviera Azul com cristais e banho ouro 18k, perfeita para sofisticação diária. Garanta já sua peça durável e elegante!",Colar Choker Riviera Azul Três Pontas Banho de Ouro 18k. Medida: 40 cm. Confira os detalhes.,VALIDATED,FACTUAL_METADATA_AND_FAMILY_USE_CONTEXT,PUBLIC_VALIDATED,True,NEW_CONTENT_WRITE,False,True,True,False,UNCHANGED,True,True,True,2026-10-08T23:34:52.108Z,2026-10-15T23:34:52.108000+00:00,2026-11-05T23:34:52.108000+00:00,2026-12-03T23:34:52.108000+00:00,2026-12-31T23:34:52.108000+00:00
295130705,492173,https://marquesasemijoias.com.br/produtos/colar-coracao-rubi-cravejado-prata-925/,https://marquesasemijoias.com.br/produtos/colar-coracao-rubi-cravejado-prata-925/,Colar Coração Rubi Cravejado Prata 925 | Marquesa,Colar Coração Rubi Cravejado Prata 925 | Marquesa,"Colar coração cravejado com rubi em prata 925. Sofisticação, brilho e romantismo em uma joia atemporal.","Colar coração cravejado com rubi em prata 925. Sofisticação, brilho e romantismo em uma joia atemporal.",SKIPPED,EXISTING_CONTENT_SUFFICIENT,EXISTING_CONTENT_SUFFICIENT,True,PRESERVED_NO_WRITE,False,False,False,False,UNCHANGED,,,True,,,,,
295130748,104777,https://marquesasemijoias.com.br/produtos/brinco-ponto-de-luz-7mm-prata-925/,https://marquesasemijoias.com.br/produtos/brinco-ponto-de-luz-7mm-prata-925/,Brinco Masculino Ponto de Luz 7mm Prata 925 | Marquesa,Brinco Masculino Ponto de Luz 7mm Prata 925 | Marquesa,"Brinco masculino ponto de luz 7mm em prata 925. Discreto, moderno e sofisticado, perfeito para destacar o estilo.","Brinco masculino ponto de luz 7mm em prata 925. Discreto, moderno e sofisticado, perfeito para destacar o estilo.",SKIPPED,EXISTING_CONTENT_SUFFICIENT,EXISTING_CONTENT_SUFFICIENT,True,PRESERVED_NO_WRITE,False,False,False,False,UNCHANGED,,,True,,,,,
349613407,397684,https://marquesasemijoias.com.br/produtos/colar-sol-liso-banho-de-ouro-18k-1hmyz/,https://marquesasemijoias.com.br/produtos/colar-sol-liso-banho-de-ouro-18k-1hmyz/,Colar Sol Liso Banho de Ouro 18k Elegância e Vitalidade,Colar Sol Liso Banho de Ouro 18k | Marquesa,Colar Sol Liso Banho de Ouro 18k com design sofisticado e significado de luz e força. Adquira já e ilumine seu estilo!,Colar Sol Liso Banho de Ouro 18k com design sofisticado e significado de luz e força. Adquira já e ilumine seu estilo!,VALIDATED,FACTUAL_METADATA_AND_FAMILY_USE_CONTEXT,PUBLIC_VALIDATED,True,NEW_CONTENT_WRITE,False,True,False,False,UNCHANGED,True,True,True,2026-10-08T23:35:00.369Z,2026-10-15T23:35:00.369000+00:00,2026-11-05T23:35:00.369000+00:00,2026-12-03T23:35:00.369000+00:00,2026-12-31T23:35:00.369000+00:00
288496329,203443,https://marquesasemijoias.com.br/produtos/pulseira-infantil-tres-quadrado-banho-de-ouro-18k/,https://marquesasemijoias.com.br/produtos/pulseira-infantil-tres-quadrado-banho-de-ouro-18k/,Pulseira Infantil Ouro 18k com Três Quadrados Delicados,Pulseira Infantil Três Quadrado Banho de Ouro 18k | Marquesa,"Pulseira infantil com banho de ouro 18k, design moderno e confortável. Peça charmosa para o dia a dia. Garanta já para sua pequena!",Pulseira Infantil Três Quadrado Banho de Ouro 18k. Medida: 14 cm. Confira os detalhes.,VALIDATED,FACTUAL_METADATA_AND_FAMILY_USE_CONTEXT,PUBLIC_VALIDATED,True,NEW_CONTENT_WRITE,False,True,True,False,UNCHANGED,True,True,True,2026-10-08T23:35:05.241Z,2026-10-15T23:35:05.241000+00:00,2026-11-05T23:35:05.241000+00:00,2026-12-03T23:35:05.241000+00:00,2026-12-31T23:35:05.241000+00:00
288496609,353022 | 353022 | 353022,https://marquesasemijoias.com.br/produtos/anel-quadrado-duplo-micro-zirconias-banho-de-ouro-18k/,https://marquesasemijoias.com.br/produtos/anel-quadrado-duplo-micro-zirconias-banho-de-ouro-18k/,Anel Quadrado Duplo com Micro Zircônias e Ouro 18k,Anel Quadrado Duplo Micro Zircônias Banho de Ouro 18k | Marquesa,"Anel quadrado duplo com micro zircônias cravejadas e banho de ouro 18k, design moderno e elegante. Compre já e destaque seu estilo!","Anel quadrado duplo com micro zircônias cravejadas e banho de ouro 18k, design moderno e elegante. Compre já e destaque seu estilo!",VALIDATED,FACTUAL_METADATA_AND_FAMILY_USE_CONTEXT,PUBLIC_VALIDATED,True,NEW_CONTENT_WRITE,False,True,False,False,UNCHANGED,True,True,True,2026-10-08T23:35:13.402Z,2026-10-15T23:35:13.402000+00:00,2026-11-05T23:35:13.402000+00:00,2026-12-03T23:35:13.402000+00:00,2026-12-31T23:35:13.402000+00:00
288496657,347249,https://marquesasemijoias.com.br/produtos/pulseira-borboleta-preta-banho-de-ouro-18k/,https://marquesasemijoias.com.br/produtos/pulseira-borboleta-preta-banho-de-ouro-18k/,Pulseira Borboleta Preta com Ouro 18k Elegância,Pulseira Borboleta Preta com Ouro 18k Elegância,"Pulseira Borboleta Preta Banho de Ouro 18k, símbolo de transformação e feminilidade. Peça elegante e versátil. Compre já e destaque seu estilo!","Pulseira Borboleta Preta Banho de Ouro 18k, símbolo de transformação e feminilidade. Peça elegante e versátil. Compre já e destaque seu estilo!",SKIPPED,NO_LONGER_SELLABLE_AT_RESUME_PRESERVE,NO_LONGER_SELLABLE_AT_RESUME_PRESERVE,False,PRESERVED_NO_WRITE,False,False,False,False,UNCHANGED,,,True,,,,,
288496663,387480,https://marquesasemijoias.com.br/produtos/pulseira-esfera-oval-lisa-banho-de-ouro-18k/,https://marquesasemijoias.com.br/produtos/pulseira-esfera-oval-lisa-banho-de-ouro-18k/,Pulseira Esfera Oval Lisa Ouro 18k Elegância,Pulseira Esfera Oval Lisa Ouro 18k Elegância,"Pulseira esfera oval lisa com banho de ouro 18k, design moderno e versátil. Garanta já esse acessório sofisticado para elevar seu estilo!","Pulseira esfera oval lisa com banho de ouro 18k, design moderno e versátil. Garanta já esse acessório sofisticado para elevar seu estilo!",SKIPPED,NO_LONGER_SELLABLE_AT_RESUME_PRESERVE,NO_LONGER_SELLABLE_AT_RESUME_PRESERVE,False,PRESERVED_NO_WRITE,False,False,False,False,UNCHANGED,,,True,,,,,
288496682,192896,https://marquesasemijoias.com.br/produtos/argola-media-triangular-lisa-banho-de-ouro-18k/,https://marquesasemijoias.com.br/produtos/argola-media-triangular-lisa-banho-de-ouro-18k/,Argolas Triangulares Média Lisa Ouro 18k Elegância,Argola Média Triangular Lisa Banho de Ouro 18k | Marquesa,"Argolas médias triangulares lisas com banho de ouro 18k, duráveis e sofisticadas. Valorize seu estilo com modernidade. Compre agora e brilhe!","Argolas médias triangulares lisas com banho de ouro 18k, duráveis e sofisticadas. Valorize seu estilo com modernidade. Compre agora e brilhe!",VALIDATED,FACTUAL_METADATA_AND_FAMILY_USE_CONTEXT,PUBLIC_VALIDATED,True,NEW_CONTENT_WRITE,False,True,False,False,UNCHANGED,True,True,True,2026-10-08T23:35:22.665Z,2026-10-15T23:35:22.665000+00:00,2026-11-05T23:35:22.665000+00:00,2026-12-03T23:35:22.665000+00:00,2026-12-31T23:35:22.665000+00:00
288496735,218178 | 218178,https://marquesasemijoias.com.br/produtos/anel-micro-zirconia-banho-de-ouro-18k/,https://marquesasemijoias.com.br/produtos/anel-micro-zirconia-banho-de-ouro-18k/,Anel Micro Zircônia Ouro 18k: Delicado e Brilhante,Anel Micro Zirconia Banho de Ouro 18k | Marquesa,"Descubra o Anel Micro Zircônia Banho de Ouro 18k, elegante e durável. Ideal para qualquer ocasião. Compre agora e valorize seu estilo!",Anel Micro Zirconia Banho de Ouro 18k. Use sozinho ou em um mix de anéis. Confira os detalhes.,VALIDATED,FACTUAL_METADATA_AND_FAMILY_USE_CONTEXT,PUBLIC_VALIDATED,True,NEW_CONTENT_WRITE,False,True,True,False,UNCHANGED,True,True,True,2026-10-08T15:48:04.538Z,2026-10-15T15:48:04.538000+00:00,2026-11-05T15:48:04.538000+00:00,2026-12-03T15:48:04.538000+00:00,2026-12-31T15:48:04.538000+00:00
288496741,453578,https://marquesasemijoias.com.br/produtos/colar-veneziana-bolinhas-banho-de-ouro-18k/,https://marquesasemijoias.com.br/produtos/colar-veneziana-bolinhas-banho-de-ouro-18k/,Colar Veneziana 0.80 com Bolinhas Ouro 18k Elegante,Colar Veneziana Bolinhas Banho de Ouro 18k | Marquesa,"Colar Veneziana 0.80 com bolinhas e banho de ouro 18k, delicado e moderno. Compre agora e valorize seu estilo!","Colar Veneziana 0.80 com bolinhas e banho de ouro 18k, delicado e moderno. Compre agora e valorize seu estilo!",VALIDATED,FACTUAL_METADATA_AND_FAMILY_USE_CONTEXT,PUBLIC_VALIDATED,True,NEW_CONTENT_WRITE,False,True,False,False,UNCHANGED,True,True,True,2026-10-08T23:35:30.896Z,2026-10-15T23:35:30.896000+00:00,2026-11-05T23:35:30.896000+00:00,2026-12-03T23:35:30.896000+00:00,2026-12-31T23:35:30.896000+00:00
288496751,213932,https://marquesasemijoias.com.br/produtos/pulseira-nossa-senhora-das-gracas-banho-de-ouro-18k/,https://marquesasemijoias.com.br/produtos/pulseira-nossa-senhora-das-gracas-banho-de-ouro-18k/,Pulseira Nossa Senhora das Graças Ouro 18k Fé,Pulseira Nossa Senhora das Graças Banho de Ouro 18k | Marquesa,"Pulseira Nossa Senhora das Graças com banho ouro 18k, brilho e proteção. Perfeita para o dia a dia. Compre agora e sinta a fé com estilo!","Pulseira Nossa Senhora das Graças com banho ouro 18k, brilho e proteção. Perfeita para o dia a dia. Compre agora e sinta a fé com estilo!",VALIDATED,FACTUAL_METADATA_AND_FAMILY_USE_CONTEXT,PUBLIC_VALIDATED,True,NEW_CONTENT_WRITE,True,True,False,False,UNCHANGED,True,True,True,2026-10-08T23:35:39.003Z,2026-10-15T23:35:39.003000+00:00,2026-11-05T23:35:39.003000+00:00,2026-12-03T23:35:39.003000+00:00,2026-12-31T23:35:39.003000+00:00
288496781,693796,https://marquesasemijoias.com.br/produtos/pulseira-cordao-baiano-banho-de-ouro-18k2/,https://marquesasemijoias.com.br/produtos/pulseira-cordao-baiano-banho-de-ouro-18k2/,Pulseira Cordão Baiano 3mm Ouro 18k Elegância e Brilho,Pulseira Cordão Baiano 3mm Ouro 18k Elegância e Brilho,"Pulseira Cordão Baiano 3mm com banho de ouro 18k, design sofisticado e durabilidade.","Pulseira Cordão Baiano 3mm com banho de ouro 18k, design sofisticado e durabilidade.",SKIPPED,DATA_GAP_DUPLICATE_NO_FACTUAL_DISTINCTION,DATA_GAP_DUPLICATE_NO_FACTUAL_DISTINCTION,True,PRESERVED_NO_WRITE,False,False,False,False,UNCHANGED,,,True,,,,,
288496808,615255,https://marquesasemijoias.com.br/produtos/pulseira-pedra-colorida-banho-de-ouro-18k/,https://marquesasemijoias.com.br/produtos/pulseira-pedra-colorida-banho-de-ouro-18k/,Pulseira Pedra Color 4mm Ouro 18k - Brilho e Elegância,Pulseira Pedra Colorida Banho de Ouro 18k | Marquesa,"Pulseira Pedra Color 4mm com banho ouro 18k, delicada e vibrante. Perfeita para o dia a dia e ocasiões especiais. Garanta já a sua!","Pulseira Pedra Colorida Banho de Ouro 18k. Medida: 15 cm + 4,0 cm extensor. Confira os detalhes.",VALIDATED,FACTUAL_METADATA_AND_FAMILY_USE_CONTEXT,PUBLIC_VALIDATED,True,NEW_CONTENT_WRITE,False,True,True,False,UNCHANGED,True,True,True,2026-10-08T23:35:47.162Z,2026-10-15T23:35:47.162000+00:00,2026-11-05T23:35:47.162000+00:00,2026-12-03T23:35:47.162000+00:00,2026-12-31T23:35:47.162000+00:00
305409174,303554 | 385113 | 327707,https://marquesasemijoias.com.br/produtos/pulseira-de-berloques-fecho-coracao-banho-de-ouro-18k-dve22/,https://marquesasemijoias.com.br/produtos/pulseira-de-berloques-fecho-coracao-banho-de-ouro-18k-dve22/,Pulseira de Berloques Fecho Coração Ouro 18k Luxo,Pulseira de Berloques Fecho Coração Banho de Ouro 18k | Marquesa,"Pulseira de Berloques com fecho coração banhada a ouro 18k, elegante e duradoura. Personalize e eternize momentos. Compre já!",Pulseira de Berloques Fecho Coração Banho de Ouro 18k. Medida: 20 cm. Confira os detalhes.,VALIDATED,FACTUAL_METADATA_AND_FAMILY_USE_CONTEXT,PUBLIC_VALIDATED,True,NEW_CONTENT_WRITE,True,True,True,False,UNCHANGED,True,True,True,2026-10-08T23:35:55.523Z,2026-10-15T23:35:55.523000+00:00,2026-11-05T23:35:55.523000+00:00,2026-12-03T23:35:55.523000+00:00,2026-12-31T23:35:55.523000+00:00
339108544,396903,https://marquesasemijoias.com.br/produtos/pulseira-veneziana-quatro-lados-banho-de-ouro-18k-1wwzz/,https://marquesasemijoias.com.br/produtos/pulseira-veneziana-quatro-lados-banho-de-ouro-18k-1wwzz/,Pulseira Veneziana Quatro Lados Ouro 18k Elegante,Pulseira Veneziana Quatro Lados Banho de Ouro 18k | Marquesa,Pulseira veneziana banho ouro 18k com design sofisticado e elos quatro lados. Perfeita para todas as ocasiões. Compre já!,Pulseira veneziana banho ouro 18k com design sofisticado e elos quatro lados. Perfeita para todas as ocasiões. Compre já!,VALIDATED,FACTUAL_METADATA_AND_FAMILY_USE_CONTEXT,PUBLIC_VALIDATED,True,NEW_CONTENT_WRITE,False,True,False,False,UNCHANGED,True,True,True,2026-10-08T23:36:03.728Z,2026-10-15T23:36:03.728000+00:00,2026-11-05T23:36:03.728000+00:00,2026-12-03T23:36:03.728000+00:00,2026-12-31T23:36:03.728000+00:00
349206315,997619,https://marquesasemijoias.com.br/produtos/conjunto-coracao-cravejado-banho-de-ouro-18k-rbs0n/,https://marquesasemijoias.com.br/produtos/conjunto-coracao-cravejado-banho-de-ouro-18k-rbs0n/,Conjunto Coração Cravejado Ouro 18k Elegância e Amor,Conjunto Coração Cravejado Banho de Ouro 18k | Marquesa,Conjunto delicado com banho de ouro 18k e zircônias cravejadas. Perfeito para mulheres que valorizam significado e sofisticação. Compre agora!,Conjunto delicado com banho de ouro 18k e zircônias cravejadas. Perfeito para mulheres que valorizam significado e sofisticação. Compre agora!,VALIDATED,FACTUAL_METADATA_AND_FAMILY_USE_CONTEXT,PUBLIC_VALIDATED,True,NEW_CONTENT_WRITE,True,True,False,False,UNCHANGED,True,True,True,2026-10-08T23:36:08.825Z,2026-10-15T23:36:08.825000+00:00,2026-11-05T23:36:08.825000+00:00,2026-12-03T23:36:08.825000+00:00,2026-12-31T23:36:08.825000+00:00
349614359,740465,https://marquesasemijoias.com.br/produtos/pulseira-masculina-cartie-diamantada-banho-de-ouro-18k-1r3hv/,https://marquesasemijoias.com.br/produtos/pulseira-masculina-cartie-diamantada-banho-de-ouro-18k-1r3hv/,Pulseira Masculina Cartier Diamantada Ouro 18k,Pulseira Masculina Cartie Diamantada Banho de Ouro 18k | Marquesa,Descubra a pulseira masculina Cartier com banho de ouro 18k e acabamento diamantado. Sofisticação e estilo para homens marcantes. Compre agora!,Descubra a pulseira masculina Cartier com banho de ouro 18k e acabamento diamantado. Sofisticação e estilo para homens marcantes. Compre agora!,VALIDATED,FACTUAL_METADATA_AND_FAMILY_USE_CONTEXT,PUBLIC_VALIDATED,True,NEW_CONTENT_WRITE,False,True,False,False,UNCHANGED,True,True,True,2026-10-08T23:36:13.702Z,2026-10-15T23:36:13.702000+00:00,2026-11-05T23:36:13.702000+00:00,2026-12-03T23:36:13.702000+00:00,2026-12-31T23:36:13.702000+00:00
359281159,122375,https://marquesasemijoias.com.br/produtos/brinco-gota-incolor-cravacao-inglesa-banho-de-ouro-18k/,https://marquesasemijoias.com.br/produtos/brinco-gota-incolor-cravacao-inglesa-banho-de-ouro-18k/,Brinco Gota Incolor Cravação Inglesa Ouro 18k Brilho,Brinco Gota Incolor Cravação Inglesa Banho de Ouro 18k | Marquesa,"Brinco gota incolor com cravação inglesa e banho de ouro 18k, reflexos limpos e intensos. Semijoia hipoalergênica. Compre agora!","Brinco Gota Incolor Cravação Inglesa Banho de Ouro 18k. Medida: aprox. 0,9 cm. Confira os detalhes.",VALIDATED,FACTUAL_METADATA_AND_FAMILY_USE_CONTEXT,PUBLIC_VALIDATED,True,NEW_CONTENT_WRITE,False,True,True,False,UNCHANGED,True,True,True,2026-10-08T23:36:21.992Z,2026-10-15T23:36:21.992000+00:00,2026-11-05T23:36:21.992000+00:00,2026-12-03T23:36:21.992000+00:00,2026-12-31T23:36:21.992000+00:00
359281392,133876,https://marquesasemijoias.com.br/produtos/brinco-pendurado-gota-vazada-banho-de-ouro-18k/,https://marquesasemijoias.com.br/produtos/brinco-pendurado-gota-vazada-banho-de-ouro-18k/,Brinco Pendurado Gota Vazada Ouro 18k Leve e Elegante,Brinco Pendurado Gota Vazada Banho de Ouro 18k | Marquesa,"Brinco pendurado gota vazada com banho de ouro 18k, leve e com movimento gracioso. Semijoia hipoalergênica com garantia. Compre agora!","Brinco Pendurado Gota Vazada Banho de Ouro 18k. Medida: aprox. 7,5 cm. Confira os detalhes.",VALIDATED,FACTUAL_METADATA_AND_FAMILY_USE_CONTEXT,PUBLIC_VALIDATED,True,NEW_CONTENT_WRITE,False,True,True,False,UNCHANGED,True,True,True,2026-10-08T23:36:30.145Z,2026-10-15T23:36:30.145000+00:00,2026-11-05T23:36:30.145000+00:00,2026-12-03T23:36:30.145000+00:00,2026-12-31T23:36:30.145000+00:00
360245549,452384,https://marquesasemijoias.com.br/produtos/escapulario-sagrado-coracao-e-nossa-senhora-banho-de-ouro-18k-i938c/,https://marquesasemijoias.com.br/produtos/escapulario-sagrado-coracao-e-nossa-senhora-banho-de-ouro-18k-i938c/,Escapulário Sagrado Coração e Nossa Senhora Ouro 18k - Fé e Prote,Escapulário Coração e Nossa Senhora Banho de Ouro 18k | Marquesa,"Escapulário Sagrado Coração e Nossa Senhora banhado a ouro 18k, 60cm. Peça delicada que expressa fé e proteção. Compre já e tenha proteção diária!",Escapulário Sagrado Coração e Nossa Senhora Banho Ouro 18k. Medida: 60 cm. Confira os detalhes.,VALIDATED,FACTUAL_METADATA_AND_FAMILY_USE_CONTEXT,PUBLIC_VALIDATED,True,NEW_CONTENT_WRITE,False,True,True,False,UNCHANGED,True,True,True,2026-10-08T23:40:39.592Z,2026-10-15T23:40:39.592000+00:00,2026-11-05T23:40:39.592000+00:00,2026-12-03T23:40:39.592000+00:00,2026-12-31T23:40:39.592000+00:00
268008668,661663,https://marquesasemijoias.com.br/produtos/pulseira-elos-cartier-banho-de-ouro-18k/,https://marquesasemijoias.com.br/produtos/pulseira-elos-cartier-banho-de-ouro-18k/,Pulseira Elos Cartier Ouro 18k - Sofisticação e Estilo,Pulseira Elos Cartier Banho de Ouro 18k | Marquesa,"Adquira a Pulseira Elos Cartier Banho de Ouro 18k e eleve seu estilo. Brilho intenso, design clássico e garantia de 1 ano. Compre agora!","Pulseira Elos Cartier Banho de Ouro 18k. Medida: 15 cm + 5,5 cm extensor. Confira os detalhes.",VALIDATED,FACTUAL_METADATA_AND_FAMILY_USE_CONTEXT,PUBLIC_VALIDATED,True,NEW_CONTENT_WRITE,True,True,True,False,UNCHANGED,True,True,True,2026-10-08T23:41:33.897Z,2026-10-15T23:41:33.897000+00:00,2026-11-05T23:41:33.897000+00:00,2026-12-03T23:41:33.897000+00:00,2026-12-31T23:41:33.897000+00:00
359126126,263571 | 263571 | 263571,https://marquesasemijoias.com.br/produtos/anel-topo-reto-cravejado-banho-de-ouro-18k-zys5o/,https://marquesasemijoias.com.br/produtos/anel-topo-reto-cravejado-banho-de-ouro-18k-zys5o/,Anel Topo Reto Cravejado com Banho de Ouro 18k Moderno,Anel Topo Reto Cravejado com Banho de Ouro 18k Moderno,"Anel topo reto cravejado com banho de ouro 18k, design minimalista e sofisticado. Compre e destaque seu estilo com brilho e elegância!","Anel topo reto cravejado com banho de ouro 18k, design minimalista e sofisticado. Compre e destaque seu estilo com brilho e elegância!",SKIPPED,EXISTING_CONTENT_SUFFICIENT,EXISTING_CONTENT_SUFFICIENT,True,PRESERVED_NO_WRITE,False,False,False,False,UNCHANGED,,,True,,,,,
359281188,183454,https://marquesasemijoias.com.br/produtos/brinco-organico-liso-banho-de-ouro-18k/,https://marquesasemijoias.com.br/produtos/brinco-organico-liso-banho-de-ouro-18k/,Brinco Orgânico Liso Ouro 18k Formas Contemporâneas,Brinco Organico Liso Banho de Ouro 18k | Marquesa,"Brinco orgânico liso com banho de ouro 18k, formas livres e acabamento polido. Semijoia hipoalergênica com 1 ano de garantia. Compre agora!","Brinco Organico Liso Banho de Ouro 18k. Medida: aprox. 3,0 cm. Confira os detalhes.",VALIDATED,FACTUAL_METADATA_AND_FAMILY_USE_CONTEXT,PUBLIC_VALIDATED,True,NEW_CONTENT_WRITE,True,True,True,False,UNCHANGED,True,True,True,2026-10-08T23:41:42.018Z,2026-10-15T23:41:42.018000+00:00,2026-11-05T23:41:42.018000+00:00,2026-12-03T23:41:42.018000+00:00,2026-12-31T23:41:42.018000+00:00
360206443,334343,https://marquesasemijoias.com.br/produtos/colar-piastrine-banho-de-ouro-18k/,https://marquesasemijoias.com.br/produtos/colar-piastrine-banho-de-ouro-18k/,Colar Piastrine Ouro 18k 45cm - Elegância e Sofisticação,Colar Piastrine Banho de Ouro 18k — 45 cm,"Colar Piastrine banhado a ouro 18k, 45cm, com elos delicados e design clássico. Compre já e realce seu estilo com sofisticação!",Colar Piastrine Banho de Ouro 18k. 45 cm. Veja na Marquesa.,VALIDATED,FACTUAL_METADATA_AND_FAMILY_USE_CONTEXT,PUBLIC_VALIDATED,True,NEW_CONTENT_WRITE,False,True,True,False,UNCHANGED,True,True,True,2026-10-08T23:41:50.097Z,2026-10-15T23:41:50.097000+00:00,2026-11-05T23:41:50.097000+00:00,2026-12-03T23:41:50.097000+00:00,2026-12-31T23:41:50.097000+00:00
360677403,386928,https://marquesasemijoias.com.br/produtos/pulseira-bota-country-com-estrela-banho-de-ouro-18k/,https://marquesasemijoias.com.br/produtos/pulseira-bota-country-com-estrela-banho-de-ouro-18k/,Pulseira Bota Country Estrela Ouro 18k - Charme e Atitude,Pulseira Bota Country com Estrela Banho de Ouro 18k | Marquesa,"Pulseira Bota Country com estrela em banho de ouro 18k, 15cm + extensor. Semijoia autêntica e moderna. Compre já e destaque seu estilo único!","Pulseira Bota Country com estrela em banho de ouro 18k, 15cm + extensor. Semijoia autêntica e moderna. Compre já e destaque seu estilo único!",VALIDATED,FACTUAL_METADATA_AND_FAMILY_USE_CONTEXT,PUBLIC_VALIDATED,True,NEW_CONTENT_WRITE,False,True,False,False,UNCHANGED,True,True,True,2026-10-08T23:41:55.171Z,2026-10-15T23:41:55.171000+00:00,2026-11-05T23:41:55.171000+00:00,2026-12-03T23:41:55.171000+00:00,2026-12-31T23:41:55.171000+00:00
360677442,889171,https://marquesasemijoias.com.br/produtos/pulseira-zirconias-baguete-coloridas-banho-de-ouro-18k/,https://marquesasemijoias.com.br/produtos/pulseira-zirconias-baguete-coloridas-banho-de-ouro-18k/,Pulseira Zircônias Baguete Coloridas Ouro 18k - Brilho e Cor,Pulseira Zircônias Baguete Coloridas Banho de Ouro 18k | Marquesa,"Pulseira com zircônias baguete coloridas em banho de ouro 18k, 15cm + extensor. Semijoia hipoalergênica que ilumina seu visual. Compre já!","Pulseira Zircônias Baguete Coloridas Banho de Ouro 18k. Medida: 15 cm + 5,0 cm extensor. Confira os detalhes.",VALIDATED,FACTUAL_METADATA_AND_FAMILY_USE_CONTEXT,PUBLIC_VALIDATED,True,NEW_CONTENT_WRITE,False,True,True,False,UNCHANGED,True,True,True,2026-10-08T23:42:00.101Z,2026-10-15T23:42:00.101000+00:00,2026-11-05T23:42:00.101000+00:00,2026-12-03T23:42:00.101000+00:00,2026-12-31T23:42:00.101000+00:00
359281145,466730,https://marquesasemijoias.com.br/produtos/piercing-fake-riviera-coloridos-banho-de-ouro-18k/,https://marquesasemijoias.com.br/produtos/piercing-fake-riviera-coloridos-banho-de-ouro-18k/,Piercing Fake Riviera Colorido Banho de Ouro 18k | Marquesa,Piercing Fake Riviera Colorido Banho de Ouro 18k | Marquesa,Piercing fake riviera com zircônias coloridas e banho de ouro 18k. Use sem precisar de furo para acrescentar cor ao seu mix. Conheça na Marquesa.,Piercing fake riviera com zircônias coloridas e banho de ouro 18k. Use sem precisar de furo para acrescentar cor ao seu mix. Conheça na Marquesa.,SKIPPED,PREVIOUS_45_REAUDITED_CONTENT_PRESERVED,PREVIOUS_45_REAUDITED_CONTENT_PRESERVED,True,PREVIOUS_45_PRESERVED,False,False,False,False,UNCHANGED,,,True,2026-10-05T13:49:17.138000+00:00,2026-10-12T13:49:17.138000+00:00,2026-11-02T13:49:17.138000+00:00,2026-11-30T13:49:17.138000+00:00,2026-12-28T13:49:17.138000+00:00
295130703,150914,https://marquesasemijoias.com.br/produtos/brinco-coracao-rubi-cravejado-prata-925/,https://marquesasemijoias.com.br/produtos/brinco-coracao-rubi-cravejado-prata-925/,Brinco Coração Rubi Cravejado Prata 925 | Marquesa,Brinco Coração Rubi Cravejado Prata 925 | Marquesa,"Brinco coração cravejado com rubi em prata 925. Uma joia romântica, sofisticada e cheia de brilho.","Brinco coração cravejado com rubi em prata 925. Uma joia romântica, sofisticada e cheia de brilho.",SKIPPED,EXISTING_CONTENT_SUFFICIENT,EXISTING_CONTENT_SUFFICIENT,True,PRESERVED_NO_WRITE,False,False,False,False,UNCHANGED,,,True,,,,,
339523060,453324,https://marquesasemijoias.com.br/produtos/colar-casal-filhos-azul-e-rosa-prata-925-1b9pe/,https://marquesasemijoias.com.br/produtos/colar-casal-filhos-azul-e-rosa-prata-925-1b9pe/,Colar Filhos Azul e Rosa Prata 925 | Marquesa,Colar Filhos Azul e Rosa Prata 925 | Marquesa,"Colar filhos azul e rosa em prata 925. Corrente de 45 cm e pingentes de cerca de 2,4 cm cada, para carregar um símbolo de afeto. Veja na Marquesa.","Colar filhos azul e rosa em prata 925. Corrente de 45 cm e pingentes de cerca de 2,4 cm cada, para carregar um símbolo de afeto. Veja na Marquesa.",SKIPPED,PREVIOUS_45_REAUDITED_CONTENT_PRESERVED,PREVIOUS_45_REAUDITED_CONTENT_PRESERVED,True,PREVIOUS_45_PRESERVED,False,False,False,False,UNCHANGED,,,True,2026-10-05T13:34:33.594000+00:00,2026-10-12T13:34:33.594000+00:00,2026-11-02T13:34:33.594000+00:00,2026-11-30T13:34:33.594000+00:00,2026-12-28T13:34:33.594000+00:00
359126269,316411 | 316411 | 316411 | 316411 | 316411 | 316411,https://marquesasemijoias.com.br/produtos/anel-solitario-zirconia-9mm-banho-de-ouro-18k-17ny6/,https://marquesasemijoias.com.br/produtos/anel-solitario-zirconia-9mm-banho-de-ouro-18k-17ny6/,Anel Solitário Zircônia 9mm Banho Ouro 18k Sofisticado,Anel Solitário Zircônia 9mm Banho de Ouro 18k | Marquesa,"Anel solitário com zircônia 9mm e banho de ouro 18k, brilho intenso e elegância para ocasiões especiais. Compre e realce seu estilo com luxo!","Anel solitário com zircônia 9mm e banho de ouro 18k, brilho intenso e elegância para ocasiões especiais. Compre e realce seu estilo com luxo!",VALIDATED,FACTUAL_METADATA_AND_FAMILY_USE_CONTEXT,PUBLIC_VALIDATED,True,NEW_CONTENT_WRITE,False,True,False,False,UNCHANGED,True,True,True,2026-10-08T23:42:08.308Z,2026-10-15T23:42:08.308000+00:00,2026-11-05T23:42:08.308000+00:00,2026-12-03T23:42:08.308000+00:00,2026-12-31T23:42:08.308000+00:00
267653247,264141,https://marquesasemijoias.com.br/produtos/colar-menina-zirconia-rosa-prata-925/,https://marquesasemijoias.com.br/produtos/colar-menina-zirconia-rosa-prata-925/,Colar Menina Zircônia Rosa Prata 925 Elegância Delicada,Colar Menina Zircônia Rosa Prata 925 | Marquesa,Descubra o Colar Menina com Zircônia Rosa em Prata 925. Presenteie com elegância e doçura. Adquira já o seu e encante-se!,Descubra o Colar Menina com Zircônia Rosa em Prata 925. Presenteie com elegância e doçura. Adquira já o seu e encante-se!,VALIDATED,FACTUAL_METADATA_AND_FAMILY_USE_CONTEXT,PUBLIC_VALIDATED,True,NEW_CONTENT_WRITE,False,True,False,False,UNCHANGED,True,True,True,2026-10-08T23:42:16.628Z,2026-10-15T23:42:16.628000+00:00,2026-11-05T23:42:16.628000+00:00,2026-12-03T23:42:16.628000+00:00,2026-12-31T23:42:16.628000+00:00
296985263,474218,https://marquesasemijoias.com.br/produtos/colar-chave-coracao-cravejado-prata-925/,https://marquesasemijoias.com.br/produtos/colar-chave-coracao-cravejado-prata-925/,Colar Chave Coração Cravejado Prata 925 | Marquesa,Colar Chave Coração Cravejado Prata 925 | Marquesa,"Colar chave com coração cravejado em Prata 925. Delicado, sofisticado e moderno, perfeito para compor looks femininos com estilo e charme.","Colar chave com coração cravejado em Prata 925. Delicado, sofisticado e moderno, perfeito para compor looks femininos com estilo e charme.",VALIDATED,FACTUAL_METADATA_AND_FAMILY_USE_CONTEXT,PUBLIC_VALIDATED,True,NEW_CONTENT_WRITE,True,False,False,False,UNCHANGED,True,True,True,2026-10-08T23:42:24.681Z,2026-10-15T23:42:24.681000+00:00,2026-11-05T23:42:24.681000+00:00,2026-12-03T23:42:24.681000+00:00,2026-12-31T23:42:24.681000+00:00
349612329,374979,https://marquesasemijoias.com.br/produtos/colar-coracao-cravejado-rosa-prata-925-1ry0f/,https://marquesasemijoias.com.br/produtos/colar-coracao-cravejado-rosa-prata-925-1ry0f/,Colar Coração Cravejado Rosa Prata 925 Delicadeza,Colar Coração Cravejado Rosa Prata 925 Delicadeza,Colar coração cravejado rosa em prata 925 com acabamento refinado. Elegância e significado para mulheres que amam joias delicadas. Compre agora!,Colar coração cravejado rosa em prata 925 com acabamento refinado. Elegância e significado para mulheres que amam joias delicadas. Compre agora!,SKIPPED,NO_LONGER_SELLABLE_AT_RESUME_PRESERVE,NO_LONGER_SELLABLE_AT_RESUME_PRESERVE,False,PRESERVED_NO_WRITE,False,False,False,False,UNCHANGED,,,True,,,,,
281079826,473436,https://marquesasemijoias.com.br/produtos/colar-piastrine-com-pingente-de-cruz-cravejada-banho-de-ouro-18k/,https://marquesasemijoias.com.br/produtos/colar-piastrine-com-pingente-de-cruz-cravejada-banho-de-ouro-18k/,Colar Piastrine Cruz Cravejada Ouro 18k - Estilo e Fé,Colar Pingente de Cruz Cravejada Banho de Ouro 18k | Marquesa,Descubra o Colar Piastrine com Pingente de Cruz em Ouro 18k. Elegância e fé em uma peça luxuosa. Adquira já o seu e realce seu estilo!,Colar Pingente de Cruz Cravejada Banho de Ouro 18k. Medida: 45 cm. Confira os detalhes.,VALIDATED,FACTUAL_METADATA_AND_FAMILY_USE_CONTEXT,PUBLIC_VALIDATED,True,NEW_CONTENT_WRITE,False,True,True,False,UNCHANGED,True,True,True,2026-10-08T23:42:32.836Z,2026-10-15T23:42:32.836000+00:00,2026-11-05T23:42:32.836000+00:00,2026-12-03T23:42:32.836000+00:00,2026-12-31T23:42:32.836000+00:00
288496257,175799,https://marquesasemijoias.com.br/produtos/argola-click-fina-banho-de-ouro-18k/,https://marquesasemijoias.com.br/produtos/argola-click-fina-banho-de-ouro-18k/,Argola Click Fina Ouro 18k Elegância e Praticidade,Argola Click Fina Ouro 18k Elegância e Praticidade,"Argola Click Fina com banho de ouro 18k, design delicado e seguro. Ideal para o dia a dia e mix de brincos. Compre agora e valorize seu estilo!","Argola Click Fina com banho de ouro 18k, design delicado e seguro. Ideal para o dia a dia e mix de brincos. Compre agora e valorize seu estilo!",SKIPPED,NO_LONGER_SELLABLE_AT_RESUME_PRESERVE,NO_LONGER_SELLABLE_AT_RESUME_PRESERVE,False,PRESERVED_NO_WRITE,False,False,False,False,UNCHANGED,,,True,,,,,
288496504,148179,https://marquesasemijoias.com.br/produtos/argola-quadrada-lisa-banho-de-ouro-18k/,https://marquesasemijoias.com.br/produtos/argola-quadrada-lisa-banho-de-ouro-18k/,Argola Quadrada Lisa Ouro 18k Elegância Moderna,Argola Quadrada Lisa Banho de Ouro 18k | Marquesa,"Argola Quadrada Lisa Banho de Ouro 18k com design geométrico e sofisticação. Versátil e atemporal, ideal para qualquer ocasião. Compre agora!","Argola Quadrada Lisa Banho de Ouro 18k com design geométrico e sofisticação. Versátil e atemporal, ideal para qualquer ocasião. Compre agora!",VALIDATED,FACTUAL_METADATA_AND_FAMILY_USE_CONTEXT,PUBLIC_VALIDATED,True,NEW_CONTENT_WRITE,False,True,False,False,UNCHANGED,True,True,True,2026-10-08T23:42:37.929Z,2026-10-15T23:42:37.929000+00:00,2026-11-05T23:42:37.929000+00:00,2026-12-03T23:42:37.929000+00:00,2026-12-31T23:42:37.929000+00:00
288496821,243482,https://marquesasemijoias.com.br/produtos/pulseira-elos-maxi-banho-de-ouro-18k/,https://marquesasemijoias.com.br/produtos/pulseira-elos-maxi-banho-de-ouro-18k/,Pulseira Elos Maxi Ouro 18k: Elegância e Estilo,Pulseira Elos Maxi Banho de Ouro 18k | Marquesa,"Pulseira Elos Maxi com banho de ouro 18k, design robusto e sofisticado. Compre agora na Marquesa Semijoias!","Pulseira Elos Maxi com banho de ouro 18k, design robusto e sofisticado. Compre agora na Marquesa Semijoias!",VALIDATED,FACTUAL_METADATA_AND_FAMILY_USE_CONTEXT,PUBLIC_VALIDATED,True,NEW_CONTENT_WRITE,False,True,False,False,UNCHANGED,True,True,True,2026-10-08T23:42:45.960Z,2026-10-15T23:42:45.960000+00:00,2026-11-05T23:42:45.960000+00:00,2026-12-03T23:42:45.960000+00:00,2026-12-31T23:42:45.960000+00:00
305409072,399294,https://marquesasemijoias.com.br/produtos/pulseira-infantil-masculina-grume-banho-de-ouro-18k-m487g/,https://marquesasemijoias.com.br/produtos/pulseira-infantil-masculina-grume-banho-de-ouro-18k-m487g/,Pulseira Infantil Masculina Grume Ouro 18k Resistente,Pulseira Infantil Masculina Grume Banho de Ouro 18k — 14 cm,"Pulseira Infantil Masculina Grume banhada em Ouro 18k, resistente e confortável. Garanta já essa peça elegante e durável!",Pulseira Infantil Masculina Grume Banho de Ouro 18k. 14 cm. Veja na Marquesa.,VALIDATED,FACTUAL_METADATA_AND_FAMILY_USE_CONTEXT,PUBLIC_VALIDATED,True,NEW_CONTENT_WRITE,True,True,True,False,UNCHANGED,True,True,True,2026-10-08T23:42:54.063Z,2026-10-15T23:42:54.063000+00:00,2026-11-05T23:42:54.063000+00:00,2026-12-03T23:42:54.063000+00:00,2026-12-31T23:42:54.063000+00:00
313682849,290290,https://marquesasemijoias.com.br/produtos/colar-choker-fita-laminada-banho-de-ouro-18k-nm6q9/,https://marquesasemijoias.com.br/produtos/colar-choker-fita-laminada-banho-de-ouro-18k-nm6q9/,Colar Choker Fita Laminada Ouro 18k Elegância e Estilo,Colar Choker Fita Laminada Ouro 18k Elegância e Estilo,Colar Choker Fita Laminada banhado em ouro 18k com brilho sofisticado. Ideal para looks modernos e elegantes. Compre agora e destaque seu estilo!,Colar Choker Fita Laminada banhado em ouro 18k com brilho sofisticado. Ideal para looks modernos e elegantes. Compre agora e destaque seu estilo!,SKIPPED,NO_LONGER_SELLABLE_AT_RESUME_PRESERVE,NO_LONGER_SELLABLE_AT_RESUME_PRESERVE,False,PRESERVED_NO_WRITE,False,False,False,False,UNCHANGED,,,True,,,,,
313809134,429300,https://marquesasemijoias.com.br/produtos/colar-coracao-zirconias-coloridas-banho-de-ouro-18k-umqa0/,https://marquesasemijoias.com.br/produtos/colar-coracao-zirconias-coloridas-banho-de-ouro-18k-umqa0/,Colar Coração com Zircônias Coloridas em Ouro 18k,Colar Coração Zircônias Coloridas Banho de Ouro 18k | Marquesa,"Colar coração vibrante com zircônias coloridas banhado a ouro 18k, perfeito para dar cor e sofisticação ao seu visual. Compre já!",Colar Coração Zircônias Coloridas Banho de Ouro 18k. Medida: 45 cm + 5 cm extensor. Confira os detalhes.,VALIDATED,FACTUAL_METADATA_AND_FAMILY_USE_CONTEXT,PUBLIC_VALIDATED,True,NEW_CONTENT_WRITE,False,True,True,False,UNCHANGED,True,True,True,2026-10-08T23:43:01.835Z,2026-10-15T23:43:01.835000+00:00,2026-11-05T23:43:01.835000+00:00,2026-12-03T23:43:01.835000+00:00,2026-12-31T23:43:01.835000+00:00
335138150,958365,https://marquesasemijoias.com.br/produtos/colar-nossa-senhora-dupla-face-banho-de-ouro-18k-1hkvd/,https://marquesasemijoias.com.br/produtos/colar-nossa-senhora-dupla-face-banho-de-ouro-18k-1hkvd/,Colar Nossa Senhora Dupla Face com Zircônias - Ouro 18k,Colar Nossa Senhora Dupla Face Banho de Ouro 18k | Marquesa,Colar Nossa Senhora Dupla Face em banho de ouro 18k com zircônias brancas e azuis. Sofisticação e fé em uma peça versátil. Compre já!,Colar Nossa Senhora Dupla Face em banho de ouro 18k com zircônias brancas e azuis. Sofisticação e fé em uma peça versátil. Compre já!,VALIDATED,FACTUAL_METADATA_AND_FAMILY_USE_CONTEXT,PUBLIC_VALIDATED,True,NEW_CONTENT_WRITE,False,True,False,False,UNCHANGED,True,True,True,2026-10-08T23:43:06.720Z,2026-10-15T23:43:06.720000+00:00,2026-11-05T23:43:06.720000+00:00,2026-12-03T23:43:06.720000+00:00,2026-12-31T23:43:06.720000+00:00
335145280,557608,https://marquesasemijoias.com.br/produtos/colar-longo-arvore-da-vida-zirconias-banho-de-ouro-18k-o8vv3/,https://marquesasemijoias.com.br/produtos/colar-longo-arvore-da-vida-zirconias-banho-de-ouro-18k-o8vv3/,Colar Longo Árvore da Vida com Zircônias Ouro 18k,Colar Longo Árvore da Vida Zircônias Banho de Ouro 18k | Marquesa,"Colar longo com pingente Árvore da Vida cravejado de zircônias e banho de ouro 18k, símbolo de força e conexão. Compre já!","Colar longo com pingente Árvore da Vida cravejado de zircônias e banho de ouro 18k, símbolo de força e conexão. Compre já!",VALIDATED,FACTUAL_METADATA_AND_FAMILY_USE_CONTEXT,PUBLIC_VALIDATED,True,NEW_CONTENT_WRITE,False,True,False,False,UNCHANGED,True,True,True,2026-10-08T23:43:11.747Z,2026-10-15T23:43:11.747000+00:00,2026-11-05T23:43:11.747000+00:00,2026-12-03T23:43:11.747000+00:00,2026-12-31T23:43:11.747000+00:00
339112478,391471,https://marquesasemijoias.com.br/produtos/anel-coracao-vazado-cravejado-banho-de-ouro-18k-1vpx5/,https://marquesasemijoias.com.br/produtos/anel-coracao-vazado-cravejado-banho-de-ouro-18k-1vpx5/,Anel Coração Vazado Cravejado Banhado a Ouro 18k | Marquesa,Anel Coração Vazado Cravejado Banhado a Ouro 18k | Marquesa,"Anel coração vazado cravejado, banhado a ouro 18k. Design romântico com zircônias para compor seus looks.",Anel Coração Vazado Cravejado Banho de Ouro 18k. Use sozinho ou em um mix de anéis. Confira os detalhes.,VALIDATED,FACTUAL_METADATA_AND_FAMILY_USE_CONTEXT,PUBLIC_VALIDATED,True,NEW_CONTENT_WRITE,True,False,True,False,UNCHANGED,True,True,True,2026-10-08T23:43:19.783Z,2026-10-15T23:43:19.783000+00:00,2026-11-05T23:43:19.783000+00:00,2026-12-03T23:43:19.783000+00:00,2026-12-31T23:43:19.783000+00:00
339742510,718221 | 640509,https://marquesasemijoias.com.br/produtos/pingente-menino-cravejada-banho-de-ouro-18k-115v8/,https://marquesasemijoias.com.br/produtos/pingente-menino-cravejada-banho-de-ouro-18k-115v8/,Pingente Menino Cravejado Ouro 18k - Brilho e Emoção,Pingente Menino Cravejada Banho de Ouro 18k | Marquesa,"Pingente Menino cravejado com banho de Ouro 18k, delicado e brilhante, perfeito para colares e pulseiras personalizadas. Compre já!","Pingente Menino cravejado com banho de Ouro 18k, delicado e brilhante, perfeito para colares e pulseiras personalizadas. Compre já!",VALIDATED,FACTUAL_METADATA_AND_FAMILY_USE_CONTEXT,PUBLIC_VALIDATED,True,NEW_CONTENT_WRITE,False,True,False,False,UNCHANGED,True,True,True,2026-10-08T23:43:27.773Z,2026-10-15T23:43:27.773000+00:00,2026-11-05T23:43:27.773000+00:00,2026-12-03T23:43:27.773000+00:00,2026-12-31T23:43:27.773000+00:00
359281263,102528,https://marquesasemijoias.com.br/produtos/brinco-oval-vazado-com-zirconia-banho-de-ouro-18k/,https://marquesasemijoias.com.br/produtos/brinco-oval-vazado-com-zirconia-banho-de-ouro-18k/,Brinco Oval Vazado com Zircônia Ouro 18k Leve e Chic,Brinco Oval Vazado com Zircônia Banho de Ouro 18k | Marquesa,"Brinco oval vazado com zircônia e banho de ouro 18k, leve, discreto e sofisticado. Semijoia hipoalergênica com garantia. Compre já!","Brinco Oval Vazado com Zircônia Banho de Ouro 18k. Medida: aprox. 1,3 cm. Confira os detalhes.",VALIDATED,FACTUAL_METADATA_AND_FAMILY_USE_CONTEXT,PUBLIC_VALIDATED,True,NEW_CONTENT_WRITE,True,True,True,False,UNCHANGED,True,True,True,2026-10-08T23:43:36.092Z,2026-10-15T23:43:36.092000+00:00,2026-11-05T23:43:36.092000+00:00,2026-12-03T23:43:36.092000+00:00,2026-12-31T23:43:36.092000+00:00
359281474,161116,https://marquesasemijoias.com.br/produtos/brinco-coracao-turmalina-g-banho-de-ouro-18k/,https://marquesasemijoias.com.br/produtos/brinco-coracao-turmalina-g-banho-de-ouro-18k/,Brinco Coração Turmalina G Ouro 18k Presença e Brilho,Brinco Coração Turmalina Grande Banho de Ouro 18k | Marquesa,"Brinco coração grande com turmalina e banho de ouro 18k, marcante e elegante. Semijoia hipoalergênica com 1 ano de garantia. Compre já!","Brinco Coração Turmalina Grande Banho de Ouro 18k. Medida: aprox. 1,0 cm. Confira os detalhes.",VALIDATED,FACTUAL_METADATA_AND_FAMILY_USE_CONTEXT,PUBLIC_VALIDATED,True,NEW_CONTENT_WRITE,False,True,True,False,UNCHANGED,True,True,True,2026-10-08T23:43:44.225Z,2026-10-15T23:43:44.225000+00:00,2026-11-05T23:43:44.225000+00:00,2026-12-03T23:43:44.225000+00:00,2026-12-31T23:43:44.225000+00:00
360206418,310231,https://marquesasemijoias.com.br/produtos/colar-gota-incolor-cravacao-inglesa-banho-de-ouro-18k/,https://marquesasemijoias.com.br/produtos/colar-gota-incolor-cravacao-inglesa-banho-de-ouro-18k/,Colar Gota Incolor Ouro 18k - Elegância e Brilho Sofisticado,Colar Gota Incolor Cravação Inglesa Banho de Ouro 18k | Marquesa,"Colar gota incolor com cravação inglesa e banho de ouro 18k, 45cm. Delicadeza e brilho para transformar seu visual. Compre já!","Colar gota incolor com cravação inglesa e banho de ouro 18k, 45cm. Delicadeza e brilho para transformar seu visual. Compre já!",VALIDATED,FACTUAL_METADATA_AND_FAMILY_USE_CONTEXT,PUBLIC_VALIDATED,True,NEW_CONTENT_WRITE,False,True,False,False,UNCHANGED,True,True,True,2026-10-08T23:43:52.165Z,2026-10-15T23:43:52.165000+00:00,2026-11-05T23:43:52.165000+00:00,2026-12-03T23:43:52.165000+00:00,2026-12-31T23:43:52.165000+00:00
360206433,492221,https://marquesasemijoias.com.br/produtos/colar-choker-zirconias-incolor-banho-de-ouro-18k/,https://marquesasemijoias.com.br/produtos/colar-choker-zirconias-incolor-banho-de-ouro-18k/,Colar Choker Zircônias Incolor Ouro 18k - Elegância Delicada,Colar Choker Zircônias Incolor Banho de Ouro 18k | Marquesa,"Choker com zircônias incolores e banho de ouro 18k, 30cm+10cm. Brilho sofisticado para seu visual. Compre já!","Choker com zircônias incolores e banho de ouro 18k, 30cm+10cm. Brilho sofisticado para seu visual. Compre já!",VALIDATED,FACTUAL_METADATA_AND_FAMILY_USE_CONTEXT,PUBLIC_VALIDATED,True,NEW_CONTENT_WRITE,False,True,False,False,UNCHANGED,True,True,True,2026-10-08T23:43:57.063Z,2026-10-15T23:43:57.063000+00:00,2026-11-05T23:43:57.063000+00:00,2026-12-03T23:43:57.063000+00:00,2026-12-31T23:43:57.063000+00:00
360206439,362747,https://marquesasemijoias.com.br/produtos/colar-elos-longos-trabalhados-banho-de-ouro-18k/,https://marquesasemijoias.com.br/produtos/colar-elos-longos-trabalhados-banho-de-ouro-18k/,Colar Elos Longos Trabalhados Ouro 18k - Elegância e Estilo,Colar Elos Longos Trabalhados Banho de Ouro 18k | Marquesa,"Colar com elos longos trabalhados em banho de ouro 18k, 39cm+10cm. Sofisticação para qualquer ocasião. Compre já!","Colar com elos longos trabalhados em banho de ouro 18k, 39cm+10cm. Sofisticação para qualquer ocasião. Compre já!",VALIDATED,FACTUAL_METADATA_AND_FAMILY_USE_CONTEXT,PUBLIC_VALIDATED,True,NEW_CONTENT_WRITE,False,True,False,False,UNCHANGED,True,True,True,2026-10-08T23:44:05.198Z,2026-10-15T23:44:05.198000+00:00,2026-11-05T23:44:05.198000+00:00,2026-12-03T23:44:05.198000+00:00,2026-12-31T23:44:05.198000+00:00
360677421,615254,https://marquesasemijoias.com.br/produtos/pulseira-infantil-pedra-color-banho-de-ouro-18k/,https://marquesasemijoias.com.br/produtos/pulseira-infantil-pedra-color-banho-de-ouro-18k/,Pulseira Infantil Pedra Color Ouro 18k - Delicadeza e Alegria,Pulseira Infantil Pedra Color Banho de Ouro 18k | Marquesa,"Pulseira infantil com pedra colorida em banho de ouro 18k, 10cm + extensor. Semijoia hipoalergênica para presentear com charme. Compre já!","Pulseira Infantil Pedra Color Banho de Ouro 18k. Medida: 10 cm + 5,0cm extensor. Confira os detalhes.",VALIDATED,FACTUAL_METADATA_AND_FAMILY_USE_CONTEXT,PUBLIC_VALIDATED,True,NEW_CONTENT_WRITE,False,True,True,False,UNCHANGED,True,True,True,2026-10-08T23:44:13.269Z,2026-10-15T23:44:13.269000+00:00,2026-11-05T23:44:13.269000+00:00,2026-12-03T23:44:13.269000+00:00,2026-12-31T23:44:13.269000+00:00
360677444,408629,https://marquesasemijoias.com.br/produtos/pulseira-elos-hexagonal-banho-de-ouro-18k/,https://marquesasemijoias.com.br/produtos/pulseira-elos-hexagonal-banho-de-ouro-18k/,Pulseira Elos Hexagonal Ouro 18k - Design Moderno e Sofisticado,Pulseira Elos Hexagonal Banho de Ouro 18k | Marquesa,"Pulseira elos hexagonais em banho de ouro 18k, 17cm. Semijoia hipoalergênica que destaca seu estilo único. Compre já!",Pulseira Elos Hexagonal Banho de Ouro 18k. Medida: 17 cm. Confira os detalhes.,VALIDATED,FACTUAL_METADATA_AND_FAMILY_USE_CONTEXT,PUBLIC_VALIDATED,True,NEW_CONTENT_WRITE,False,True,True,False,UNCHANGED,True,True,True,2026-10-08T23:44:21.433Z,2026-10-15T23:44:21.433000+00:00,2026-11-05T23:44:21.433000+00:00,2026-12-03T23:44:21.433000+00:00,2026-12-31T23:44:21.433000+00:00
253314773,656140,https://marquesasemijoias.com.br/produtos/brinco-pequeno-tartaruga-cravejada-prata-925/,https://marquesasemijoias.com.br/produtos/brinco-pequeno-tartaruga-cravejada-prata-925/,Brinco Tartaruga Cravejado Prata 925 Elegância,Brinco Pequeno Tartaruga Cravejada Prata 925 | Marquesa,"Descubra o Brinco Pequeno Tartaruga Cravejada em Prata 925. Um símbolo de proteção e sabedoria, perfeito para o dia a dia. Adquira já o seu!","Descubra o Brinco Pequeno Tartaruga Cravejada em Prata 925. Um símbolo de proteção e sabedoria, perfeito para o dia a dia. Adquira já o seu!",VALIDATED,FACTUAL_METADATA_AND_FAMILY_USE_CONTEXT,PUBLIC_VALIDATED,True,NEW_CONTENT_WRITE,True,True,False,False,UNCHANGED,True,True,True,2026-10-08T23:44:29.755Z,2026-10-15T23:44:29.755000+00:00,2026-11-05T23:44:29.755000+00:00,2026-12-03T23:44:29.755000+00:00,2026-12-31T23:44:29.755000+00:00
307923910,239278,https://marquesasemijoias.com.br/produtos/berloque-mapa-aviao-e-passaporte-banho-de-ouro-18k-jyibz/,https://marquesasemijoias.com.br/produtos/berloque-mapa-aviao-e-passaporte-banho-de-ouro-18k-jyibz/,"Berloque Mapa, Avião e Passaporte Banho Ouro 18k Viagem","Berloque Mapa, Avião e Passaporte Banho Ouro 18k Viagem","Berloque banho de ouro 18k com mapa, avião e passaporte, perfeito para amantes de viagens. Adicione charme e personalidade à sua pulseira.","Berloque banho de ouro 18k com mapa, avião e passaporte, perfeito para amantes de viagens. Adicione charme e personalidade à sua pulseira.",SKIPPED,EXISTING_CONTENT_SUFFICIENT,EXISTING_CONTENT_SUFFICIENT,True,PRESERVED_NO_WRITE,False,False,False,False,UNCHANGED,,,True,,,,,
265585596,253852,https://marquesasemijoias.com.br/produtos/anel-solitario-infantil-banho-de-ouro-18k/,https://marquesasemijoias.com.br/produtos/anel-solitario-infantil-banho-de-ouro-18k/,Anel Solitário Infantil Banho de Ouro 18k | Marquesa,Anel Solitário Infantil Banho de Ouro 18k | Marquesa,Anel solitário infantil com zircônias e banho de ouro 18k. Confira a opção disponível e os detalhes da peça antes de escolher na Marquesa.,Anel solitário infantil com zircônias e banho de ouro 18k. Confira a opção disponível e os detalhes da peça antes de escolher na Marquesa.,SKIPPED,PREVIOUS_45_REAUDITED_CONTENT_PRESERVED,PREVIOUS_45_REAUDITED_CONTENT_PRESERVED,True,PREVIOUS_45_PRESERVED,False,False,False,False,UNCHANGED,,,True,2026-10-06T04:55:47.901000+00:00,2026-10-13T04:55:47.901000+00:00,2026-11-03T04:55:47.901000+00:00,2026-12-01T04:55:47.901000+00:00,2026-12-29T04:55:47.901000+00:00
288496401,384361,https://marquesasemijoias.com.br/produtos/pulseira-cobra-zirconias-incolor-banho-de-ouro-18k/,https://marquesasemijoias.com.br/produtos/pulseira-cobra-zirconias-incolor-banho-de-ouro-18k/,Pulseira Cobra Zircônias Incolores Banho de Ouro 18k | Marquesa,Pulseira Cobra Zircônias Incolores Banho de Ouro 18k | Marquesa,Pulseira cobra com zircônias incolores e banho de ouro 18k. Mede cerca de 18 cm e traz um desenho marcante para o pulso. Confira na Marquesa.,Pulseira cobra com zircônias incolores e banho de ouro 18k. Mede cerca de 18 cm e traz um desenho marcante para o pulso. Confira na Marquesa.,SKIPPED,PREVIOUS_45_REAUDITED_CONTENT_PRESERVED,PREVIOUS_45_REAUDITED_CONTENT_PRESERVED,True,PREVIOUS_45_PRESERVED,False,False,False,False,UNCHANGED,,,True,2026-10-05T13:52:08.864000+00:00,2026-10-12T13:52:08.864000+00:00,2026-11-02T13:52:08.864000+00:00,2026-11-30T13:52:08.864000+00:00,2026-12-28T13:52:08.864000+00:00
288496581,552039,https://marquesasemijoias.com.br/produtos/colar-fina-fita-laminada-banho-de-ouro-18k/,https://marquesasemijoias.com.br/produtos/colar-fina-fita-laminada-banho-de-ouro-18k/,Colar Fita Laminada Fina Banho de Ouro 18k | Marquesa,Colar Fita Laminada Fina Banho de Ouro 18k | Marquesa,Colar de fita laminada fina com banho de ouro 18k e corrente de 49 cm. Use sozinho ou em camadas com outros colares. Confira na Marquesa.,Colar de fita laminada fina com banho de ouro 18k e corrente de 49 cm. Use sozinho ou em camadas com outros colares. Confira na Marquesa.,SKIPPED,PREVIOUS_45_REAUDITED_CONTENT_PRESERVED,PREVIOUS_45_REAUDITED_CONTENT_PRESERVED,True,PREVIOUS_45_PRESERVED,False,False,False,False,UNCHANGED,,,True,2026-10-05T13:34:38.374000+00:00,2026-10-12T13:34:38.374000+00:00,2026-11-02T13:34:38.374000+00:00,2026-11-30T13:34:38.374000+00:00,2026-12-28T13:34:38.374000+00:00
288496745,265064,https://marquesasemijoias.com.br/produtos/pulseira-elo-portugues-com-fecho-coracao-zirconias-banho-de-ouro-18k/,https://marquesasemijoias.com.br/produtos/pulseira-elo-portugues-com-fecho-coracao-zirconias-banho-de-ouro-18k/,Pulseira Elo Português com Fecho Coração e Zircônias,Pulseira Elo Português com Fecho Coração e Zircônias,Pulseira Elo Português com fecho coração cravejado de zircônias e banho 18k. Compre agora e realce seu estilo!,Pulseira Elo Português com fecho coração cravejado de zircônias e banho 18k. Compre agora e realce seu estilo!,SKIPPED,EXISTING_CONTENT_SUFFICIENT,EXISTING_CONTENT_SUFFICIENT,True,PRESERVED_NO_WRITE,False,False,False,False,UNCHANGED,,,True,,,,,
288496774,390351,https://marquesasemijoias.com.br/produtos/pulseira-redonda-oca-banho-de-ouro-18k/,https://marquesasemijoias.com.br/produtos/pulseira-redonda-oca-banho-de-ouro-18k/,Pulseira Redonda Oca Banho de Ouro 18k | Marquesa,Pulseira Redonda Oca Banho de Ouro 18k | Marquesa,"Pulseira redonda oca com banho de ouro 18k. Mede 15 cm + 5 cm de extensor, para usar sozinha ou em composição. Conheça na Marquesa.","Pulseira redonda oca com banho de ouro 18k. Mede 15 cm + 5 cm de extensor, para usar sozinha ou em composição. Conheça na Marquesa.",SKIPPED,PREVIOUS_45_REAUDITED_CONTENT_PRESERVED,PREVIOUS_45_REAUDITED_CONTENT_PRESERVED,True,PREVIOUS_45_PRESERVED,False,False,False,False,UNCHANGED,,,True,2026-10-05T13:52:04.068000+00:00,2026-10-12T13:52:04.068000+00:00,2026-11-02T13:52:04.068000+00:00,2026-11-30T13:52:04.068000+00:00,2026-12-28T13:52:04.068000+00:00
288496819,694408,https://marquesasemijoias.com.br/produtos/choker-correntaria-coracao-vazado-elos-entrelacados-banho-de-ouro-18k/,https://marquesasemijoias.com.br/produtos/choker-correntaria-coracao-vazado-elos-entrelacados-banho-de-ouro-18k/,Choker Coração Vazado Elos Banho de Ouro 18k | Marquesa,Choker Coração Vazado Elos Banho de Ouro 18k | Marquesa,"Choker com coração vazado, elos entrelaçados e banho de ouro 18k. Corrente de 45 cm e pingente de cerca de 1,3 cm. Confira na Marquesa.","Choker com coração vazado, elos entrelaçados e banho de ouro 18k. Corrente de 45 cm e pingente de cerca de 1,3 cm. Confira na Marquesa.",SKIPPED,PREVIOUS_45_REAUDITED_CONTENT_PRESERVED,PREVIOUS_45_REAUDITED_CONTENT_PRESERVED,True,PREVIOUS_45_PRESERVED,False,False,False,False,UNCHANGED,,,True,2026-10-06T04:47:49.943000+00:00,2026-10-13T04:47:49.943000+00:00,2026-11-03T04:47:49.943000+00:00,2026-12-01T04:47:49.943000+00:00,2026-12-29T04:47:49.943000+00:00
307928879,297315,https://marquesasemijoias.com.br/produtos/berloque-casquinha-de-sorvete-banho-de-ouro-18k-utso5/,https://marquesasemijoias.com.br/produtos/berloque-casquinha-de-sorvete-banho-de-ouro-18k-utso5/,Berloque Casquinha de Sorvete Banho de Ouro 18k | Marquesa,Berloque Casquinha de Sorvete Banho de Ouro 18k | Marquesa,"Berloque casquinha de sorvete com banho de ouro 18k, dourado e rosa claro. Mede cerca de 2,5 cm. Veja os detalhes e componha sua pulseira na Marquesa.","Berloque casquinha de sorvete com banho de ouro 18k, dourado e rosa claro. Mede cerca de 2,5 cm. Veja os detalhes e componha sua pulseira na Marquesa.",SKIPPED,PREVIOUS_45_REAUDITED_CONTENT_PRESERVED,PREVIOUS_45_REAUDITED_CONTENT_PRESERVED,True,PREVIOUS_45_PRESERVED,False,False,False,False,UNCHANGED,,,True,2026-10-05T13:49:21.964000+00:00,2026-10-12T13:49:21.964000+00:00,2026-11-02T13:49:21.964000+00:00,2026-11-30T13:49:21.964000+00:00,2026-12-28T13:49:21.964000+00:00
307930494,226915,https://marquesasemijoias.com.br/produtos/berloque-abelha-e-frase-banho-de-ouro-18k-gvblh/,https://marquesasemijoias.com.br/produtos/berloque-abelha-e-frase-banho-de-ouro-18k-gvblh/,Berloque Abelha e Frase Banho de Ouro 18k | Marquesa,Berloque Abelha e Frase Banho de Ouro 18k | Marquesa,Berloque abelha e frase com banho de ouro 18k e medida de cerca de 2 cm. Um detalhe temático para sua composição. Conheça na Marquesa.,Berloque abelha e frase com banho de ouro 18k e medida de cerca de 2 cm. Um detalhe temático para sua composição. Conheça na Marquesa.,SKIPPED,PREVIOUS_45_REAUDITED_CONTENT_PRESERVED,PREVIOUS_45_REAUDITED_CONTENT_PRESERVED,True,PREVIOUS_45_PRESERVED,False,False,False,False,UNCHANGED,,,True,2026-10-05T13:50:30.189000+00:00,2026-10-12T13:50:30.189000+00:00,2026-11-02T13:50:30.189000+00:00,2026-11-30T13:50:30.189000+00:00,2026-12-28T13:50:30.189000+00:00
360206429,362827,https://marquesasemijoias.com.br/produtos/colar-choker-zirconias-pretas-banho-de-ouro-18k/,https://marquesasemijoias.com.br/produtos/colar-choker-zirconias-pretas-banho-de-ouro-18k/,Colar Choker Zircônias Pretas Banho Ouro 18k - Elegância Marcante,Colar Choker Zircônias Pretas Banho de Ouro 18k | Marquesa,"Choker com zircônias pretas e banho de ouro 18k, 35cm+5,5cm. Sofisticação e atitude no seu visual. Compre já!","Choker com zircônias pretas e banho de ouro 18k, 35cm+5,5cm. Sofisticação e atitude no seu visual. Compre já!",VALIDATED,FACTUAL_METADATA_AND_FAMILY_USE_CONTEXT,PUBLIC_VALIDATED,True,NEW_CONTENT_WRITE,False,True,False,False,UNCHANGED,True,True,True,2026-10-08T23:44:38.071Z,2026-10-15T23:44:38.071000+00:00,2026-11-05T23:44:38.071000+00:00,2026-12-03T23:44:38.071000+00:00,2026-12-31T23:44:38.071000+00:00
360206453,216029,https://marquesasemijoias.com.br/produtos/colar-cordao-baiano-3mm-banho-de-ouro-28k/,https://marquesasemijoias.com.br/produtos/colar-cordao-baiano-3mm-banho-de-ouro-28k/,Colar Cordão Baiano 3mm Ouro 28k - Sofisticação e Presença,Colar Cordão Baiano 3mm Ouro 28k - Sofisticação e Presença,"Colar Cordão Baiano 3mm banhado a ouro 28k, 40cm. Peça sofisticada que realça seu estilo com brilho e elegância. Compre já e destaque-se!","Colar Cordão Baiano 3mm banhado a ouro 28k, 40cm. Peça sofisticada que realça seu estilo com brilho e elegância. Compre já e destaque-se!",SKIPPED,DATA_GAP_FINISH_CONFLICT_28K_18K,DATA_GAP_FINISH_CONFLICT_28K_18K,True,PRESERVED_NO_WRITE,False,False,False,False,UNCHANGED,,,True,,,,,
360615524,329650,https://marquesasemijoias.com.br/produtos/pulseira-medalha-salmo-banho-de-ouro-18k-1p99p/,https://marquesasemijoias.com.br/produtos/pulseira-medalha-salmo-banho-de-ouro-18k-1p99p/,Pulseira Medalha Salmo Banho de Ouro 18k | Marquesa,Pulseira Medalha Salmo Banho de Ouro 18k | Marquesa,"Pulseira Medalha Salmo com zircônia e banho de ouro 18k. Mede 15 cm + 5 cm de extensor; medalha de cerca de 1,7 cm. Confira na Marquesa.","Pulseira Medalha Salmo com zircônia e banho de ouro 18k. Mede 15 cm + 5 cm de extensor; medalha de cerca de 1,7 cm. Confira na Marquesa.",SKIPPED,PREVIOUS_45_REAUDITED_CONTENT_PRESERVED,PREVIOUS_45_REAUDITED_CONTENT_PRESERVED,True,PREVIOUS_45_PRESERVED,False,False,False,False,UNCHANGED,,,True,2026-10-05T13:34:43.010000+00:00,2026-10-12T13:34:43.010000+00:00,2026-11-02T13:34:43.010000+00:00,2026-11-30T13:34:43.010000+00:00,2026-12-28T13:34:43.010000+00:00
253316369,436815,https://marquesasemijoias.com.br/produtos/anel-zig-zag-com-folhas-prata-925/,https://marquesasemijoias.com.br/produtos/anel-zig-zag-com-folhas-prata-925/,Anel Zigzag com Folhas em Prata 925 - Estilo Moderno,Anel Zigzag com Folhas em Prata 925 - Estilo Moderno,"Descubra o Anel Zigzag com Folhas em Prata 925, um acessório elegante e confortável.","Descubra o Anel Zigzag com Folhas em Prata 925, um acessório elegante e confortável.",SKIPPED,EXISTING_CONTENT_SUFFICIENT,EXISTING_CONTENT_SUFFICIENT,False,PRESERVED_NO_WRITE,False,False,False,False,UNCHANGED,,,True,,,,,
280055962,514825,https://marquesasemijoias.com.br/produtos/colar-mini-medalhas-banho-de-ouro-18k/,https://marquesasemijoias.com.br/produtos/colar-mini-medalhas-banho-de-ouro-18k/,Colar Mini Medalhas Banhado a Ouro 18k | Marquesa,Colar Mini Medalhas Banhado a Ouro 18k | Marquesa,"Colar Mini Medalhas banhado a ouro 18k, com 45 cm. Uma peça delicada para usar sozinha ou em composições.",Colar Mini Medalhas Banho de Ouro 18k. Medida: 45 cm. Confira os detalhes.,VALIDATED,FACTUAL_METADATA_AND_FAMILY_USE_CONTEXT,PUBLIC_VALIDATED,True,NEW_CONTENT_WRITE,False,False,True,False,UNCHANGED,True,True,True,2026-10-08T23:44:46.389Z,2026-10-15T23:44:46.389000+00:00,2026-11-05T23:44:46.389000+00:00,2026-12-03T23:44:46.389000+00:00,2026-12-31T23:44:46.389000+00:00
281076963,306595,https://marquesasemijoias.com.br/produtos/argola-media-torcida-banho-de-prata/,https://marquesasemijoias.com.br/produtos/argola-media-torcida-banho-de-prata/,Argola Média Torcida Banho de Prata Elegante,Argola Média Torcida Banho de Prata Elegante,"Realce seu estilo com a Argola Média Torcida Banho de Prata. Design sofisticado e durável, ideal para diversas ocasiões. Adquira já a sua!","Argola Média Torcida Banho de Prata. Medida: aprox. 2,7 cm. Confira os detalhes.",VALIDATED,FACTUAL_METADATA_AND_FAMILY_USE_CONTEXT,PUBLIC_VALIDATED,True,NEW_CONTENT_WRITE,False,False,True,False,UNCHANGED,True,True,True,2026-10-08T23:44:54.558Z,2026-10-15T23:44:54.558000+00:00,2026-11-05T23:44:54.558000+00:00,2026-12-03T23:44:54.558000+00:00,2026-12-31T23:44:54.558000+00:00
288496653,917690,https://marquesasemijoias.com.br/produtos/anel-organico-vazado-banho-de-ouro-18k/,https://marquesasemijoias.com.br/produtos/anel-organico-vazado-banho-de-ouro-18k/,Anel Orgânico Vazado Banho de Ouro 18k | Marquesa,Anel Orgânico Vazado Banho de Ouro 18k | Marquesa,Anel orgânico vazado com banho de ouro 18k e desenho liso. Use como destaque ou combine com outros anéis. Conheça a peça na Marquesa.,Anel orgânico vazado com banho de ouro 18k e desenho liso. Use como destaque ou combine com outros anéis. Conheça a peça na Marquesa.,SKIPPED,PREVIOUS_45_REAUDITED_CONTENT_PRESERVED,PREVIOUS_45_REAUDITED_CONTENT_PRESERVED,False,PREVIOUS_45_PRESERVED,False,False,False,False,UNCHANGED,,,True,2026-10-06T14:15:51.295000+00:00,2026-10-13T14:15:51.295000+00:00,2026-11-03T14:15:51.295000+00:00,2026-12-01T14:15:51.295000+00:00,2026-12-29T14:15:51.295000+00:00
339526786,333717,https://marquesasemijoias.com.br/produtos/anel-em-v-cravejado-banho-de-ouro-18k-4kka9/,https://marquesasemijoias.com.br/produtos/anel-em-v-cravejado-banho-de-ouro-18k-4kka9/,Anel em V Cravejado Banho de Ouro 18k | Marquesa,Anel em V Cravejado Banho de Ouro 18k | Marquesa,Anel em V com zircônias cravejadas e banho de ouro 18k. Use sozinho ou em composição com outros anéis. Confira a peça na Marquesa.,Anel em V com zircônias cravejadas e banho de ouro 18k. Use sozinho ou em composição com outros anéis. Confira a peça na Marquesa.,SKIPPED,PREVIOUS_45_REAUDITED_CONTENT_PRESERVED,PREVIOUS_45_REAUDITED_CONTENT_PRESERVED,True,PREVIOUS_45_PRESERVED,False,False,False,False,UNCHANGED,,,True,2026-10-06T05:01:45.925000+00:00,2026-10-13T05:01:45.925000+00:00,2026-11-03T05:01:45.925000+00:00,2026-12-01T05:01:45.925000+00:00,2026-12-29T05:01:45.925000+00:00
349689503,382082,https://marquesasemijoias.com.br/produtos/colar-masculino-grumet-prata-925-6blde/,https://marquesasemijoias.com.br/produtos/colar-masculino-grumet-prata-925-6blde/,Colar Masculino Grumet Prata 925 Elegância,Colar Masculino Grumet Prata 925 | Marquesa,"Colar Masculino Grumet em Prata 925 com 60cm, ideal para homens que buscam estilo e versatilidade. Compre já e realce seu visual!","Colar Masculino Grumet em Prata 925 com 60cm, ideal para homens que buscam estilo e versatilidade. Compre já e realce seu visual!",VALIDATED,FACTUAL_METADATA_AND_FAMILY_USE_CONTEXT,PUBLIC_VALIDATED,True,NEW_CONTENT_WRITE,False,True,False,False,UNCHANGED,True,True,True,2026-10-08T23:45:02.627Z,2026-10-15T23:45:02.627000+00:00,2026-11-05T23:45:02.627000+00:00,2026-12-03T23:45:02.627000+00:00,2026-12-31T23:45:02.627000+00:00
253320112,114769,https://marquesasemijoias.com.br/produtos/brinco-infantil-melancia-prata-925/,https://marquesasemijoias.com.br/produtos/brinco-infantil-melancia-prata-925/,Brinco Infantil Melancia Prata 925 Delicado e Colorido,Brinco Infantil Melancia Prata 925 Delicado e Colorido,"Encante sua filha com o Brinco Infantil Melancia em Prata 925, seguro, hipoalergênico e perfeito para o uso diário. Compre já e adicione charme!","Brinco Infantil Melancia Prata 925. Medida: aprox. 0,7 cm. Confira os detalhes.",VALIDATED,FACTUAL_METADATA_AND_FAMILY_USE_CONTEXT,PUBLIC_VALIDATED,True,NEW_CONTENT_WRITE,True,False,True,False,UNCHANGED,True,True,True,2026-10-08T23:45:07.593Z,2026-10-15T23:45:07.593000+00:00,2026-11-05T23:45:07.593000+00:00,2026-12-03T23:45:07.593000+00:00,2026-12-31T23:45:07.593000+00:00
268017842,424442,https://marquesasemijoias.com.br/produtos/colar-filhos-com-coracao-cravejado-prata-925/,https://marquesasemijoias.com.br/produtos/colar-filhos-com-coracao-cravejado-prata-925/,Colar Filhos com Coração Cravejado Prata 925,Colar Filhos com Coração Cravejado Prata 925,"Colar em prata 925 com pingentes de filhos e coração cravejado. Um presente afetivo que representa o amor materno.

","Colar em prata 925 com pingentes de filhos e coração cravejado. Um presente afetivo que representa o amor materno.

",SKIPPED,EXISTING_CONTENT_SUFFICIENT,EXISTING_CONTENT_SUFFICIENT,True,PRESERVED_NO_WRITE,False,False,False,False,UNCHANGED,,,True,,,,,
288496715,328623,https://marquesasemijoias.com.br/produtos/pulseira-riviera-rosa-tres-pontas-banho-de-ouro-18k/,https://marquesasemijoias.com.br/produtos/pulseira-riviera-rosa-tres-pontas-banho-de-ouro-18k/,Pulseira Riviera Rosa Três Pontas Banho de Ouro 18k | Marquesa,Pulseira Riviera Rosa Três Pontas Banho de Ouro 18k | Marquesa,Pulseira riviera rosa três pontas com zircônias e banho de ouro 18k. Mede 18 cm para dar cor à composição. Veja os detalhes na Marquesa.,Pulseira riviera rosa três pontas com zircônias e banho de ouro 18k. Mede 18 cm para dar cor à composição. Veja os detalhes na Marquesa.,SKIPPED,PREVIOUS_45_REAUDITED_CONTENT_PRESERVED,PREVIOUS_45_REAUDITED_CONTENT_PRESERVED,True,PREVIOUS_45_PRESERVED,False,False,False,False,UNCHANGED,,,True,2026-10-06T14:20:12.469000+00:00,2026-10-13T14:20:12.469000+00:00,2026-11-03T14:20:12.469000+00:00,2026-12-01T14:20:12.469000+00:00,2026-12-29T14:20:12.469000+00:00
288496725,579077,https://marquesasemijoias.com.br/produtos/colar-choker-riviera-cristal-tres-pontas-banho-de-ouro-18k/,https://marquesasemijoias.com.br/produtos/colar-choker-riviera-cristal-tres-pontas-banho-de-ouro-18k/,Choker Riviera Três Pontas Banho de Ouro 18k | Marquesa,Choker Riviera Três Pontas Banho de Ouro 18k | Marquesa,Choker riviera três pontas com zircônias e banho de ouro 18k. Corrente de 40 cm para destacar o colo. Confira os detalhes na Marquesa.,Choker riviera três pontas com zircônias e banho de ouro 18k. Corrente de 40 cm para destacar o colo. Confira os detalhes na Marquesa.,SKIPPED,PREVIOUS_45_REAUDITED_CONTENT_PRESERVED,PREVIOUS_45_REAUDITED_CONTENT_PRESERVED,True,PREVIOUS_45_PRESERVED,False,False,False,False,UNCHANGED,,,True,2026-10-06T14:30:05.539000+00:00,2026-10-13T14:30:05.539000+00:00,2026-11-03T14:30:05.539000+00:00,2026-12-01T14:30:05.539000+00:00,2026-12-29T14:30:05.539000+00:00
295130773,343308,https://marquesasemijoias.com.br/produtos/colar-infantil-cereja-prata-925/,https://marquesasemijoias.com.br/produtos/colar-infantil-cereja-prata-925/,Colar Infantil Cereja Prata 925 - Delicado e Garantido,Colar Infantil Cereja Prata 925 - Delicado e Garantido,"Colar infantil Cereja em prata 925, delicado e resistente com garantia vitalícia. Compre agora e encante sua pequena!",Colar Infantil Cereja Prata 925. Destaque o desenho no colo. Confira os detalhes.,VALIDATED,FACTUAL_METADATA_AND_FAMILY_USE_CONTEXT,PUBLIC_VALIDATED,True,NEW_CONTENT_WRITE,False,False,True,False,UNCHANGED,True,True,True,2026-10-08T23:45:15.813Z,2026-10-15T23:45:15.813000+00:00,2026-11-05T23:45:15.813000+00:00,2026-12-03T23:45:15.813000+00:00,2026-12-31T23:45:15.813000+00:00
307924538,205769,https://marquesasemijoias.com.br/produtos/berloque-filho-menino-banho-de-prata-imy49/,https://marquesasemijoias.com.br/produtos/berloque-filho-menino-banho-de-prata-imy49/,Berloque Filho Menino Prata Símbolo de Amor Materno,Berloque Filho Menino Banho de Prata | Marquesa,Berloque Filho Menino Banho de Prata com design delicado e brilho suave. Compre já!,Berloque Filho Menino Banho de Prata com design delicado e brilho suave. Compre já!,VALIDATED,FACTUAL_METADATA_AND_FAMILY_USE_CONTEXT,PUBLIC_VALIDATED,True,NEW_CONTENT_WRITE,False,True,False,False,UNCHANGED,True,True,True,2026-10-08T23:45:23.993Z,2026-10-15T23:45:23.993000+00:00,2026-11-05T23:45:23.993000+00:00,2026-12-03T23:45:23.993000+00:00,2026-12-31T23:45:23.993000+00:00
307928295,237370,https://marquesasemijoias.com.br/produtos/berloque-coracao-e-halter-academia-banho-de-ouro-18k-efa5a/,https://marquesasemijoias.com.br/produtos/berloque-coracao-e-halter-academia-banho-de-ouro-18k-efa5a/,Berloque Coração e Halter Banho de Ouro 18k | Marquesa,Berloque Coração e Halter Banho de Ouro 18k | Marquesa,"Berloque coração e halter com banho de ouro 18k, dourado e rosa. Mede cerca de 1,5 cm. Veja na Marquesa e componha seu tema de academia.","Berloque coração e halter com banho de ouro 18k, dourado e rosa. Mede cerca de 1,5 cm. Veja na Marquesa e componha seu tema de academia.",SKIPPED,PREVIOUS_45_REAUDITED_CONTENT_PRESERVED,PREVIOUS_45_REAUDITED_CONTENT_PRESERVED,True,PREVIOUS_45_PRESERVED,False,False,False,False,UNCHANGED,,,True,2026-10-05T13:50:34.929000+00:00,2026-10-12T13:50:34.929000+00:00,2026-11-02T13:50:34.929000+00:00,2026-11-30T13:50:34.929000+00:00,2026-12-28T13:50:34.929000+00:00
313809282,212059,https://marquesasemijoias.com.br/produtos/colar-longo-medalha-cravejada-banho-de-ouro-18k-p96gv/,https://marquesasemijoias.com.br/produtos/colar-longo-medalha-cravejada-banho-de-ouro-18k-p96gv/,Colar Longo Medalha Cravejada Banho de Ouro 18k | Marquesa,Colar Longo Medalha Cravejada Banho de Ouro 18k | Marquesa,Colar longo com medalha cravejada de zircônias e banho de ouro 18k. Corrente de 60 cm + 5 cm de extensor. Confira na Marquesa.,Colar longo com medalha cravejada de zircônias e banho de ouro 18k. Corrente de 60 cm + 5 cm de extensor. Confira na Marquesa.,SKIPPED,PREVIOUS_45_REAUDITED_CONTENT_PRESERVED,PREVIOUS_45_REAUDITED_CONTENT_PRESERVED,True,PREVIOUS_45_PRESERVED,False,False,False,False,UNCHANGED,,,True,2026-10-05T13:50:25.293000+00:00,2026-10-12T13:50:25.293000+00:00,2026-11-02T13:50:25.293000+00:00,2026-11-30T13:50:25.293000+00:00,2026-12-28T13:50:25.293000+00:00
329205083,198474 | 198473,https://marquesasemijoias.com.br/produtos/brinco-flor-1sh5k/,https://marquesasemijoias.com.br/produtos/brinco-flor-1sh5k/,Brinco Flor Zircônia Banho Ouro 18k Elegância Feminina,Brinco Flor Zircônia Banho de Ouro 18k | Marquesa,"Brinco Flor com zircônias em banho de ouro 18k, delicado e versátil para iluminar seu visual. Compre agora e realce sua beleza!","Brinco Flor com zircônias em banho de ouro 18k, delicado e versátil para iluminar seu visual. Compre agora e realce sua beleza!",VALIDATED,FACTUAL_METADATA_AND_FAMILY_USE_CONTEXT,PUBLIC_VALIDATED,True,NEW_CONTENT_WRITE,False,True,False,False,UNCHANGED,True,True,True,2026-10-08T23:45:32.020Z,2026-10-15T23:45:32.020000+00:00,2026-11-05T23:45:32.020000+00:00,2026-12-03T23:45:32.020000+00:00,2026-12-31T23:45:32.020000+00:00
329205201,598473,https://marquesasemijoias.com.br/produtos/colar-flor-tigiw/,https://marquesasemijoias.com.br/produtos/colar-flor-tigiw/,Colar Flor Riviera com Zircônias e Banho Ouro 18k,Colar Flor Riviera com Zircônias e Banho Ouro 18k,"Colar delicado com pingente flor e zircônias, banho de ouro 18k, perfeito para looks sofisticados e presentes especiais.","Colar delicado com pingente flor e zircônias, banho de ouro 18k, perfeito para looks sofisticados e presentes especiais.",SKIPPED,EXISTING_CONTENT_SUFFICIENT,EXISTING_CONTENT_SUFFICIENT,True,PRESERVED_NO_WRITE,False,False,False,False,UNCHANGED,,,True,,,,,
266510104,178464,https://marquesasemijoias.com.br/produtos/brinco-flor-petalas-verde-banho-de-ouro-18k/,https://marquesasemijoias.com.br/produtos/brinco-flor-petalas-verde-banho-de-ouro-18k/,Brinco Flor Verde Banho de Ouro 18k | Marquesa,Brinco Flor Verde Banho de Ouro 18k | Marquesa,"Brinco flor com pétalas verdes, zircônia e banho de ouro 18k. Mede cerca de 1 cm para dar um toque de cor ao visual. Veja na Marquesa.","Brinco flor com pétalas verdes, zircônia e banho de ouro 18k. Mede cerca de 1 cm para dar um toque de cor ao visual. Veja na Marquesa.",SKIPPED,PREVIOUS_45_REAUDITED_CONTENT_PRESERVED,PREVIOUS_45_REAUDITED_CONTENT_PRESERVED,True,PREVIOUS_45_PRESERVED,False,False,False,False,UNCHANGED,,,True,2026-10-06T14:18:07.531000+00:00,2026-10-13T14:18:07.531000+00:00,2026-11-03T14:18:07.531000+00:00,2026-12-01T14:18:07.531000+00:00,2026-12-29T14:18:07.531000+00:00
267656627,306886,https://marquesasemijoias.com.br/produtos/colar-redondo-pizza-cravejado-prata-925/,https://marquesasemijoias.com.br/produtos/colar-redondo-pizza-cravejado-prata-925/,Colar Redondo Pizza Cravejado Prata 925 com Zircônias,Colar Redondo Pizza Cravejado Prata 925 com Zircônias,"Colar Redondo Pizza cravejado em Prata 925 com zircônias, moderno e elegante.","Colar Redondo Pizza cravejado em Prata 925 com zircônias, moderno e elegante.",SKIPPED,EXISTING_CONTENT_SUFFICIENT,EXISTING_CONTENT_SUFFICIENT,True,PRESERVED_NO_WRITE,False,False,False,False,UNCHANGED,,,True,,,,,
268031270,513934,https://marquesasemijoias.com.br/produtos/pulseira-dois-coracoes-cravejados-prata-925/,https://marquesasemijoias.com.br/produtos/pulseira-dois-coracoes-cravejados-prata-925/,Pulseira Dois Corações Prata 925 com Zircônias,Pulseira Dois Corações Prata 925 com Zircônias,"Pulseira Dois Corações em prata 925 com zircônias, símbolo de amor e união. Ideal para uso diário ou presente. Compre já e encante quem você ama!","Pulseira Dois Corações em prata 925 com zircônias, símbolo de amor e união. Ideal para uso diário ou presente. Compre já e encante quem você ama!",SKIPPED,EXISTING_CONTENT_SUFFICIENT,EXISTING_CONTENT_SUFFICIENT,True,PRESERVED_NO_WRITE,False,False,False,False,UNCHANGED,,,True,,,,,
281074322,194149,https://marquesasemijoias.com.br/produtos/brinco-coracao-pendurado-colorido-infantil-banho-de-ouro-18k/,https://marquesasemijoias.com.br/produtos/brinco-coracao-pendurado-colorido-infantil-banho-de-ouro-18k/,Brinco Coração Pendurado Colorido Infantil 18k,Brinco Coração Pendurado Colorido Infantil 18k,"Encante as pequenas com o Brinco Coração Colorido 18k. Brilho duradouro e design divertido, ideal para pele sensível. Adquira já o seu!","Brinco Coração Pendurado Colorido Infantil Banho de Ouro 18k. Medida: aprox. 1,3 cm. Confira os detalhes.",VALIDATED,FACTUAL_METADATA_AND_FAMILY_USE_CONTEXT,PUBLIC_VALIDATED,True,NEW_CONTENT_WRITE,True,False,True,False,UNCHANGED,True,True,True,2026-10-08T23:45:40.305Z,2026-10-15T23:45:40.305000+00:00,2026-11-05T23:45:40.305000+00:00,2026-12-03T23:45:40.305000+00:00,2026-12-31T23:45:40.305000+00:00
281078544,848725,https://marquesasemijoias.com.br/produtos/pulseira-elos-forma-de-u-banho-de-prata/,https://marquesasemijoias.com.br/produtos/pulseira-elos-forma-de-u-banho-de-prata/,Pulseira Elos U Prata Design Moderno e Sofisticado,Pulseira Elos Forma de U Banho de Prata | Marquesa,"Pulseira Elos Forma de U com banho de prata, brilho duradouro e estilo minimalista. Garanta já o toque moderno e elegante no seu visual!","Pulseira Elos Forma de U Banho de Prata. Medida: 15 cm + 5,5 cm extensor. Confira os detalhes.",VALIDATED,FACTUAL_METADATA_AND_FAMILY_USE_CONTEXT,PUBLIC_VALIDATED,True,NEW_CONTENT_WRITE,True,True,True,False,UNCHANGED,True,True,True,2026-10-08T23:45:48.512Z,2026-10-15T23:45:48.512000+00:00,2026-11-05T23:45:48.512000+00:00,2026-12-03T23:45:48.512000+00:00,2026-12-31T23:45:48.512000+00:00
288496471,115888,https://marquesasemijoias.com.br/produtos/brinco-esfera-e-ninho-liso-banho-de-ouro-18k/,https://marquesasemijoias.com.br/produtos/brinco-esfera-e-ninho-liso-banho-de-ouro-18k/,Brinco Esfera e Ninho Banho Ouro 18k Elegância e Estilo,Brinco Esfera e Ninho Banho Ouro 18k Elegância e Estilo,Brinco Esfera e Ninho Banho Ouro 18k com design moderno e brilho intenso. Compre e destaque seu estilo agora!,Brinco Esfera e Ninho Banho Ouro 18k com design moderno e brilho intenso. Compre e destaque seu estilo agora!,SKIPPED,NO_LONGER_SELLABLE_AT_RESUME_PRESERVE,NO_LONGER_SELLABLE_AT_RESUME_PRESERVE,False,PRESERVED_NO_WRITE,False,False,False,False,UNCHANGED,,,True,,,,,
288496654,265261,https://marquesasemijoias.com.br/produtos/colar-choker-elos-entrelacados-banho-de-ouro-18k/,https://marquesasemijoias.com.br/produtos/colar-choker-elos-entrelacados-banho-de-ouro-18k/,Choker Elos Entrelaçados Banho de Ouro 18k | Marquesa,Choker Elos Entrelaçados Banho de Ouro 18k | Marquesa,Choker de elos entrelaçados com banho de ouro 18k. Corrente de 32 cm mais 10 cm de extensor para compor em camadas. Confira na Marquesa.,Choker de elos entrelaçados com banho de ouro 18k. Corrente de 32 cm mais 10 cm de extensor para compor em camadas. Confira na Marquesa.,SKIPPED,PREVIOUS_45_REAUDITED_CONTENT_PRESERVED,PREVIOUS_45_REAUDITED_CONTENT_PRESERVED,True,PREVIOUS_45_PRESERVED,False,False,False,False,UNCHANGED,,,True,2026-10-06T14:22:06.926000+00:00,2026-10-13T14:22:06.926000+00:00,2026-11-03T14:22:06.926000+00:00,2026-12-01T14:22:06.926000+00:00,2026-12-29T14:22:06.926000+00:00
288496734,227451,https://marquesasemijoias.com.br/produtos/colar-choker-riviera-rosa-tres-pontas-banho-de-ouro-18k/,https://marquesasemijoias.com.br/produtos/colar-choker-riviera-rosa-tres-pontas-banho-de-ouro-18k/,Choker Riviera Rosa Três Pontas Banho de Ouro 18k | Marquesa,Choker Riviera Rosa Três Pontas Banho de Ouro 18k | Marquesa,Choker riviera rosa três pontas com zircônias e banho de ouro 18k. Corrente de 40 cm para dar cor à composição. Veja os detalhes na Marquesa.,Choker riviera rosa três pontas com zircônias e banho de ouro 18k. Corrente de 40 cm para dar cor à composição. Veja os detalhes na Marquesa.,SKIPPED,PREVIOUS_45_REAUDITED_CONTENT_PRESERVED,PREVIOUS_45_REAUDITED_CONTENT_PRESERVED,True,PREVIOUS_45_PRESERVED,False,False,False,False,UNCHANGED,,,True,2026-10-06T04:53:57.071000+00:00,2026-10-13T04:53:57.071000+00:00,2026-11-03T04:53:57.071000+00:00,2026-12-01T04:53:57.071000+00:00,2026-12-29T04:53:57.071000+00:00
295130669,464293,https://marquesasemijoias.com.br/produtos/colar-oval-rubi-cravejado-prata-925/,https://marquesasemijoias.com.br/produtos/colar-oval-rubi-cravejado-prata-925/,Colar Oval Rubi Cravejado Prata 925 | Marquesa,Colar Oval Rubi Cravejado Prata 925 | Marquesa,"Colar oval rubi cravejado em prata 925. Sofisticação, brilho e elegância em uma joia clássica e atemporal.","Colar oval rubi cravejado em prata 925. Sofisticação, brilho e elegância em uma joia clássica e atemporal.",SKIPPED,EXISTING_CONTENT_SUFFICIENT,EXISTING_CONTENT_SUFFICIENT,False,PRESERVED_NO_WRITE,False,False,False,False,UNCHANGED,,,True,,,,,
295130746,185288,https://marquesasemijoias.com.br/produtos/argola-click-fina-pequena-zirconias-prata-925/,https://marquesasemijoias.com.br/produtos/argola-click-fina-pequena-zirconias-prata-925/,Argola Click Fina Pequena Zircônias Prata 925 |,Argola Click Fina Pequena Zircônias Prata 925 |,"Argola click fina pequena em prata 925 cravejada com zircônias. Delicada, prática e sofisticada para uso diário.","Argola click fina pequena em prata 925 cravejada com zircônias. Delicada, prática e sofisticada para uso diário.",SKIPPED,EXISTING_CONTENT_SUFFICIENT,EXISTING_CONTENT_SUFFICIENT,True,PRESERVED_NO_WRITE,False,False,False,False,UNCHANGED,,,True,,,,,
297040109,626317,https://marquesasemijoias.com.br/produtos/pulseira-malha-banho-de-ouro-18k1/,https://marquesasemijoias.com.br/produtos/pulseira-malha-banho-de-ouro-18k1/,Pulseira Malha Banho de Ouro 18k | Marquesa Semijoias,Pulseira Malha Banho de Ouro 18k | Marquesa Semijoias,"Pulseira malha banhada a ouro 18k. Elegante, sofisticada e versátil, perfeita para looks modernos ou para combinar com outras pulseiras.","Pulseira malha banhada a ouro 18k. Elegante, sofisticada e versátil, perfeita para looks modernos ou para combinar com outras pulseiras.",SKIPPED,NO_LONGER_SELLABLE_AT_RESUME_PRESERVE,NO_LONGER_SELLABLE_AT_RESUME_PRESERVE,False,PRESERVED_NO_WRITE,False,False,False,False,UNCHANGED,,,True,,,,,
305409181,249413,https://marquesasemijoias.com.br/produtos/berloque-separador-vazado-com-zirconias-banho-de-ouro-18k-rmpdc/,https://marquesasemijoias.com.br/produtos/berloque-separador-vazado-com-zirconias-banho-de-ouro-18k-rmpdc/,Berloque Separador Vazado com Zircônias Banho Ouro 18k,Berloque Separador Vazado com Zircônias Banho Ouro 18k,"Berloque separador vazado com zircônias e banho de ouro 18k, ideal para organizar e dar brilho à sua pulseira. Compre já e valorize seu estilo!","Berloque separador vazado com zircônias e banho de ouro 18k, ideal para organizar e dar brilho à sua pulseira. Compre já e valorize seu estilo!",SKIPPED,EXISTING_CONTENT_SUFFICIENT,EXISTING_CONTENT_SUFFICIENT,True,PRESERVED_NO_WRITE,False,False,False,False,UNCHANGED,,,True,,,,,
307907434,292234,https://marquesasemijoias.com.br/produtos/berloque-borboleta-cristal-banho-de-prata-okj8x/,https://marquesasemijoias.com.br/produtos/berloque-borboleta-cristal-banho-de-prata-okj8x/,Berloque Borboleta Cristal Prata Delicado e Brilhante,Berloque Borboleta Cristal Prata Delicado e Brilhante,Berloque Borboleta Cristal Banho de Prata traz brilho suave e design leve. Compre agora e brilhe!,Berloque Borboleta Cristal Banho de Prata traz brilho suave e design leve. Compre agora e brilhe!,SKIPPED,NO_LONGER_SELLABLE_AT_RESUME_PRESERVE,NO_LONGER_SELLABLE_AT_RESUME_PRESERVE,False,PRESERVED_NO_WRITE,False,False,False,False,UNCHANGED,,,True,,,,,
307924729,277992,https://marquesasemijoias.com.br/produtos/berloque-filha-menina-banho-de-ouro-18k-5lj8c/,https://marquesasemijoias.com.br/produtos/berloque-filha-menina-banho-de-ouro-18k-5lj8c/,Berloque Filha Menina Banho de Ouro 18k | Marquesa,Berloque Filha Menina Banho de Ouro 18k | Marquesa,"Berloque filha menina com banho de ouro 18k. Mede cerca de 2,6 cm para representar um vínculo de família na pulseira. Conheça na Marquesa.","Berloque filha menina com banho de ouro 18k. Mede cerca de 2,6 cm para representar um vínculo de família na pulseira. Conheça na Marquesa.",SKIPPED,PREVIOUS_45_REAUDITED_CONTENT_PRESERVED,PREVIOUS_45_REAUDITED_CONTENT_PRESERVED,True,PREVIOUS_45_PRESERVED,False,False,False,False,UNCHANGED,,,True,2026-10-06T05:03:51.167000+00:00,2026-10-13T05:03:51.167000+00:00,2026-11-03T05:03:51.167000+00:00,2026-12-01T05:03:51.167000+00:00,2026-12-29T05:03:51.167000+00:00
307928938,290346,https://marquesasemijoias.com.br/produtos/berloque-casquinha-de-sorvete-banho-de-prata-4dk16/,https://marquesasemijoias.com.br/produtos/berloque-casquinha-de-sorvete-banho-de-prata-4dk16/,Berloque Casquinha de Sorvete Prata com Detalhes,Berloque Casquinha de Sorvete Prata com Detalhes,"Berloque Casquinha de Sorvete com banho de prata, brilho e detalhes delicados. Compre agora e destaque-se!","Berloque Casquinha de Sorvete com banho de prata, brilho e detalhes delicados. Compre agora e destaque-se!",SKIPPED,NO_LONGER_SELLABLE_AT_RESUME_PRESERVE,NO_LONGER_SELLABLE_AT_RESUME_PRESERVE,False,PRESERVED_NO_WRITE,False,False,False,False,UNCHANGED,,,True,,,,,
359281237,159930 | 119099 | 186016,https://marquesasemijoias.com.br/produtos/brincos-pontos-de-luz-grande-verde-banho-de-ouro/,https://marquesasemijoias.com.br/produtos/brincos-pontos-de-luz-grande-verde-banho-de-ouro/,Brincos Ponto de Luz Grande Verde Ouro Brilho Vibrante,Brinco Ponto de Luz Grande Colorido Banhado a Ouro 18K | Marquesa,"Brincos ponto de luz grande na cor verde com banho de ouro, cor vibrante e muito brilho. Semijoia hipoalergênica. Compre já e ilumine seu visual!","Brinco Ponto de Luz Grande Colorido Banhado a Ouro 18K. Medida: aprox. 0,8 cm. Confira os detalhes.",VALIDATED,FACTUAL_METADATA_AND_FAMILY_USE_CONTEXT,PUBLIC_VALIDATED,True,NEW_CONTENT_WRITE,False,True,True,False,UNCHANGED,True,True,True,2026-10-08T23:45:56.597Z,2026-10-15T23:45:56.597000+00:00,2026-11-05T23:45:56.597000+00:00,2026-12-03T23:45:56.597000+00:00,2026-12-31T23:45:56.597000+00:00
359281297,139985,https://marquesasemijoias.com.br/produtos/trio-de-esferas-banho-de-ouro-18k/,https://marquesasemijoias.com.br/produtos/trio-de-esferas-banho-de-ouro-18k/,Trio de Esferas Banho Ouro 18k Minimalismo Versátil,Trio de Esferas Banho Ouro 18k Minimalismo Versátil,"Trio de brincos esfera com banho de ouro 18k, acabamento espelhado e uso versátil. Semijoia hipoalergênica. Compre e monte seu mix favorito!",Trio de Esferas Banho de Ouro 18k. Confira os detalhes.,VALIDATED,FACTUAL_METADATA_AND_FAMILY_USE_CONTEXT,PUBLIC_VALIDATED,True,NEW_CONTENT_WRITE,False,False,True,False,UNCHANGED,True,True,True,2026-10-08T23:46:04.681Z,2026-10-15T23:46:04.681000+00:00,2026-11-05T23:46:04.681000+00:00,2026-12-03T23:46:04.681000+00:00,2026-12-31T23:46:04.681000+00:00
359281451,172647,https://marquesasemijoias.com.br/produtos/argola-coracao-cristal-g-banho-de-ouro-18k/,https://marquesasemijoias.com.br/produtos/argola-coracao-cristal-g-banho-de-ouro-18k/,Brinco Gota Cristal Grande Banho Ouro 18k Sofisticado,Brinco Gota Cristal Grande Banho Ouro 18k Sofisticado,"Brinco gota grande com cristal e banho de ouro 18k, brilho e elegância para sua produção. Compre já e realce seu visual!","Brinco gota grande com cristal e banho de ouro 18k, brilho e elegância para sua produção. Compre já e realce seu visual!",SKIPPED,NO_LONGER_SELLABLE_AT_RESUME_PRESERVE,NO_LONGER_SELLABLE_AT_RESUME_PRESERVE,False,PRESERVED_NO_WRITE,False,False,False,False,UNCHANGED,,,True,,,,,
360206405,505108,https://marquesasemijoias.com.br/produtos/colar-choker-zig-zag-banho-de-ouro-18k/,https://marquesasemijoias.com.br/produtos/colar-choker-zig-zag-banho-de-ouro-18k/,Colar Choker Zig Zag Banho de Ouro 18k - Design Moderno e Sofisticado,Colar Choker Zig Zag Banho de Ouro 18k | Marquesa,"Colar Choker Zig Zag com banho de ouro 18k, design moderno e linhas marcantes. Transforme seu look com elegância e personalidade. Compre já!","Colar Choker Zig Zag com banho de ouro 18k, design moderno e linhas marcantes. Transforme seu look com elegância e personalidade. Compre já!",VALIDATED,FACTUAL_METADATA_AND_FAMILY_USE_CONTEXT,PUBLIC_VALIDATED,True,NEW_CONTENT_WRITE,False,True,False,False,UNCHANGED,True,True,True,2026-10-08T23:46:12.495Z,2026-10-15T23:46:12.495000+00:00,2026-11-05T23:46:12.495000+00:00,2026-12-03T23:46:12.495000+00:00,2026-12-31T23:46:12.495000+00:00
360206416,250475,https://marquesasemijoias.com.br/produtos/colar-ponto-de-luz-cravacao-inglesa-banho-de-ouro-18k/,https://marquesasemijoias.com.br/produtos/colar-ponto-de-luz-cravacao-inglesa-banho-de-ouro-18k/,Colar Ponto de Luz Banho de Ouro 18k - Elegância Delicada,Colar Ponto de Luz Cravação Inglesa Banho de Ouro 18k | Marquesa,"Colar ponto de luz com cravação inglesa e banho de ouro 18k, 44cm. Sofisticação e brilho sutil para qualquer ocasião. Compre já!","Colar ponto de luz com cravação inglesa e banho de ouro 18k, 44cm. Sofisticação e brilho sutil para qualquer ocasião. Compre já!",VALIDATED,FACTUAL_METADATA_AND_FAMILY_USE_CONTEXT,PUBLIC_VALIDATED,True,NEW_CONTENT_WRITE,False,True,False,False,UNCHANGED,True,True,True,2026-10-08T23:46:17.339Z,2026-10-15T23:46:17.339000+00:00,2026-11-05T23:46:17.339000+00:00,2026-12-03T23:46:17.339000+00:00,2026-12-31T23:46:17.339000+00:00
360206423,628214,https://marquesasemijoias.com.br/produtos/colar-masculino-grumet-38mm-banho-de-ouro-18k/,https://marquesasemijoias.com.br/produtos/colar-masculino-grumet-38mm-banho-de-ouro-18k/,"Colar Masculino Grumet 3,8mm Banho Ouro 18k - Estilo e Presença","Colar Masculino Grumet 3,8mm Banho Ouro 18k - Estilo e Presença","Colar Grumet masculino 3,8mm com banho de ouro 18k, 60cm. Design clássico e versátil para valorizar seu estilo. Compre já!","Colar Grumet masculino 3,8mm com banho de ouro 18k, 60cm. Design clássico e versátil para valorizar seu estilo. Compre já!",SKIPPED,EXISTING_CONTENT_SUFFICIENT,EXISTING_CONTENT_SUFFICIENT,True,PRESERVED_NO_WRITE,False,False,False,False,UNCHANGED,,,True,,,,,
360206428,434324,https://marquesasemijoias.com.br/produtos/colar-choker-zirconias-incolores-finas-banho-de-ouro-18k/,https://marquesasemijoias.com.br/produtos/colar-choker-zirconias-incolores-finas-banho-de-ouro-18k/,Colar Choker Zircônias Incolores Banho Ouro 18k - Brilho Delicado,Colar Choker Zircônias Incolores Finas Banho de Ouro 18k | Marquesa,"Colar choker com zircônias incolores finas e banho de ouro 18k, 30cm+10cm. Sofisticação e elegância para seu visual. Compre já!","Colar choker com zircônias incolores finas e banho de ouro 18k, 30cm+10cm. Sofisticação e elegância para seu visual. Compre já!",VALIDATED,FACTUAL_METADATA_AND_FAMILY_USE_CONTEXT,PUBLIC_VALIDATED,True,NEW_CONTENT_WRITE,False,True,False,False,UNCHANGED,True,True,True,2026-10-08T23:46:22.255Z,2026-10-15T23:46:22.255000+00:00,2026-11-05T23:46:22.255000+00:00,2026-12-03T23:46:22.255000+00:00,2026-12-31T23:46:22.255000+00:00
305409116,473505,https://marquesasemijoias.com.br/produtos/colar-borboleta-zirconia-rosa-claro-banho-de-ouro-18k-y5p84/,https://marquesasemijoias.com.br/produtos/colar-borboleta-zirconia-rosa-claro-banho-de-ouro-18k-y5p84/,Colar Borboleta Zircônia Rosa Claro Ouro 18k Delicado,Colar Borboleta Zircônia Rosa Claro Banho de Ouro 18k | Marquesa,"Colar Borboleta com zircônia rosa claro e banho ouro 18k, elegante e delicado. Realce seu estilo com sofisticação. Compre agora e brilhe!","Colar Borboleta com zircônia rosa claro e banho ouro 18k, elegante e delicado. Realce seu estilo com sofisticação. Compre agora e brilhe!",VALIDATED,FACTUAL_METADATA_AND_FAMILY_USE_CONTEXT,PUBLIC_VALIDATED,True,NEW_CONTENT_WRITE,False,True,False,False,UNCHANGED,True,True,True,2026-10-08T23:46:27.330Z,2026-10-15T23:46:27.330000+00:00,2026-11-05T23:46:27.330000+00:00,2026-12-03T23:46:27.330000+00:00,2026-12-31T23:46:27.330000+00:00
313809408,710161,https://marquesasemijoias.com.br/produtos/colar-longo-arvore-da-vida-banho-de-ouro-18k-fx6wg/,https://marquesasemijoias.com.br/produtos/colar-longo-arvore-da-vida-banho-de-ouro-18k-fx6wg/,Colar Longo Árvore da Vida Ouro 18k Sofisticação,Colar Longo Árvore da Vida Banho de Ouro 18k | Marquesa,"Descubra o Colar Longo Árvore da Vida em banho de ouro 18k, símbolo de força e proteção. Elegância para seu dia a dia. Compre já!","Descubra o Colar Longo Árvore da Vida em banho de ouro 18k, símbolo de força e proteção. Elegância para seu dia a dia. Compre já!",VALIDATED,FACTUAL_METADATA_AND_FAMILY_USE_CONTEXT,PUBLIC_VALIDATED,True,NEW_CONTENT_WRITE,False,True,False,False,UNCHANGED,True,True,True,2026-10-08T23:46:35.497Z,2026-10-15T23:46:35.497000+00:00,2026-11-05T23:46:35.497000+00:00,2026-12-03T23:46:35.497000+00:00,2026-12-31T23:46:35.497000+00:00
288496274,629372,https://marquesasemijoias.com.br/produtos/pulseira-de-mao-hand-chain-banho-de-ouro-18k/,https://marquesasemijoias.com.br/produtos/pulseira-de-mao-hand-chain-banho-de-ouro-18k/,Pulseira de Mão Hand Chain Ouro 18k Sofisticação e Est,Pulseira de Mão Hand Chain Banho de Ouro 18k | Marquesa,A Pulseira de Mão Hand Chain é o acessório perfeito para quem busca elegância e exclusividade.,"Pulseira de Mão Hand Chain Banho de Ouro 18k. Medida: 18,5 cm + 5,5 cm extensor. Confira os detalhes.",VALIDATED,FACTUAL_METADATA_AND_FAMILY_USE_CONTEXT,PUBLIC_VALIDATED,True,NEW_CONTENT_WRITE,True,True,True,False,UNCHANGED,True,True,True,2026-10-08T23:46:43.607Z,2026-10-15T23:46:43.607000+00:00,2026-11-05T23:46:43.607000+00:00,2026-12-03T23:46:43.607000+00:00,2026-12-31T23:46:43.607000+00:00
313808636,711591 | 711591,https://marquesasemijoias.com.br/produtos/anel-solitario-zirconias-8mm-incolor-banho-de-ouro-18k-14og8/,https://marquesasemijoias.com.br/produtos/anel-solitario-zirconias-8mm-incolor-banho-de-ouro-18k-14og8/,Anel Solitário Zircônia 8mm Incolor Ouro 18k Elegância,Anel Solitário Zircônias 8mm Incolor Banho de Ouro 18k | Marquesa,"Anel solitário com zircônia 8mm incolor, banho de ouro 18k, design sofisticado e brilho intenso. Perfeito para ocasiões especiais. Compre já!","Anel solitário com zircônia 8mm incolor, banho de ouro 18k, design sofisticado e brilho intenso. Perfeito para ocasiões especiais. Compre já!",VALIDATED,FACTUAL_METADATA_AND_FAMILY_USE_CONTEXT,PUBLIC_VALIDATED,True,NEW_CONTENT_WRITE,False,True,False,False,UNCHANGED,True,True,True,2026-10-08T23:46:51.656Z,2026-10-15T23:46:51.656000+00:00,2026-11-05T23:46:51.656000+00:00,2026-12-03T23:46:51.656000+00:00,2026-12-31T23:46:51.656000+00:00
268007525,568472,https://marquesasemijoias.com.br/produtos/brinco-fita-com-zirconias-banho-de-ouro-18k/,https://marquesasemijoias.com.br/produtos/brinco-fita-com-zirconias-banho-de-ouro-18k/,Brinco Fita com Zircônias Ouro 18k Elegância e Brilho,Brinco Fita com Zircônias Banho de Ouro 18k | Marquesa,"Brinco Fita com Zircônias em banho de ouro 18k, sofisticado e versátil. Adquira já e realce seu estilo com brilho único e durabilidade garantida!",Brinco Fita com Zircônias Banho de Ouro 18k. Destaque o desenho junto ao rosto. Confira os detalhes.,VALIDATED,FACTUAL_METADATA_AND_FAMILY_USE_CONTEXT,PUBLIC_VALIDATED,True,NEW_CONTENT_WRITE,False,True,True,False,UNCHANGED,True,True,True,2026-10-08T23:46:59.735Z,2026-10-15T23:46:59.735000+00:00,2026-11-05T23:46:59.735000+00:00,2026-12-03T23:46:59.735000+00:00,2026-12-31T23:46:59.735000+00:00
288496793,637628,https://marquesasemijoias.com.br/produtos/colar-snake-banho-de-ouro-18k/,https://marquesasemijoias.com.br/produtos/colar-snake-banho-de-ouro-18k/,Colar Snake 50cm Ouro 18k | Elegância e Durabilidade,Colar Snake Banho de Ouro 18k | Marquesa,Colar Snake 50cm banhado a ouro 18k com design sofisticado e brilho intenso. Perfeito para looks elegantes. Garanta já o seu!,Colar Snake Banho de Ouro 18k. Medida: 50 cm. Confira os detalhes.,VALIDATED,FACTUAL_METADATA_AND_FAMILY_USE_CONTEXT,PUBLIC_VALIDATED,True,NEW_CONTENT_WRITE,True,True,True,False,UNCHANGED,True,True,True,2026-10-08T23:47:07.781Z,2026-10-15T23:47:07.781000+00:00,2026-11-05T23:47:07.781000+00:00,2026-12-03T23:47:07.781000+00:00,2026-12-31T23:47:07.781000+00:00
288496260,408061,https://marquesasemijoias.com.br/produtos/anel-aparador-de-alianca-banho-de-ouro-18k/,https://marquesasemijoias.com.br/produtos/anel-aparador-de-alianca-banho-de-ouro-18k/,Anel Aparador de Aliança Ouro 18k Design Elegante,Anel Aparador de Aliança Ouro 18k Design Elegante,"Realce sua aliança com o Anel Aparador de Ouro 18k, durável e sofisticado. Compre agora e adicione brilho e elegância ao seu visual!","Realce sua aliança com o Anel Aparador de Ouro 18k, durável e sofisticado. Compre agora e adicione brilho e elegância ao seu visual!",SKIPPED,DATA_GAP_DUPLICATE_NO_FACTUAL_DISTINCTION,DATA_GAP_DUPLICATE_NO_FACTUAL_DISTINCTION,True,PRESERVED_NO_WRITE,False,False,False,False,UNCHANGED,,,True,,,,,
288496606,382662 | 382662 | 382662,https://marquesasemijoias.com.br/produtos/anel-lateral-vazada-com-detalhes-zirconias-banho-de-ouro-18k/,https://marquesasemijoias.com.br/produtos/anel-lateral-vazada-com-detalhes-zirconias-banho-de-ouro-18k/,Anel Lateral Vazado Ouro 18k com Zircônias Brilhantes,Anel Lateral Vazada com Detalhes Zircônias Banho de Ouro 18k,"Descubra o anel lateral vazado em ouro 18k com zircônias, design sofisticado e durabilidade. Compre agora e destaque sua elegância!",Anel Lateral Vazada com Detalhes Zircônias Banho de Ouro 18k. Use sozinho ou em um mix de anéis. Confira os detalhes.,VALIDATED,FACTUAL_METADATA_AND_FAMILY_USE_CONTEXT,PUBLIC_VALIDATED,True,NEW_CONTENT_WRITE,False,True,True,False,UNCHANGED,True,True,True,2026-10-08T23:47:15.943Z,2026-10-15T23:47:15.943000+00:00,2026-11-05T23:47:15.943000+00:00,2026-12-03T23:47:15.943000+00:00,2026-12-31T23:47:15.943000+00:00
288496779,797835,https://marquesasemijoias.com.br/produtos/pulseira-elo-portugues-sao-bento-banho-de-ouro-18k/,https://marquesasemijoias.com.br/produtos/pulseira-elo-portugues-sao-bento-banho-de-ouro-18k/,Pulseira Elo Português São Bento Ouro 18k Proteção,Pulseira Elo Portugues São Bento Banho de Ouro 18k | Marquesa,"Pulseira Elo Português São Bento banhada a ouro 18k, resistente e elegante. Compre agora e sinta a diferença!","Pulseira Elo Portugues São Bento Banho de Ouro 18k. Medida: 15 cm + 5,0 cm de extensor. Confira os detalhes.",VALIDATED,FACTUAL_METADATA_AND_FAMILY_USE_CONTEXT,PUBLIC_VALIDATED,True,NEW_CONTENT_WRITE,True,True,True,False,UNCHANGED,True,True,True,2026-10-08T23:47:24.268Z,2026-10-15T23:47:24.268000+00:00,2026-11-05T23:47:24.268000+00:00,2026-12-03T23:47:24.268000+00:00,2026-12-31T23:47:24.268000+00:00
288496789,842149,https://marquesasemijoias.com.br/produtos/pulseira-coracao-zirconia-elos-laminado-banho-de-ouro-18k/,https://marquesasemijoias.com.br/produtos/pulseira-coracao-zirconia-elos-laminado-banho-de-ouro-18k/,Pulseira Coração Zircônia Ouro 18k Elegância e Brilho,Pulseira Coração Zircônia Elos Laminados Banho Ouro 18k | Marquesa,"Pulseira Coração Zircônia com elos laminados e banho de ouro 18k, ideal para um toque sofisticado. Compre agora e realce seu estilo!","Pulseira Coração Zircônia com elos laminados e banho de ouro 18k, ideal para um toque sofisticado. Compre agora e realce seu estilo!",VALIDATED,FACTUAL_METADATA_AND_FAMILY_USE_CONTEXT,PUBLIC_VALIDATED,True,NEW_CONTENT_WRITE,True,True,False,False,UNCHANGED,True,True,True,2026-10-08T23:47:32.382Z,2026-10-15T23:47:32.382000+00:00,2026-11-05T23:47:32.382000+00:00,2026-12-03T23:47:32.382000+00:00,2026-12-31T23:47:32.382000+00:00
314052938,384552,https://marquesasemijoias.com.br/produtos/conjunto-flor-de-lotus-colorida-banho-de-ouro-18k-0hzhe/,https://marquesasemijoias.com.br/produtos/conjunto-flor-de-lotus-colorida-banho-de-ouro-18k-0hzhe/,Conjunto Flor de Lótus Colorida Ouro 18k Elegante,Conjunto Flor de Lótus Colorida Banho de Ouro 18k | Marquesa,"Conjunto Flor de Lótus Colorida em Banho de Ouro 18k, delicado e cheio de significado. Perfeito para presente ou uso diário. Compre já!","Conjunto Flor de Lótus Colorida em Banho de Ouro 18k, delicado e cheio de significado. Perfeito para presente ou uso diário. Compre já!",VALIDATED,FACTUAL_METADATA_AND_FAMILY_USE_CONTEXT,PUBLIC_VALIDATED,True,NEW_CONTENT_WRITE,False,True,False,False,UNCHANGED,True,True,True,2026-10-08T23:47:41.432Z,2026-10-15T23:47:41.432000+00:00,2026-11-05T23:47:41.432000+00:00,2026-12-03T23:47:41.432000+00:00,2026-12-31T23:47:41.432000+00:00
359126358,235290 | 235290 | 235290,https://marquesasemijoias.com.br/produtos/anel-oval-vazado-banho-de-ouro-18k-m5mqn/,https://marquesasemijoias.com.br/produtos/anel-oval-vazado-banho-de-ouro-18k-m5mqn/,Anel Oval Vazado Banho Ouro 18k Elegância e Modernidade,Anel Oval Vazado Banho de Ouro 18k | Marquesa,"Anel oval vazado com banho de ouro 18k, design sofisticado e leve. Compre e valorize seu estilo com elegância e personalidade!","Anel oval vazado com banho de ouro 18k, design sofisticado e leve. Compre e valorize seu estilo com elegância e personalidade!",VALIDATED,FACTUAL_METADATA_AND_FAMILY_USE_CONTEXT,PUBLIC_VALIDATED,True,NEW_CONTENT_WRITE,False,True,False,False,UNCHANGED,True,True,True,2026-10-08T23:47:49.550Z,2026-10-15T23:47:49.550000+00:00,2026-11-05T23:47:49.550000+00:00,2026-12-03T23:47:49.550000+00:00,2026-12-31T23:47:49.550000+00:00
267773252,494180,https://marquesasemijoias.com.br/produtos/pulseira-relicario-medalha-sao-bento-banho-de-ouro-18k/,https://marquesasemijoias.com.br/produtos/pulseira-relicario-medalha-sao-bento-banho-de-ouro-18k/,Pulseira Relicário São Bento Ouro 18k Proteção e Estilo,Pulseira Relicário Medalha São Bento Banho de Ouro 18k | Marquesa,"Pulseira Relicário Medalha São Bento banhada a ouro 18k, símbolo de proteção e elegância. Garanta sua energia positiva com estilo. Compre já!",Pulseira Relicário Medalha São Bento Banho de Ouro 18k. Medida: 17 cm + 5 cm. Confira os detalhes.,VALIDATED,FACTUAL_METADATA_AND_FAMILY_USE_CONTEXT,PUBLIC_VALIDATED,True,NEW_CONTENT_WRITE,True,True,True,False,UNCHANGED,True,True,True,2026-10-08T23:47:57.969Z,2026-10-15T23:47:57.969000+00:00,2026-11-05T23:47:57.969000+00:00,2026-12-03T23:47:57.969000+00:00,2026-12-31T23:47:57.969000+00:00
288496685,127761,https://marquesasemijoias.com.br/produtos/argola-grande-organica-banho-de-ouro-18k/,https://marquesasemijoias.com.br/produtos/argola-grande-organica-banho-de-ouro-18k/,Argolas Grandes Orgânicas Ouro 18k Estilo,Argola Grande Orgânica Banho de Ouro 18k | Marquesa,Argolas grandes orgânicas banhadas a ouro 18k com design exclusivo e brilho intenso. Compre agora e destaque seu estilo!,"Argola Grande Orgânica Banho de Ouro 18k. Medida: aprox. 2,0 cm. Confira os detalhes.",VALIDATED,FACTUAL_METADATA_AND_FAMILY_USE_CONTEXT,PUBLIC_VALIDATED,True,NEW_CONTENT_WRITE,False,True,True,False,UNCHANGED,True,True,True,2026-10-08T23:48:06.136Z,2026-10-15T23:48:06.136000+00:00,2026-11-05T23:48:06.136000+00:00,2026-12-03T23:48:06.136000+00:00,2026-12-31T23:48:06.136000+00:00
339529043,114998,https://marquesasemijoias.com.br/produtos/brinco-curvado-liso-banho-de-ouro-18k-1nclk/,https://marquesasemijoias.com.br/produtos/brinco-curvado-liso-banho-de-ouro-18k-1nclk/,Brinco Curvado Liso Ouro 18k Design Sofisticado,Brinco Curvado Liso Ouro 18k Design Sofisticado,"Brinco curvado liso com banho de ouro 18k, moderno e elegante. Peça versátil para estilo discreto e sofisticado. Compre já!","Brinco curvado liso com banho de ouro 18k, moderno e elegante. Peça versátil para estilo discreto e sofisticado. Compre já!",SKIPPED,NO_LONGER_SELLABLE_AT_RESUME_PRESERVE,NO_LONGER_SELLABLE_AT_RESUME_PRESERVE,False,PRESERVED_NO_WRITE,False,False,False,False,UNCHANGED,,,True,,,,,
359281374,105988,https://marquesasemijoias.com.br/produtos/trio-coracao-esfera-e-ponto-de-luz-banho-de-ouro-18k/,https://marquesasemijoias.com.br/produtos/trio-coracao-esfera-e-ponto-de-luz-banho-de-ouro-18k/,Trio Coração Esfera e Ponto de Luz Ouro 18k Versátil,Trio Coração Esfera e Ponto de Luz Ouro 18k Versátil,"Trio de brincos coração, esfera e ponto de luz com banho de ouro 18k. Semijoia hipoalergênica, ideal para presente. Compre já e monte seu mix!","Trio de brincos coração, esfera e ponto de luz com banho de ouro 18k. Semijoia hipoalergênica, ideal para presente. Compre já e monte seu mix!",SKIPPED,NO_LONGER_SELLABLE_AT_RESUME_PRESERVE,NO_LONGER_SELLABLE_AT_RESUME_PRESERVE,False,PRESERVED_NO_WRITE,False,False,False,False,UNCHANGED,,,True,,,,,
359281386,164834,https://marquesasemijoias.com.br/produtos/brinco-fio-passante-com-coracao-banho-de-ouro-18k/,https://marquesasemijoias.com.br/produtos/brinco-fio-passante-com-coracao-banho-de-ouro-18k/,Brinco Fio Passante com Coração Ouro 18k Design Atual,Brinco Fio Passante com Coração Banho de Ouro 18k | Marquesa,"Brinco fio passante com coração e banho de ouro 18k, moderno, leve e cheio de charme. Semijoia hipoalergênica. Compre já e renove seu estilo!","Brinco Fio Passante com Coração Banho de Ouro 18k. Medida: aprox. 11,0 cm. Confira os detalhes.",VALIDATED,FACTUAL_METADATA_AND_FAMILY_USE_CONTEXT,PUBLIC_VALIDATED,True,NEW_CONTENT_WRITE,True,True,True,False,UNCHANGED,True,True,True,2026-10-08T23:48:14.280Z,2026-10-15T23:48:14.280000+00:00,2026-11-05T23:48:14.280000+00:00,2026-12-03T23:48:14.280000+00:00,2026-12-31T23:48:14.280000+00:00
359281459,172646,https://marquesasemijoias.com.br/produtos/argola-coracao-cristal-m-banho-de-ouro-18k/,https://marquesasemijoias.com.br/produtos/argola-coracao-cristal-m-banho-de-ouro-18k/,Brinco Gota Cristal Média Banho Ouro 18k Elegante,Brinco Gota Cristal Média Banho Ouro 18k Elegante,"Brinco gota cristal com banho de ouro 18k, delicado e sofisticado. Realce seu estilo com brilho sutil. Compre agora!","Brinco gota cristal com banho de ouro 18k, delicado e sofisticado. Realce seu estilo com brilho sutil. Compre agora!",SKIPPED,EXISTING_CONTENT_SUFFICIENT,EXISTING_CONTENT_SUFFICIENT,True,PRESERVED_NO_WRITE,False,False,False,False,UNCHANGED,,,True,,,,,
360677429,487423,https://marquesasemijoias.com.br/produtos/pulseira-elo-portugues-6mm-banho-de-ouro-18k/,https://marquesasemijoias.com.br/produtos/pulseira-elo-portugues-6mm-banho-de-ouro-18k/,Pulseira Elo Português Ouro 18k 6mm - Elegância Sofisticada,Pulseira Elo Portugues Banho de Ouro 18k | Marquesa,"Pulseira Elo Português 6mm com banho de ouro 18k, 16cm. Semijoia hipoalergênica que valoriza seu estilo. Compre já e realce seu visual!",Pulseira Elo Portugues Banho de Ouro 18k. Medida: 16 cm. Confira os detalhes.,VALIDATED,FACTUAL_METADATA_AND_FAMILY_USE_CONTEXT,PUBLIC_VALIDATED,True,NEW_CONTENT_WRITE,False,True,True,False,UNCHANGED,True,True,True,2026-10-08T23:48:19.453Z,2026-10-15T23:48:19.453000+00:00,2026-11-05T23:48:19.453000+00:00,2026-12-03T23:48:19.453000+00:00,2026-12-31T23:48:19.453000+00:00
295130676,328267,https://marquesasemijoias.com.br/produtos/anel-duplo-zirconia-v-com-solitario-prata-925/,https://marquesasemijoias.com.br/produtos/anel-duplo-zirconia-v-com-solitario-prata-925/,Anel Duplo V com Solitário Prata 925 | Marquesa,Anel Duplo V com Solitário Prata 925 | Marquesa,"Anel duplo em V com solitário em prata 925. Moderno, sofisticado e cheio de brilho. Adquire o seu!","Anel duplo em V com solitário em prata 925. Moderno, sofisticado e cheio de brilho. Adquire o seu!",VALIDATED,FACTUAL_METADATA_AND_FAMILY_USE_CONTEXT,PUBLIC_VALIDATED,True,NEW_CONTENT_WRITE,True,False,False,False,UNCHANGED,True,True,True,2026-10-08T23:48:28.005Z,2026-10-15T23:48:28.005000+00:00,2026-11-05T23:48:28.005000+00:00,2026-12-03T23:48:28.005000+00:00,2026-12-31T23:48:28.005000+00:00
359126742,322557,https://marquesasemijoias.com.br/produtos/anel-pai-nosso-e-cruz-cravejada-banho-de-ouro-18k-67hk0/,https://marquesasemijoias.com.br/produtos/anel-pai-nosso-e-cruz-cravejada-banho-de-ouro-18k-67hk0/,Anel Pai Nosso e Cruz Cravejada Ouro 18k Fé e Proteção,Anel Pai Nosso e Cruz Cravejada Banho de Ouro 18k | Marquesa,"Anel Pai Nosso com cruz cravejada em banho de ouro 18k, simboliza fé e proteção. Compre já e eleve seu estilo com espiritualidade e elegância!","Anel Pai Nosso com cruz cravejada em banho de ouro 18k, simboliza fé e proteção. Compre já e eleve seu estilo com espiritualidade e elegância!",VALIDATED,FACTUAL_METADATA_AND_FAMILY_USE_CONTEXT,PUBLIC_VALIDATED,True,NEW_CONTENT_WRITE,False,True,False,False,UNCHANGED,True,True,True,2026-10-08T23:48:35.929Z,2026-10-15T23:48:35.929000+00:00,2026-11-05T23:48:35.929000+00:00,2026-12-03T23:48:35.929000+00:00,2026-12-31T23:48:35.929000+00:00
247249051,[private snapshot],[private snapshot],[private snapshot],[private snapshot],[private snapshot],[private snapshot],[private snapshot],SKIPPED,HIDDEN_OR_UNPUBLISHED_PRESERVE,HIDDEN_OR_UNPUBLISHED_PRESERVE,False,PRESERVED_NO_WRITE,False,False,False,False,UNCHANGED,,,,,,,,
288496620,381783 | 381783,https://marquesasemijoias.com.br/produtos/anel-solitario-aro-duplo-zirconias-cravejadas-banho-de-ouro-18k/,https://marquesasemijoias.com.br/produtos/anel-solitario-aro-duplo-zirconias-cravejadas-banho-de-ouro-18k/,Anel Solitário Aro Duplo com Zircônias e Banho Ouro 18k,Anel Solitário Aro Duplo com Zircônias e Banho Ouro 18k,O Anel Solitário Aro Duplo com zircônias cravejadas em banho de ouro 18k une elegância e brilho intenso. Garanta o seu e destaque seu estilo!,Anel Solitário Aro Duplo Zircônias Cravejadas Banho Ouro 18k. Use sozinho ou em um mix de anéis. Confira os detalhes.,VALIDATED,FACTUAL_METADATA_AND_FAMILY_USE_CONTEXT,PUBLIC_VALIDATED,True,NEW_CONTENT_WRITE,False,False,True,False,UNCHANGED,True,True,True,2026-10-08T23:48:44.066Z,2026-10-15T23:48:44.066000+00:00,2026-11-05T23:48:44.066000+00:00,2026-12-03T23:48:44.066000+00:00,2026-12-31T23:48:44.066000+00:00
313808603,717389 | 717389,https://marquesasemijoias.com.br/produtos/anel-solitario-zirconias-6mm-incolor-banho-de-ouro-18k-wobjt/,https://marquesasemijoias.com.br/produtos/anel-solitario-zirconias-6mm-incolor-banho-de-ouro-18k-wobjt/,Anel Solitário Zircônia 6mm Banho Ouro 18k Elegante,Anel Solitário Zircônia 6mm Banho Ouro 18k Elegante,"Anel solitário com zircônia incolor 6mm, banho de ouro 18k, perfeito para elegância diária. Garanta o seu com brilho e sofisticação!",Anel Solitário Zircônias 6mm Incolor Banho de Ouro 18k. Use sozinho ou em um mix de anéis. Confira os detalhes.,VALIDATED,FACTUAL_METADATA_AND_FAMILY_USE_CONTEXT,PUBLIC_VALIDATED,True,NEW_CONTENT_WRITE,True,False,True,False,UNCHANGED,True,True,True,2026-10-08T23:48:52.266Z,2026-10-15T23:48:52.266000+00:00,2026-11-05T23:48:52.266000+00:00,2026-12-03T23:48:52.266000+00:00,2026-12-31T23:48:52.266000+00:00
329206602,481866 | 481867 | 481868 | 481869,https://marquesasemijoias.com.br/produtos/colar-zirconias-januo/,https://marquesasemijoias.com.br/produtos/colar-zirconias-januo/,Colar Zircônias Riviera Colorida Banho Ouro 18k Luxuoso,Colar Zircônias Riviera Colorida Banho Ouro 18k Luxuoso,"Colar Zircônias com banho de ouro 18k, pedras coloridas e design vibrante. Perfeito para eventos e sofisticar seu visual. Compre já!","Colar Zircônias com banho de ouro 18k, pedras coloridas e design vibrante. Perfeito para eventos e sofisticar seu visual. Compre já!",SKIPPED,EXISTING_CONTENT_SUFFICIENT,EXISTING_CONTENT_SUFFICIENT,True,PRESERVED_NO_WRITE,False,False,False,False,UNCHANGED,,,True,,,,,
359281268,132721 | 132721 | 132721 | 132721,https://marquesasemijoias.com.br/produtos/brinco-infantil-libelula-e-zirconia-colorida-banho-de-ouro-18k/,https://marquesasemijoias.com.br/produtos/brinco-infantil-libelula-e-zirconia-colorida-banho-de-ouro-18k/,Brinco Infantil Libélula e Zircônia Colorida Ouro 18k,Brinco Infantil Libélula com Zircônia Banho Ouro 18k | Marquesa,"Brinco infantil libélula com zircônia colorida e banho de ouro 18k, leve e encantador. Semijoia hipoalergênica. Compre e presenteie com carinho!","Brinco Infantil Libélula e Zircônia Colorida Banho Ouro 18k. Medida: aprox. 1,2 cm. Confira os detalhes.",VALIDATED,FACTUAL_METADATA_AND_FAMILY_USE_CONTEXT,PUBLIC_VALIDATED,True,NEW_CONTENT_WRITE,True,True,True,False,UNCHANGED,True,True,True,2026-10-08T23:48:57.423Z,2026-10-15T23:48:57.423000+00:00,2026-11-05T23:48:57.423000+00:00,2026-12-03T23:48:57.423000+00:00,2026-12-31T23:48:57.423000+00:00
360677414,370371,https://marquesasemijoias.com.br/produtos/pulseira-coracao-cravejado-pendurado-banho-de-ouro-18k/,https://marquesasemijoias.com.br/produtos/pulseira-coracao-cravejado-pendurado-banho-de-ouro-18k/,Pulseira Coração Cravejado Ouro 18k - Brilho e Sofisticação,Pulseira Coração Cravejado Pendurado Banho de Ouro 18k | Marquesa,"Pulseira delicada com coração cravejado em banho de ouro 18k, 15cm + extensor. Semijoia hipoalergênica para celebrar o amor. Compre já!","Pulseira Coração Cravejado Pendurado Banho de Ouro 18k. Medida: 15, cm + 5,0cm extensor. Confira os detalhes.",VALIDATED,FACTUAL_METADATA_AND_FAMILY_USE_CONTEXT,PUBLIC_VALIDATED,True,NEW_CONTENT_WRITE,False,True,True,False,UNCHANGED,True,True,True,2026-10-08T23:49:05.470Z,2026-10-15T23:49:05.470000+00:00,2026-11-05T23:49:05.470000+00:00,2026-12-03T23:49:05.470000+00:00,2026-12-31T23:49:05.470000+00:00
288496601,313860,https://marquesasemijoias.com.br/produtos/anel-duplo-solitario-e-aparador-zirconias-cravejadas-banho-de-ouro-18k/,https://marquesasemijoias.com.br/produtos/anel-duplo-solitario-e-aparador-zirconias-cravejadas-banho-de-ouro-18k/,Anel Duplo Solitário e Aparador 18k com Zircônias,Anel Duplo Solitário e Aparador com Zircônias Banho de Ouro 18k,Descubra o Anel Duplo Solitário e Aparador em ouro 18k com zircônias cravejadas. Sofisticação e brilho para momentos especiais. Compre já!,Anel Duplo Solitário e Aparador Zircônias Cravejadas Banho Ouro 18k. Para combinar com sua aliança ou anel solitário. Confira os detalhes.,VALIDATED,FACTUAL_METADATA_AND_FAMILY_USE_CONTEXT,PUBLIC_VALIDATED,True,NEW_CONTENT_WRITE,False,True,True,False,UNCHANGED,True,True,True,2026-10-08T23:49:13.574Z,2026-10-15T23:49:13.574000+00:00,2026-11-05T23:49:13.574000+00:00,2026-12-03T23:49:13.574000+00:00,2026-12-31T23:49:13.574000+00:00
349205849,433062,https://marquesasemijoias.com.br/produtos/colar-trevo-zirconia-verde-banho-de-ouro-18k-24hoh/,https://marquesasemijoias.com.br/produtos/colar-trevo-zirconia-verde-banho-de-ouro-18k-24hoh/,Colar Trevo Zircônia Verde Ouro 18k Elegância e Sorte,Colar Trevo Zircônia Verde Banho de Ouro 18k | Marquesa,"Colar Trevo com zircônia verde, banho de ouro 18k, símbolo de sorte e elegância. Adquira já essa semijoia sofisticada e cheia de significado!",Colar Trevo Zircônia Verde Banho de Ouro 18k. Destaque o desenho no colo. Confira os detalhes.,VALIDATED,FACTUAL_METADATA_AND_FAMILY_USE_CONTEXT,PUBLIC_VALIDATED,True,NEW_CONTENT_WRITE,True,True,True,False,UNCHANGED,True,True,True,2026-10-08T23:49:21.702Z,2026-10-15T23:49:21.702000+00:00,2026-11-05T23:49:21.702000+00:00,2026-12-03T23:49:21.702000+00:00,2026-12-31T23:49:21.702000+00:00
288496797,352152,https://marquesasemijoias.com.br/produtos/pulseira-zirconia-com-fecho-relogio-banho-de-ouro-18k/,https://marquesasemijoias.com.br/produtos/pulseira-zirconia-com-fecho-relogio-banho-de-ouro-18k/,Pulseira Zircônia Fecho Relógio Banho de Ouro 18k | Marquesa,Pulseira Zircônia Fecho Relógio Banho de Ouro 18k | Marquesa,"Pulseira com zircônias incolores, fecho estilo relógio e banho de ouro 18k. Mede 17,5 cm. Confira os detalhes para escolher na Marquesa.","Pulseira com zircônias incolores, fecho estilo relógio e banho de ouro 18k. Mede 17,5 cm. Confira os detalhes para escolher na Marquesa.",SKIPPED,PREVIOUS_45_REAUDITED_CONTENT_PRESERVED,PREVIOUS_45_REAUDITED_CONTENT_PRESERVED,True,PREVIOUS_45_PRESERVED,False,False,False,False,UNCHANGED,,,True,2026-10-05T13:53:23.706000+00:00,2026-10-12T13:53:23.706000+00:00,2026-11-02T13:53:23.706000+00:00,2026-11-30T13:53:23.706000+00:00,2026-12-28T13:53:23.706000+00:00
295130735,352236,https://marquesasemijoias.com.br/produtos/pulseira-cordao-baiano-fina-prata-925/,https://marquesasemijoias.com.br/produtos/pulseira-cordao-baiano-fina-prata-925/,Pulseira Cordão Baiano Fina Prata 925 | Marquesa,Pulseira Cordão Baiano Fina Prata 925 | Marquesa,"Pulseira cordão baiano fina em prata 925 legítima. Clássica, elegante e versátil, perfeita para qualquer ocasião.","Pulseira cordão baiano fina em prata 925 legítima. Clássica, elegante e versátil, perfeita para qualquer ocasião.",SKIPPED,EXISTING_CONTENT_SUFFICIENT,EXISTING_CONTENT_SUFFICIENT,True,PRESERVED_NO_WRITE,False,False,False,False,UNCHANGED,,,True,,,,,
305408413,475495,https://marquesasemijoias.com.br/produtos/colar-sao-bento-giratorio-zirconia-banho-de-ouro-18k-5kb7a/,https://marquesasemijoias.com.br/produtos/colar-sao-bento-giratorio-zirconia-banho-de-ouro-18k-5kb7a/,Colar São Bento Giratório Banho de Ouro 18k | Marquesa,Colar São Bento Giratório Banho de Ouro 18k | Marquesa,"Colar São Bento giratório com zircônia e banho de ouro 18k. Corrente de 47,5 cm e pingente de cerca de 2,1 cm. Conheça na Marquesa.","Colar São Bento giratório com zircônia e banho de ouro 18k. Corrente de 47,5 cm e pingente de cerca de 2,1 cm. Conheça na Marquesa.",SKIPPED,PREVIOUS_45_REAUDITED_CONTENT_PRESERVED,PREVIOUS_45_REAUDITED_CONTENT_PRESERVED,True,PREVIOUS_45_PRESERVED,False,False,False,False,UNCHANGED,,,True,2026-10-05T13:34:09.195000+00:00,2026-10-12T13:34:09.195000+00:00,2026-11-02T13:34:09.195000+00:00,2026-11-30T13:34:09.195000+00:00,2026-12-28T13:34:09.195000+00:00
267647167,302521,https://marquesasemijoias.com.br/produtos/colar-cartie-cilindros-pingente-vida-prata-925/,https://marquesasemijoias.com.br/produtos/colar-cartie-cilindros-pingente-vida-prata-925/,Colar Cartier Cilindros Pingente Vida em Prata 925,Colar Cartier Cilindros Pingente Vida em Prata 925,Experimente a elegância do Colar Cartier Cilindros com Pingente Vida em Prata 925. Adquira já a sua joia única e cheia de significado!,Experimente a elegância do Colar Cartier Cilindros com Pingente Vida em Prata 925. Adquira já a sua joia única e cheia de significado!,SKIPPED,NO_SELLABLE_VARIANT_PRESERVE,NO_SELLABLE_VARIANT_PRESERVE,False,PRESERVED_NO_WRITE,False,False,False,False,UNCHANGED,,,True,,,,,
295130671,496581,https://marquesasemijoias.com.br/produtos/colar-flor-cravejada-zirconias-prata-925/,https://marquesasemijoias.com.br/produtos/colar-flor-cravejada-zirconias-prata-925/,Colar Flor Cravejada Zircônias Prata 925 | Marquesa,Colar Flor Cravejada Zircônias Prata 925 | Marquesa,"Colar flor cravejada em zircônias prata 925. Uma joia delicada, feminina e sofisticada, perfeita para todas as ocasiões.","Colar flor cravejada em zircônias prata 925. Uma joia delicada, feminina e sofisticada, perfeita para todas as ocasiões.",SKIPPED,NO_LONGER_SELLABLE_AT_RESUME_PRESERVE,NO_LONGER_SELLABLE_AT_RESUME_PRESERVE,False,PRESERVED_NO_WRITE,False,False,False,False,UNCHANGED,,,True,,,,,
288496757,340373,https://marquesasemijoias.com.br/produtos/pulseira-coracao-esticadinho-cravejado-banho-de-ouro-18k/,https://marquesasemijoias.com.br/produtos/pulseira-coracao-esticadinho-cravejado-banho-de-ouro-18k/,Pulseira Coração Esticadinho Cravejada Ouro 18k,Pulseira Coração Esticadinho Cravejado Banho de Ouro 18k | Marquesa,"Pulseira coração cravejada com banho de ouro 18k, design esticadinho para conforto e brilho duradouro. Compre já e realce seu estilo!","Pulseira coração cravejada com banho de ouro 18k, design esticadinho para conforto e brilho duradouro. Compre já e realce seu estilo!",VALIDATED,FACTUAL_METADATA_AND_FAMILY_USE_CONTEXT,PUBLIC_VALIDATED,True,NEW_CONTENT_WRITE,False,True,False,False,UNCHANGED,True,True,True,2026-10-08T23:49:29.780Z,2026-10-15T23:49:29.780000+00:00,2026-11-05T23:49:29.780000+00:00,2026-12-03T23:49:29.780000+00:00,2026-12-31T23:49:29.780000+00:00
308395537,269206,https://marquesasemijoias.com.br/produtos/berloque-separador-brigadeiro-banho-de-ouro-18k-pdmb1/,https://marquesasemijoias.com.br/produtos/berloque-separador-brigadeiro-banho-de-ouro-18k-pdmb1/,Berloque Separador Brigadeiro 18k: Charme e Brilho,Berloque Separador Brigadeiro Banho de Ouro 18k | Marquesa,"Berloque Separador Brigadeiro com banho de ouro 18k, ideal para dar charme e alegria à sua pulseira. Compre agora e destaque seu estilo único!","Berloque Separador Brigadeiro com banho de ouro 18k, ideal para dar charme e alegria à sua pulseira. Compre agora e destaque seu estilo único!",VALIDATED,FACTUAL_METADATA_AND_FAMILY_USE_CONTEXT,PUBLIC_VALIDATED,True,NEW_CONTENT_WRITE,False,True,False,False,UNCHANGED,True,True,True,2026-10-08T23:49:37.709Z,2026-10-15T23:49:37.709000+00:00,2026-11-05T23:49:37.709000+00:00,2026-12-03T23:49:37.709000+00:00,2026-12-31T23:49:37.709000+00:00
342691682,596742,https://marquesasemijoias.com.br/produtos/colar-cruz-zirconias-lilas-banho-de-ouro-18k-1ozv9/,https://marquesasemijoias.com.br/produtos/colar-cruz-zirconias-lilas-banho-de-ouro-18k-1ozv9/,Colar Cruz Zircônias Lilás Ouro 18k Elegância e Fé,Colar Cruz Zircônias Lilás Banho de Ouro 18k | Marquesa,"Colar Cruz com zircônias lilás em banho de ouro 18k, delicado e sofisticado. Adicione fé e estilo ao seu visual. Compre agora!","Colar Cruz com zircônias lilás em banho de ouro 18k, delicado e sofisticado. Adicione fé e estilo ao seu visual. Compre agora!",VALIDATED,FACTUAL_METADATA_AND_FAMILY_USE_CONTEXT,PUBLIC_VALIDATED,True,NEW_CONTENT_WRITE,False,True,False,False,UNCHANGED,True,True,True,2026-10-08T23:49:45.813Z,2026-10-15T23:49:45.813000+00:00,2026-11-05T23:49:45.813000+00:00,2026-12-03T23:49:45.813000+00:00,2026-12-31T23:49:45.813000+00:00
360677417,958989,https://marquesasemijoias.com.br/produtos/pulseira-infantil-borboleta-e-pedra-quadrada-colorida-banho-de-ouro-18k/,https://marquesasemijoias.com.br/produtos/pulseira-infantil-borboleta-e-pedra-quadrada-colorida-banho-de-ouro-18k/,Pulseira Infantil Borboleta Ouro 18k - Delicadeza e Cor,Pulseira Infantil Borboleta e Pedra Quadrada Colorida Banho Ouro 18k,"Pulseira infantil com borboleta e pedra colorida em banho de ouro 18k, 10cm + extensor. Semijoia hipoalergênica para momentos especiais. Compre já!","Pulseira Infantil Borboleta e Pedra Quadrada Colorida Banho Ouro 18k. Medida: 10 cm + 5,0cm extensor. Confira os detalhes.",VALIDATED,FACTUAL_METADATA_AND_FAMILY_USE_CONTEXT,PUBLIC_VALIDATED,True,NEW_CONTENT_WRITE,False,True,True,False,UNCHANGED,True,True,True,2026-10-08T23:49:50.932Z,2026-10-15T23:49:50.932000+00:00,2026-11-05T23:49:50.932000+00:00,2026-12-03T23:49:50.932000+00:00,2026-12-31T23:49:50.932000+00:00
267832901,458893,https://marquesasemijoias.com.br/produtos/colar-casal-filhos-banho-de-ouro-18k/,https://marquesasemijoias.com.br/produtos/colar-casal-filhos-banho-de-ouro-18k/,Colar Casal Filhos Banho de Ouro 18k - Amor Eterno,Colar Casal Filhos Banho de Ouro 18k - Amor Eterno,"Descubra o colar casal filhos banhado a ouro 18k, símbolo do amor familiar.","Colar Casal Filhos Banho de Ouro 18k. Medida: 44 cm + 5,5 cm extensor. Confira os detalhes.",VALIDATED,FACTUAL_METADATA_AND_FAMILY_USE_CONTEXT,PUBLIC_VALIDATED,True,NEW_CONTENT_WRITE,True,False,True,False,UNCHANGED,True,True,True,2026-10-08T23:49:59.168Z,2026-10-15T23:49:59.168000+00:00,2026-11-05T23:49:59.168000+00:00,2026-12-03T23:49:59.168000+00:00,2026-12-31T23:49:59.168000+00:00
339529572,637629,https://marquesasemijoias.com.br/produtos/colar-casal-menina-rosa-e-menino-azul-prata-925-1ioe0/,https://marquesasemijoias.com.br/produtos/colar-casal-menina-rosa-e-menino-azul-prata-925-1ioe0/,Colar Casal Menina Rosa e Menino Azul Prata 925 Amor,Colar Casal Menina Rosa e Menino Azul Prata 925 Amor,"Colar casal em prata 925 com pingentes rosa e azul, símbolo de amor e conexão familiar. Compre já e celebre o carinho eterno.","Colar casal em prata 925 com pingentes rosa e azul, símbolo de amor e conexão familiar. Compre já e celebre o carinho eterno.",SKIPPED,EXISTING_CONTENT_SUFFICIENT,EXISTING_CONTENT_SUFFICIENT,True,PRESERVED_NO_WRITE,False,False,False,False,UNCHANGED,,,True,,,,,
349688966,674983,https://marquesasemijoias.com.br/produtos/colar-gargantilha-coracao-vazado-cravejado-prata-925-8m1hs/,https://marquesasemijoias.com.br/produtos/colar-gargantilha-coracao-vazado-cravejado-prata-925-8m1hs/,Colar Gargantilha Coração Vazado Cravejado Prata 925,Colar Gargantilha Coração Vazado Cravejado Prata 925,"Descubra o Colar Gargantilha Coração Vazado cravejado em Prata 925, símbolo de amor e sofisticação. Compre já e brilhe com elegância!","Descubra o Colar Gargantilha Coração Vazado cravejado em Prata 925, símbolo de amor e sofisticação. Compre já e brilhe com elegância!",SKIPPED,EXISTING_CONTENT_SUFFICIENT,EXISTING_CONTENT_SUFFICIENT,True,PRESERVED_NO_WRITE,False,False,False,False,UNCHANGED,,,True,,,,,
349614570,623778,https://marquesasemijoias.com.br/produtos/colar-masculino-cartie-longa-banho-de-prata-13457/,https://marquesasemijoias.com.br/produtos/colar-masculino-cartie-longa-banho-de-prata-13457/,Colar Masculino Cartier Longo Prata 60cm Elegante,Colar Masculino Cartie Longa Banho de Prata | Marquesa,"Colar masculino Cartier com banho de prata, 60cm, design sofisticado e versátil para todas as ocasiões. Compre agora e valorize seu estilo!","Colar masculino Cartier com banho de prata, 60cm, design sofisticado e versátil para todas as ocasiões. Compre agora e valorize seu estilo!",VALIDATED,FACTUAL_METADATA_AND_FAMILY_USE_CONTEXT,PUBLIC_VALIDATED,True,NEW_CONTENT_WRITE,False,True,False,False,UNCHANGED,True,True,True,2026-10-08T23:50:07.282Z,2026-10-15T23:50:07.282000+00:00,2026-11-05T23:50:07.282000+00:00,2026-12-03T23:50:07.282000+00:00,2026-12-31T23:50:07.282000+00:00
253315287,652524,https://marquesasemijoias.com.br/produtos/brinco-pequeno-nossa-senhora-aparecida-cravejada-prata-925/,https://marquesasemijoias.com.br/produtos/brinco-pequeno-nossa-senhora-aparecida-cravejada-prata-925/,Brinco Nossa Senhora Aparecida em Prata 925 Cravejado,Brinco Nossa Senhora Aparecida em Prata 925 Cravejado,Desperte sua fé com o Brinco Nossa Senhora Aparecida em Prata 925. Elegância e proteção com zircônias. Adquira já o seu e brilhe com estilo!,Desperte sua fé com o Brinco Nossa Senhora Aparecida em Prata 925. Elegância e proteção com zircônias. Adquira já o seu e brilhe com estilo!,SKIPPED,NO_SELLABLE_VARIANT_PRESERVE,NO_SELLABLE_VARIANT_PRESERVE,False,PRESERVED_NO_WRITE,False,False,False,False,UNCHANGED,,,True,,,,,
288496707,360654,https://marquesasemijoias.com.br/produtos/colar-maxi-organico-madreperola-banho-de-ouro-18k/,https://marquesasemijoias.com.br/produtos/colar-maxi-organico-madreperola-banho-de-ouro-18k/,Colar Maxi Orgânico Madrepérola com Banho de Ouro 18k,Colar Maxi Orgânico Madrepérola com Banho de Ouro 18k,"Colar Maxi Orgânico em madrepérola banhado a ouro 18k, com design sofisticado e durável. Realce seu estilo com elegância. Compre já!",Colar Maxi Orgânico Madrepérola Banho de Ouro 18k. Destaque o desenho no colo. Confira os detalhes.,VALIDATED,FACTUAL_METADATA_AND_FAMILY_USE_CONTEXT,PUBLIC_VALIDATED,True,NEW_CONTENT_WRITE,False,False,True,False,UNCHANGED,True,True,True,2026-10-08T23:50:24.949Z,2026-10-15T23:50:24.949000+00:00,2026-11-05T23:50:24.949000+00:00,2026-12-03T23:50:24.949000+00:00,2026-12-31T23:50:24.949000+00:00
349612426,819108,https://marquesasemijoias.com.br/produtos/colar-coracao-cravejado-azul-prata-925-117ey/,https://marquesasemijoias.com.br/produtos/colar-coracao-cravejado-azul-prata-925-117ey/,Colar Coração Cravejado Azul Prata 925 Elegância e Amor,Colar Coração Cravejado Azul Prata 925 | Marquesa,"Descubra o Colar Coração Cravejado Azul em Prata 925, símbolo de amor e sofisticação. Perfeito para destacar sua beleza com elegância diária.","Descubra o Colar Coração Cravejado Azul em Prata 925, símbolo de amor e sofisticação. Perfeito para destacar sua beleza com elegância diária.",VALIDATED,FACTUAL_METADATA_AND_FAMILY_USE_CONTEXT,PUBLIC_VALIDATED,True,NEW_CONTENT_WRITE,False,True,False,False,UNCHANGED,True,True,True,2026-10-08T23:50:33.077Z,2026-10-15T23:50:33.077000+00:00,2026-11-05T23:50:33.077000+00:00,2026-12-03T23:50:33.077000+00:00,2026-12-31T23:50:33.077000+00:00
288496594,393950 | 393950,https://marquesasemijoias.com.br/produtos/anel-minimalista-cruz-banho-de-ouro-18k-e-rodio-branco/,https://marquesasemijoias.com.br/produtos/anel-minimalista-cruz-banho-de-ouro-18k-e-rodio-branco/,Anel Minimalista Cruz Ouro 18k e Ródio Branco Elegância,Anel Minimalista Cruz Banho de Ouro 18k e Ródio Branco | Marquesa,"Descubra o Anel Minimalista Cruz com banho de ouro 18k e ródio branco, design delicado e durabilidade. Compre agora e eleve seu estilo com fé!",Anel Minimalista Cruz Banho de Ouro 18k e Ródio Branco. Use sozinho ou em um mix de anéis. Confira os detalhes.,VALIDATED,FACTUAL_METADATA_AND_FAMILY_USE_CONTEXT,PUBLIC_VALIDATED,True,NEW_CONTENT_WRITE,True,True,True,False,UNCHANGED,True,True,True,2026-10-08T23:50:41.265Z,2026-10-15T23:50:41.265000+00:00,2026-11-05T23:50:41.265000+00:00,2026-12-03T23:50:41.265000+00:00,2026-12-31T23:50:41.265000+00:00
359126603,268600 | 268600 | 268600,https://marquesasemijoias.com.br/produtos/anel-nossa-senhora-incolor-banho-de-prata-19pqs/,https://marquesasemijoias.com.br/produtos/anel-nossa-senhora-incolor-banho-de-prata-19pqs/,Anel Nossa Senhora Incolor Ouro 18k Fé e Elegância,Anel Nossa Senhora Incolor Banho de Ouro 18k | Marquesa,"Anel Nossa Senhora com zircônias incolores e banho de ouro 18k, símbolo de fé e proteção. Compre e realce seu estilo com devoção!","Anel Nossa Senhora com zircônias incolores e banho de ouro 18k, símbolo de fé e proteção. Compre e realce seu estilo com devoção!",VALIDATED,FACTUAL_METADATA_AND_FAMILY_USE_CONTEXT,PUBLIC_VALIDATED,True,NEW_CONTENT_WRITE,False,True,False,False,UNCHANGED,True,True,True,2026-10-08T23:50:49.490Z,2026-10-15T23:50:49.490000+00:00,2026-11-05T23:50:49.490000+00:00,2026-12-03T23:50:49.490000+00:00,2026-12-31T23:50:49.490000+00:00
288496526,132049,https://marquesasemijoias.com.br/produtos/brinco-ninho-organic-banho-de-ouro-18k/,https://marquesasemijoias.com.br/produtos/brinco-ninho-organic-banho-de-ouro-18k/,Brinco Ninho Orgânic Banho Ouro 18k Design Sofisticado,Brinco Ninho Orgânic Banho Ouro 18k Design Sofisticado,"Brinco Ninho Orgânic com banho de ouro 18k, design único e elegante. Garanta já sua peça exclusiva e destaque seu estilo com sofisticação!","Brinco Ninho Orgânic com banho de ouro 18k, design único e elegante. Garanta já sua peça exclusiva e destaque seu estilo com sofisticação!",SKIPPED,NO_SELLABLE_VARIANT_PRESERVE,NO_SELLABLE_VARIANT_PRESERVE,False,PRESERVED_NO_WRITE,False,False,False,False,UNCHANGED,,,True,,,,,
281082552,843659,https://marquesasemijoias.com.br/produtos/anel-cravejado-cristal-banho-de-ouro-18k/,https://marquesasemijoias.com.br/produtos/anel-cravejado-cristal-banho-de-ouro-18k/,Anel Cravejado Cristal Ouro 18k Sofisticação e Brilho,Anel Cravejado Cristal Banho de Ouro 18k | Marquesa,"Realce seu estilo com o Anel Cravejado Cristal em banho de ouro 18k, luxo e brilho para todas ocasiões. Garanta já o seu!",Anel Cravejado Cristal Banho de Ouro 18k. Use sozinho ou em um mix de anéis. Confira os detalhes.,VALIDATED,FACTUAL_METADATA_AND_FAMILY_USE_CONTEXT,PUBLIC_VALIDATED,True,NEW_CONTENT_WRITE,True,True,True,False,UNCHANGED,True,True,True,2026-10-08T23:50:57.670Z,2026-10-15T23:50:57.670000+00:00,2026-11-05T23:50:57.670000+00:00,2026-12-03T23:50:57.670000+00:00,2026-12-31T23:50:57.670000+00:00
288496302,566355,https://marquesasemijoias.com.br/produtos/colar-chave-coracao-cravejada-banho-de-ouro-18k/,https://marquesasemijoias.com.br/produtos/colar-chave-coracao-cravejada-banho-de-ouro-18k/,Colar Chave Coração Cravejada Ouro 18k Elegância,Colar Chave Coração Cravejada Banho de Ouro 18k | Marquesa,Colar Chave Coração com banho de ouro 18k e zircônias cravejadas. Sofisticação e simbolismo únicos. Compre e destaque seu estilo com charme!,Colar Chave Coração com banho de ouro 18k e zircônias cravejadas. Sofisticação e simbolismo únicos. Compre e destaque seu estilo com charme!,VALIDATED,FACTUAL_METADATA_AND_FAMILY_USE_CONTEXT,PUBLIC_VALIDATED,True,NEW_CONTENT_WRITE,False,True,False,False,UNCHANGED,True,True,True,2026-10-08T23:51:05.682Z,2026-10-15T23:51:05.682000+00:00,2026-11-05T23:51:05.682000+00:00,2026-12-03T23:51:05.682000+00:00,2026-12-31T23:51:05.682000+00:00
288496559,583117,https://marquesasemijoias.com.br/produtos/pulseira-elos-masculino-banho-de-ouro-18k/,https://marquesasemijoias.com.br/produtos/pulseira-elos-masculino-banho-de-ouro-18k/,Pulseira Elos Masculino Ouro 18k Elegância,Pulseira Elos Masculino Banho de Ouro 18k | Marquesa,"Pulseira Elos Masculino com banho ouro 18k, design robusto e brilho marcante. Garanta estilo e sofisticação no dia a dia. Compre agora!",Pulseira Elos Masculino Banho de Ouro 18k. Medida: 19 cm. Confira os detalhes.,VALIDATED,FACTUAL_METADATA_AND_FAMILY_USE_CONTEXT,PUBLIC_VALIDATED,True,NEW_CONTENT_WRITE,False,True,True,False,UNCHANGED,True,True,True,2026-10-08T23:51:13.661Z,2026-10-15T23:51:13.661000+00:00,2026-11-05T23:51:13.661000+00:00,2026-12-03T23:51:13.661000+00:00,2026-12-31T23:51:13.661000+00:00
288496587,346802 | 346802,https://marquesasemijoias.com.br/produtos/anel-design-infinito-banho-de-ouro-18k-e-rodio-branco/,https://marquesasemijoias.com.br/produtos/anel-design-infinito-banho-de-ouro-18k-e-rodio-branco/,Anel Infinito Ouro 18k e Ródio Branco Design,Anel Design Infinito Banho de Ouro 18k e Ródio Branco | Marquesa,"Descubra o Anel Infinito em Ouro 18k com banho de Ródio Branco, símbolo de amor eterno e durabilidade. Compre agora e valorize seu estilo!",Anel Design Infinito Banho de Ouro 18k e Ródio Branco. Use sozinho ou em um mix de anéis. Confira os detalhes.,VALIDATED,FACTUAL_METADATA_AND_FAMILY_USE_CONTEXT,PUBLIC_VALIDATED,True,NEW_CONTENT_WRITE,False,True,True,False,UNCHANGED,True,True,True,2026-10-08T23:51:21.730Z,2026-10-15T23:51:21.730000+00:00,2026-11-05T23:51:21.730000+00:00,2026-12-03T23:51:21.730000+00:00,2026-12-31T23:51:21.730000+00:00
288496605,351489 | 351489,https://marquesasemijoias.com.br/produtos/anel-solitario-com-pedra-de-zirconia-banho-de-ouro-18k/,https://marquesasemijoias.com.br/produtos/anel-solitario-com-pedra-de-zirconia-banho-de-ouro-18k/,Anel Solitário com Zircônia e Ouro 18k Elegância,Anel Solitário com Pedra de Zirconia Banho de Ouro 18k | Marquesa,"Descubra o Anel Solitário com Pedra de Zircônia e banho em Ouro 18k, perfeito para ocasiões especiais. Garanta já sofisticação e durabilidade!",Anel Solitário com Pedra de Zirconia Banho de Ouro 18k. Use sozinho ou em um mix de anéis. Confira os detalhes.,VALIDATED,FACTUAL_METADATA_AND_FAMILY_USE_CONTEXT,PUBLIC_VALIDATED,True,NEW_CONTENT_WRITE,False,True,True,False,UNCHANGED,True,True,True,2026-10-08T23:51:29.960Z,2026-10-15T23:51:29.960000+00:00,2026-11-05T23:51:29.960000+00:00,2026-12-03T23:51:29.960000+00:00,2026-12-31T23:51:29.960000+00:00
305408402,315220 | 315220 | 315220 | 315220,https://marquesasemijoias.com.br/produtos/anel-coracao-cravejado-banho-de-ouro-18k-hkb7g/,https://marquesasemijoias.com.br/produtos/anel-coracao-cravejado-banho-de-ouro-18k-hkb7g/,Anel Coração Cravejado em Ouro 18k Delicado e Brilhante,Anel Coração Cravejado Banho de Ouro 18k | Marquesa,"Anel Coração Cravejado com banho de Ouro 18k, delicado e romântico, perfeito para presentear com charme e brilho duradouro. Compre já!","Anel Coração Cravejado com banho de Ouro 18k, delicado e romântico, perfeito para presentear com charme e brilho duradouro. Compre já!",VALIDATED,FACTUAL_METADATA_AND_FAMILY_USE_CONTEXT,PUBLIC_VALIDATED,True,NEW_CONTENT_WRITE,False,True,False,False,UNCHANGED,True,True,True,2026-10-08T23:51:38.146Z,2026-10-15T23:51:38.146000+00:00,2026-11-05T23:51:38.146000+00:00,2026-12-03T23:51:38.146000+00:00,2026-12-31T23:51:38.146000+00:00
307905773,222759,https://marquesasemijoias.com.br/produtos/berloque-separador-zirconias-cravejadas-banho-de-ouro-18k-3hxc4/,https://marquesasemijoias.com.br/produtos/berloque-separador-zirconias-cravejadas-banho-de-ouro-18k-3hxc4/,Berloque Separador Zircônias Ouro 18k Elegância,Berloque Separador Zircônias Cravejadas Banho de Ouro 18k | Marquesa,Berloque Separador com zircônias cravejadas e banho de ouro 18k. Valorize sua pulseira com sofisticação. Compre agora e realce seu estilo!,Berloque Separador com zircônias cravejadas e banho de ouro 18k. Valorize sua pulseira com sofisticação. Compre agora e realce seu estilo!,VALIDATED,FACTUAL_METADATA_AND_FAMILY_USE_CONTEXT,PUBLIC_VALIDATED,True,NEW_CONTENT_WRITE,False,True,False,False,UNCHANGED,True,True,True,2026-10-08T23:51:46.215Z,2026-10-15T23:51:46.215000+00:00,2026-11-05T23:51:46.215000+00:00,2026-12-03T23:51:46.215000+00:00,2026-12-31T23:51:46.215000+00:00
313755917,129437,https://marquesasemijoias.com.br/produtos/brinco-quadrado-com-zirconia-central-banho-de-ouro-18k-l0541/,https://marquesasemijoias.com.br/produtos/brinco-quadrado-com-zirconia-central-banho-de-ouro-18k-l0541/,Brinco Quadrado com Zircônia Central Ouro 18k Elegante,Brinco Quadrado com Zircônia Central Banho de Ouro 18k | Marquesa,"Brinco quadrado com zircônia central, banho ouro 18k, design moderno e sofisticado. Perfeito para uso diário e presente. Compre já!","Brinco quadrado com zircônia central, banho ouro 18k, design moderno e sofisticado. Perfeito para uso diário e presente. Compre já!",VALIDATED,FACTUAL_METADATA_AND_FAMILY_USE_CONTEXT,PUBLIC_VALIDATED,True,NEW_CONTENT_WRITE,True,True,False,False,UNCHANGED,True,True,True,2026-10-08T23:51:54.251Z,2026-10-15T23:51:54.251000+00:00,2026-11-05T23:51:54.251000+00:00,2026-12-03T23:51:54.251000+00:00,2026-12-31T23:51:54.251000+00:00
313808714,530920,https://marquesasemijoias.com.br/produtos/anel-quadrado-liso-banho-de-ouro-18k-i0e91/,https://marquesasemijoias.com.br/produtos/anel-quadrado-liso-banho-de-ouro-18k-i0e91/,Anel Quadrado Liso Ouro 18k - Moderno e Elegante,Anel Quadrado Liso Ouro 18k - Moderno e Elegante,"Anel quadrado liso banhado a ouro 18k, moderno e minimalista. Perfeito para o dia a dia com brilho sofisticado. Garanta já o seu!","Anel quadrado liso banhado a ouro 18k, moderno e minimalista. Perfeito para o dia a dia com brilho sofisticado. Garanta já o seu!",SKIPPED,NO_LONGER_SELLABLE_AT_RESUME_PRESERVE,NO_LONGER_SELLABLE_AT_RESUME_PRESERVE,False,PRESERVED_NO_WRITE,False,False,False,False,UNCHANGED,,,True,,,,,
339108446,257258,https://marquesasemijoias.com.br/produtos/anel-infinito-liso-e-zirconias-banho-de-ouro-18k-14iyo/,https://marquesasemijoias.com.br/produtos/anel-infinito-liso-e-zirconias-banho-de-ouro-18k-14iyo/,Anel Infinito Ouro 18k com Zircônias Elegância,Anel Infinito Ouro 18k com Zircônias Elegância,"Anel Infinito com banho de ouro 18k e zircônias, símbolo de amor eterno. Sofisticação e delicadeza para seu estilo. Compre já!","Anel Infinito com banho de ouro 18k e zircônias, símbolo de amor eterno. Sofisticação e delicadeza para seu estilo. Compre já!",SKIPPED,NO_LONGER_SELLABLE_AT_RESUME_PRESERVE,NO_LONGER_SELLABLE_AT_RESUME_PRESERVE,False,PRESERVED_NO_WRITE,False,False,False,False,UNCHANGED,,,True,,,,,
339742389,649597 | 721947,https://marquesasemijoias.com.br/produtos/pingente-menina-cravejada-banho-de-ouro-18k-222tf/,https://marquesasemijoias.com.br/produtos/pingente-menina-cravejada-banho-de-ouro-18k-222tf/,Pingente Menina Cravejada Ouro 18k Elegância,Pingente Menina Cravejada Banho de Ouro 18k | Marquesa,"Pingente Menina cravejada com zircônias em banho de ouro 18k, símbolo de amor e conexão. Compre e eternize momentos especiais com sofisticação.","Pingente Menina cravejada com zircônias em banho de ouro 18k, símbolo de amor e conexão. Compre e eternize momentos especiais com sofisticação.",VALIDATED,FACTUAL_METADATA_AND_FAMILY_USE_CONTEXT,PUBLIC_VALIDATED,True,NEW_CONTENT_WRITE,False,True,False,False,UNCHANGED,True,True,True,2026-10-08T23:52:02.341Z,2026-10-15T23:52:02.341000+00:00,2026-11-05T23:52:02.341000+00:00,2026-12-03T23:52:02.341000+00:00,2026-12-31T23:52:02.341000+00:00
359126460,215199,https://marquesasemijoias.com.br/produtos/anel-infantil-coracao-e-zirconia-banho-de-ouro-18k-f5tuv/,https://marquesasemijoias.com.br/produtos/anel-infantil-coracao-e-zirconia-banho-de-ouro-18k-f5tuv/,Anel Infantil Coração com Zircônia Ouro 18k Delicado,Anel Infantil Coração e Zircônia Banho de Ouro 18k | Marquesa,"Anel infantil com coração e zircônia em banho de ouro 18k, delicado e encantador. Compre e presenteie momentos especiais com estilo!","Anel infantil com coração e zircônia em banho de ouro 18k, delicado e encantador. Compre e presenteie momentos especiais com estilo!",VALIDATED,FACTUAL_METADATA_AND_FAMILY_USE_CONTEXT,PUBLIC_VALIDATED,True,NEW_CONTENT_WRITE,False,True,False,False,UNCHANGED,True,True,True,2026-10-08T23:52:10.439Z,2026-10-15T23:52:10.439000+00:00,2026-11-05T23:52:10.439000+00:00,2026-12-03T23:52:10.439000+00:00,2026-12-31T23:52:10.439000+00:00
359126649,275818,https://marquesasemijoias.com.br/produtos/anel-prego-cravejado-banho-de-ouro-18k-tug15/,https://marquesasemijoias.com.br/produtos/anel-prego-cravejado-banho-de-ouro-18k-tug15/,Anel Prego Cravejado Ouro 18k Sofisticação Moderna,Anel Prego Cravejado Banho de Ouro 18k | Marquesa,"Anel Prego cravejado com banho de ouro 18k, design industrial e zircônias brilhantes. Compre e destaque seu estilo com atitude e elegância!","Anel Prego cravejado com banho de ouro 18k, design industrial e zircônias brilhantes. Compre e destaque seu estilo com atitude e elegância!",VALIDATED,FACTUAL_METADATA_AND_FAMILY_USE_CONTEXT,PUBLIC_VALIDATED,True,NEW_CONTENT_WRITE,False,True,False,False,UNCHANGED,True,True,True,2026-10-08T23:52:18.530Z,2026-10-15T23:52:18.530000+00:00,2026-11-05T23:52:18.530000+00:00,2026-12-03T23:52:18.530000+00:00,2026-12-31T23:52:18.530000+00:00
359126697,392893 | 392893 | 392893 | 392893,https://marquesasemijoias.com.br/produtos/anel-nossa-senhora-zirconia-azul-banho-de-prata-yjhm4/,https://marquesasemijoias.com.br/produtos/anel-nossa-senhora-zirconia-azul-banho-de-prata-yjhm4/,Anel Nossa Senhora Zircônia Azul Ouro 18k Elegância,Anel Nossa Senhora Zircônia Azul Banho de Ouro 18k | Marquesa,"Anel Nossa Senhora com zircônia azul e banho de ouro 18k, símbolo de proteção e sofisticação. Compre e realce seu estilo com espiritualidade!","Anel Nossa Senhora com zircônia azul e banho de ouro 18k, símbolo de proteção e sofisticação. Compre e realce seu estilo com espiritualidade!",VALIDATED,FACTUAL_METADATA_AND_FAMILY_USE_CONTEXT,PUBLIC_VALIDATED,True,NEW_CONTENT_WRITE,False,True,False,False,UNCHANGED,True,True,True,2026-10-08T23:52:23.638Z,2026-10-15T23:52:23.638000+00:00,2026-11-05T23:52:23.638000+00:00,2026-12-03T23:52:23.638000+00:00,2026-12-31T23:52:23.638000+00:00
359126874,352008,https://marquesasemijoias.com.br/produtos/anel-duas-linhas-cravejadas-banho-de-ouro-18k-1mhxc/,https://marquesasemijoias.com.br/produtos/anel-duas-linhas-cravejadas-banho-de-ouro-18k-1mhxc/,Anel Duas Linhas Cravejadas Ouro 18k Brilho e Elegância,Anel Duas Linhas Cravejadas Banho de Ouro 18k | Marquesa,"Anel com duas linhas cravejadas em banho de ouro 18k, design delicado e sofisticado. Compre e realce seu estilo com modernidade!","Anel com duas linhas cravejadas em banho de ouro 18k, design delicado e sofisticado. Compre e realce seu estilo com modernidade!",VALIDATED,FACTUAL_METADATA_AND_FAMILY_USE_CONTEXT,PUBLIC_VALIDATED,True,NEW_CONTENT_WRITE,False,True,False,False,UNCHANGED,True,True,True,2026-10-08T23:52:31.791Z,2026-10-15T23:52:31.791000+00:00,2026-11-05T23:52:31.791000+00:00,2026-12-03T23:52:31.791000+00:00,2026-12-31T23:52:31.791000+00:00
359281292,163954,https://marquesasemijoias.com.br/produtos/brinco-circulo-amassado-organico-banho-de-ouro-18k/,https://marquesasemijoias.com.br/produtos/brinco-circulo-amassado-organico-banho-de-ouro-18k/,Brinco Círculo Amassado Orgânico Ouro 18k Design Atual,Brinco Círculo Amassado Orgânico Banho de Ouro 18k | Marquesa,"Brinco círculo amassado orgânico com banho de ouro 18k, textura livre e reflexos únicos. Semijoia hipoalergênica. Compre e aposte no design!",Brinco Círculo Amassado Orgânico Banho de Ouro 18k. Destaque o desenho junto ao rosto. Confira os detalhes.,VALIDATED,FACTUAL_METADATA_AND_FAMILY_USE_CONTEXT,PUBLIC_VALIDATED,True,NEW_CONTENT_WRITE,False,True,True,False,UNCHANGED,True,True,True,2026-10-08T23:52:39.991Z,2026-10-15T23:52:39.991000+00:00,2026-11-05T23:52:39.991000+00:00,2026-12-03T23:52:39.991000+00:00,2026-12-31T23:52:39.991000+00:00
253320433,152089,https://marquesasemijoias.com.br/produtos/brinco-infantil-joaninha-prata-925/,https://marquesasemijoias.com.br/produtos/brinco-infantil-joaninha-prata-925/,Brinco Infantil Joaninha em Prata 925 - Fofura e Estilo,Brinco Infantil Joaninha em Prata 925 - Fofura e Estilo,"Encante sua pequena com o Brinco Infantil Joaninha em Prata 925. Design alegre e seguro, perfeito para meninas estilosas. Adquira já o seu!","Encante sua pequena com o Brinco Infantil Joaninha em Prata 925. Design alegre e seguro, perfeito para meninas estilosas. Adquira já o seu!",VALIDATED,FACTUAL_METADATA_AND_FAMILY_USE_CONTEXT,PUBLIC_VALIDATED,True,NEW_CONTENT_WRITE,True,False,False,False,UNCHANGED,True,True,True,2026-10-08T23:52:49.084Z,2026-10-15T23:52:49.084000+00:00,2026-11-05T23:52:49.084000+00:00,2026-12-03T23:52:49.084000+00:00,2026-12-31T23:52:49.084000+00:00
313809682,428416,https://marquesasemijoias.com.br/produtos/pulseira-zirconias-coloridas-banho-de-ouro-18k-4ii19/,https://marquesasemijoias.com.br/produtos/pulseira-zirconias-coloridas-banho-de-ouro-18k-4ii19/,Pulseira Zircônias Coloridas Ouro 18k Brilho e Estilo,Pulseira Zircônias Coloridas Banho de Ouro 18k | Marquesa,"Pulseira com zircônias coloridas em banho de ouro 18k, ideal para looks modernos e alegres. Aproveite e destaque seu estilo hoje!","Pulseira com zircônias coloridas em banho de ouro 18k, ideal para looks modernos e alegres. Aproveite e destaque seu estilo hoje!",VALIDATED,FACTUAL_METADATA_AND_FAMILY_USE_CONTEXT,PUBLIC_VALIDATED,True,NEW_CONTENT_WRITE,False,True,False,False,UNCHANGED,True,True,True,2026-10-08T23:52:57.173Z,2026-10-15T23:52:57.173000+00:00,2026-11-05T23:52:57.173000+00:00,2026-12-03T23:52:57.173000+00:00,2026-12-31T23:52:57.173000+00:00
359281337,148565,https://marquesasemijoias.com.br/produtos/brinco-coracao-madreperola-banho-de-ouro-18k/,https://marquesasemijoias.com.br/produtos/brinco-coracao-madreperola-banho-de-ouro-18k/,Brinco Coração Madrepérola Ouro 18k Brilho Natural,Brinco Coração Madrepérola Banho de Ouro 18k | Marquesa,"Brinco coração com madrepérola e banho de ouro 18k, reflexos suaves e muita delicadeza. Semijoia hipoalergênica. Compre e realce seu charme!","Brinco Coração Madrepérola Banho de Ouro 18k. Medida: aprox. 1,0 cm. Confira os detalhes.",VALIDATED,FACTUAL_METADATA_AND_FAMILY_USE_CONTEXT,PUBLIC_VALIDATED,True,NEW_CONTENT_WRITE,False,True,True,False,UNCHANGED,True,True,True,2026-10-08T23:53:05.176Z,2026-10-15T23:53:05.176000+00:00,2026-11-05T23:53:05.176000+00:00,2026-12-03T23:53:05.176000+00:00,2026-12-31T23:53:05.176000+00:00
267969764,102367,https://marquesasemijoias.com.br/produtos/brinco-organico-pequeno-banho-de-ouro-18k/,https://marquesasemijoias.com.br/produtos/brinco-organico-pequeno-banho-de-ouro-18k/,Brinco Orgânico Pequeno em Ouro 18k Estilo Minimalista,Brinco Orgânico Pequeno Banho de Ouro 18k | Marquesa,"Descubra o Brinco Orgânico Pequeno com banho de ouro 18k. Leve e moderno, é ideal para o dia a dia ou eventos sofisticados. Adquira já o seu!","Descubra o Brinco Orgânico Pequeno com banho de ouro 18k. Leve e moderno, é ideal para o dia a dia ou eventos sofisticados. Adquira já o seu!",VALIDATED,FACTUAL_METADATA_AND_FAMILY_USE_CONTEXT,PUBLIC_VALIDATED,True,NEW_CONTENT_WRITE,False,True,False,False,UNCHANGED,True,True,True,2026-10-08T23:53:13.300Z,2026-10-15T23:53:13.300000+00:00,2026-11-05T23:53:13.300000+00:00,2026-12-03T23:53:13.300000+00:00,2026-12-31T23:53:13.300000+00:00
268007460,561106,https://marquesasemijoias.com.br/produtos/pulseira-infinito-com-borboleta-banho-de-ouro-18k/,https://marquesasemijoias.com.br/produtos/pulseira-infinito-com-borboleta-banho-de-ouro-18k/,Pulseira Infinito com Borboleta Ouro 18k Delicadeza,Pulseira Infinito com Borboleta Ouro 18k Delicadeza,"Pulseira Infinito com Borboleta em banho de ouro 18k, símbolo de amor e transformação. Garanta já essa peça delicada e cheia de significado!","Pulseira Infinito com Borboleta em banho de ouro 18k, símbolo de amor e transformação. Garanta já essa peça delicada e cheia de significado!",SKIPPED,NO_LONGER_SELLABLE_AT_RESUME_PRESERVE,NO_LONGER_SELLABLE_AT_RESUME_PRESERVE,False,PRESERVED_NO_WRITE,False,False,False,False,UNCHANGED,,,True,,,,,
281079180,110763,https://marquesasemijoias.com.br/produtos/brinco-pizza-cravejado-banho-de-ouro-18k/,https://marquesasemijoias.com.br/produtos/brinco-pizza-cravejado-banho-de-ouro-18k/,Brinco Pizza Cravejado Ouro 18k Brilho e Elegância,Brinco Pizza Cravejado Ouro 18k Brilho e Elegância,"Brinco Pizza cravejado com zircônias e banho de ouro 18k, luxo e durabilidade. Realce seu visual com sofisticação. Compre agora e brilhe sempre!","Brinco Pizza cravejado com zircônias e banho de ouro 18k, luxo e durabilidade. Realce seu visual com sofisticação. Compre agora e brilhe sempre!",SKIPPED,NO_LONGER_SELLABLE_AT_RESUME_PRESERVE,NO_LONGER_SELLABLE_AT_RESUME_PRESERVE,False,PRESERVED_NO_WRITE,False,False,False,False,UNCHANGED,,,True,,,,,
288496252,140527,https://marquesasemijoias.com.br/produtos/argola-media-lisa-com-coracao-banho-de-ouro-18k/,https://marquesasemijoias.com.br/produtos/argola-media-lisa-com-coracao-banho-de-ouro-18k/,Argola Média Lisa com Coração Ouro 18k Elegância,Argola Média Lisa com Coração Ouro 18k Elegância,"Descubra a argola média lisa com coração em banho de ouro 18k, perfeita para um visual elegante e romântico. Compre agora e realce seu estilo!","Descubra a argola média lisa com coração em banho de ouro 18k, perfeita para um visual elegante e romântico. Compre agora e realce seu estilo!",SKIPPED,NO_LONGER_SELLABLE_AT_RESUME_PRESERVE,NO_LONGER_SELLABLE_AT_RESUME_PRESERVE,False,PRESERVED_NO_WRITE,False,False,False,False,UNCHANGED,,,True,,,,,
288496293,512369,https://marquesasemijoias.com.br/produtos/colar-pizza-cravejado-banho-de-ouro-18k/,https://marquesasemijoias.com.br/produtos/colar-pizza-cravejado-banho-de-ouro-18k/,Colar Pizza Cravejado Ouro 18k com Zircônias Brilhantes,Colar Pizza Cravejado Ouro 18k com Zircônias Brilhantes,"Colar Pizza cravejado com zircônias e banho de ouro 18k, perfeito para looks sofisticados. Garanta já sua semijoia elegante e durável!","Colar Pizza cravejado com zircônias e banho de ouro 18k, perfeito para looks sofisticados. Garanta já sua semijoia elegante e durável!",SKIPPED,NO_LONGER_SELLABLE_AT_RESUME_PRESERVE,NO_LONGER_SELLABLE_AT_RESUME_PRESERVE,False,PRESERVED_NO_WRITE,False,False,False,False,UNCHANGED,,,True,,,,,
288496301,635650 | 635650,https://marquesasemijoias.com.br/produtos/anel-solitario-com-linhas-cravejadas-banho-de-ouro-18k/,https://marquesasemijoias.com.br/produtos/anel-solitario-com-linhas-cravejadas-banho-de-ouro-18k/,Anel Solitário Ouro 18k com Linhas Cravejadas,Anel Solitario com Linhas Cravejadas Banho de Ouro 18k | Marquesa,"Anel Solitário com banho de ouro 18k, linhas cravejadas e zircônias que garantem brilho e sofisticação. Compre agora e destaque seu estilo!",Anel Solitario com Linhas Cravejadas Banho de Ouro 18k. Use sozinho ou em um mix de anéis. Confira os detalhes.,VALIDATED,FACTUAL_METADATA_AND_FAMILY_USE_CONTEXT,PUBLIC_VALIDATED,True,NEW_CONTENT_WRITE,False,True,True,False,UNCHANGED,True,True,True,2026-10-08T23:53:21.404Z,2026-10-15T23:53:21.404000+00:00,2026-11-05T23:53:21.404000+00:00,2026-12-03T23:53:21.404000+00:00,2026-12-31T23:53:21.404000+00:00
288496307,361239,https://marquesasemijoias.com.br/produtos/colar-elos-cadeado-banho-de-ouro-18k/,https://marquesasemijoias.com.br/produtos/colar-elos-cadeado-banho-de-ouro-18k/,Colar Elos Cadeado Ouro 18k - Elegância e Sofisticação,Colar Elos Cadeado Banho de Ouro 18k | Marquesa,Colar Elos Cadeado Banho de Ouro 18k com design robusto e brilho intenso. Compre já e destaque seu estilo!,Colar Elos Cadeado Banho de Ouro 18k com design robusto e brilho intenso. Compre já e destaque seu estilo!,VALIDATED,FACTUAL_METADATA_AND_FAMILY_USE_CONTEXT,PUBLIC_VALIDATED,True,NEW_CONTENT_WRITE,False,True,False,False,UNCHANGED,True,True,True,2026-10-08T23:53:29.620Z,2026-10-15T23:53:29.620000+00:00,2026-11-05T23:53:29.620000+00:00,2026-12-03T23:53:29.620000+00:00,2026-12-31T23:53:29.620000+00:00
288496332,630947,https://marquesasemijoias.com.br/produtos/pulseira-infantil-mini-coracoes-entrelacados-banho-de-ouro-18k/,https://marquesasemijoias.com.br/produtos/pulseira-infantil-mini-coracoes-entrelacados-banho-de-ouro-18k/,Pulseira Infantil Mini Corações Ouro 18k Delicada,Pulseira Infantil Corações Entrelaçados Banho Ouro 18k | Marquesa,"Pulseira Infantil Mini Corações em banho de ouro 18k, leve e resistente. Garanta já essa joia cheia de amor e estilo!",Pulseira Infantil Mini Corações Entrelaçados Banho Ouro 18k. Medida: 14 cm. Confira os detalhes.,VALIDATED,FACTUAL_METADATA_AND_FAMILY_USE_CONTEXT,PUBLIC_VALIDATED,True,NEW_CONTENT_WRITE,False,True,True,False,UNCHANGED,True,True,True,2026-10-08T23:53:37.624Z,2026-10-15T23:53:37.624000+00:00,2026-11-05T23:53:37.624000+00:00,2026-12-03T23:53:37.624000+00:00,2026-12-31T23:53:37.624000+00:00
288496412,116876,https://marquesasemijoias.com.br/produtos/brinco-ponto-de-luz-grande-banho-de-ouro-18k/,https://marquesasemijoias.com.br/produtos/brinco-ponto-de-luz-grande-banho-de-ouro-18k/,Brinco Ponto de Luz Grande Ouro 18k Elegância e Brilho,Brinco Ponto de Luz Grande Ouro 18k Elegância e Brilho,"Brinco Ponto de Luz Grande com banho em ouro 18k, design sofisticado e brilho intenso. Garanta sofisticação e estilo no seu look. Compre agora!","Brinco Ponto de Luz Grande com banho em ouro 18k, design sofisticado e brilho intenso. Garanta sofisticação e estilo no seu look. Compre agora!",SKIPPED,NO_LONGER_SELLABLE_AT_RESUME_PRESERVE,NO_LONGER_SELLABLE_AT_RESUME_PRESERVE,False,PRESERVED_NO_WRITE,False,False,False,False,UNCHANGED,,,True,,,,,
288496414,122060,https://marquesasemijoias.com.br/produtos/brinco-ponto-de-luz-medio-banho-de-ouro-18k/,https://marquesasemijoias.com.br/produtos/brinco-ponto-de-luz-medio-banho-de-ouro-18k/,Brinco Ponto de Luz Médio Ouro 18k Sofisticação,Brinco Ponto de Luz Médio Banho de Ouro 18k | Marquesa,"Brinco Ponto de Luz Médio com banho de ouro 18k, design minimalista e brilho intenso. Perfeito para o dia a dia ou ocasiões especiais. Compre já!","Brinco Ponto de Luz Médio com banho de ouro 18k, design minimalista e brilho intenso. Perfeito para o dia a dia ou ocasiões especiais. Compre já!",VALIDATED,FACTUAL_METADATA_AND_FAMILY_USE_CONTEXT,PUBLIC_VALIDATED,True,NEW_CONTENT_WRITE,False,True,False,False,UNCHANGED,True,True,True,2026-10-08T23:53:45.919Z,2026-10-15T23:53:45.919000+00:00,2026-11-05T23:53:45.919000+00:00,2026-12-03T23:53:45.919000+00:00,2026-12-31T23:53:45.919000+00:00
288496447,128707,https://marquesasemijoias.com.br/produtos/argola-oval-pequena-cravejada-cristal-banho-de-ouro-18k/,https://marquesasemijoias.com.br/produtos/argola-oval-pequena-cravejada-cristal-banho-de-ouro-18k/,Argola Oval Pequena Cravejada Cristal com Ouro 18k,Argola Oval Pequena Cravejada Cristal Banho de Ouro 18k | Marquesa,"Argola oval pequena cravejada com zircônias, banho ouro 18k, delicada e sofisticada. Garanta já a sua!","Argola Oval Pequena Cravejada Cristal Banho de Ouro 18k. Medida: aprox. 1,2 cm. Confira os detalhes.",VALIDATED,FACTUAL_METADATA_AND_FAMILY_USE_CONTEXT,PUBLIC_VALIDATED,True,NEW_CONTENT_WRITE,False,True,True,False,UNCHANGED,True,True,True,2026-10-08T23:53:54.141Z,2026-10-15T23:53:54.141000+00:00,2026-11-05T23:53:54.141000+00:00,2026-12-03T23:53:54.141000+00:00,2026-12-31T23:53:54.141000+00:00
288496550,568444,https://marquesasemijoias.com.br/produtos/anel-oval-vazado-cravejado-banho-de-ouro-18k/,https://marquesasemijoias.com.br/produtos/anel-oval-vazado-cravejado-banho-de-ouro-18k/,Anel Oval Vazado Ouro 18k com Zircônias Cravejadas,Anel Oval Vazado Cravejado Banho de Ouro 18k | Marquesa,"Descubra o Anel Oval Vazado com banho de ouro 18k e zircônias cravejadas, sofisticado e brilhante. Garanta já sua joia moderna e durável!",Anel Oval Vazado Cravejado Banho de Ouro 18k. Use sozinho ou em um mix de anéis. Confira os detalhes.,VALIDATED,FACTUAL_METADATA_AND_FAMILY_USE_CONTEXT,PUBLIC_VALIDATED,True,NEW_CONTENT_WRITE,False,True,True,False,UNCHANGED,True,True,True,2026-10-08T23:54:02.118Z,2026-10-15T23:54:02.118000+00:00,2026-11-05T23:54:02.118000+00:00,2026-12-03T23:54:02.118000+00:00,2026-12-31T23:54:02.118000+00:00
288496566,259762,https://marquesasemijoias.com.br/produtos/colar-coracao-alongado-cravejado-banho-de-ouro-18k/,https://marquesasemijoias.com.br/produtos/colar-coracao-alongado-cravejado-banho-de-ouro-18k/,Colar Coração Alongado Cravejado Ouro 18k Elegância,Colar Coração Alongado Cravejado Banho de Ouro 18k | Marquesa,"Colar coração alongado cravejado com banho de ouro 18k, perfeito para dar um toque sofisticado e romântico. Aproveite a elegância e compre já!","Colar coração alongado cravejado com banho de ouro 18k, perfeito para dar um toque sofisticado e romântico. Aproveite a elegância e compre já!",VALIDATED,FACTUAL_METADATA_AND_FAMILY_USE_CONTEXT,PUBLIC_VALIDATED,True,NEW_CONTENT_WRITE,False,True,False,False,UNCHANGED,True,True,True,2026-10-08T23:54:10.145Z,2026-10-15T23:54:10.145000+00:00,2026-11-05T23:54:10.145000+00:00,2026-12-03T23:54:10.145000+00:00,2026-12-31T23:54:10.145000+00:00
288496592,653552,https://marquesasemijoias.com.br/produtos/pulseira-cruz-lisa-banho-de-ouro-18k-e-rodio-branco/,https://marquesasemijoias.com.br/produtos/pulseira-cruz-lisa-banho-de-ouro-18k-e-rodio-branco/,Pulseira Cruz Lisa Ouro 18k e Ródio Branco Elegância,Pulseira Cruz Lisa Banho de Ouro 18k e Ródio Branco | Marquesa,"Pulseira Cruz Lisa com banho ouro 18k e ródio branco, design minimalista e versátil. Compre agora e destaque seu estilo!","Pulseira Cruz Lisa com banho ouro 18k e ródio branco, design minimalista e versátil. Compre agora e destaque seu estilo!",VALIDATED,FACTUAL_METADATA_AND_FAMILY_USE_CONTEXT,PUBLIC_VALIDATED,True,NEW_CONTENT_WRITE,False,True,False,False,UNCHANGED,True,True,True,2026-10-08T23:54:18.578Z,2026-10-15T23:54:18.578000+00:00,2026-11-05T23:54:18.578000+00:00,2026-12-03T23:54:18.578000+00:00,2026-12-31T23:54:18.578000+00:00
288496599,387095,https://marquesasemijoias.com.br/produtos/anel-coracoes-liso-banho-de-ouro-18k-e-rodio-branco/,https://marquesasemijoias.com.br/produtos/anel-coracoes-liso-banho-de-ouro-18k-e-rodio-branco/,Anel Corações Liso Ouro 18k e Ródio Branco Delicado,Anel Corações Liso Ouro 18k e Ródio Branco Delicado,"Anel Corações Liso com banho de Ouro 18k e Ródio Branco, delicado e versátil. Encontre romantismo e sofisticação para seu dia a dia. Compre já!","Anel Corações Liso com banho de Ouro 18k e Ródio Branco, delicado e versátil. Encontre romantismo e sofisticação para seu dia a dia. Compre já!",SKIPPED,NO_LONGER_SELLABLE_AT_RESUME_PRESERVE,NO_LONGER_SELLABLE_AT_RESUME_PRESERVE,False,PRESERVED_NO_WRITE,False,False,False,False,UNCHANGED,,,True,,,,,
288496611,359321,https://marquesasemijoias.com.br/produtos/anel-quadrado-duplo-zirconias-cravejadas-banho-de-ouro-18k/,https://marquesasemijoias.com.br/produtos/anel-quadrado-duplo-zirconias-cravejadas-banho-de-ouro-18k/,Anel Quadrado Duplo com Zircônias Ouro 18k Sofisticado,Anel Quadrado Duplo com Zircônias Ouro 18k Sofisticado,Descubra o Anel Quadrado Duplo com zircônias cravejadas e banho em ouro 18k. Sofisticação e brilho para destacar seu estilo. Compre agora!,Descubra o Anel Quadrado Duplo com zircônias cravejadas e banho em ouro 18k. Sofisticação e brilho para destacar seu estilo. Compre agora!,SKIPPED,NO_LONGER_SELLABLE_AT_RESUME_PRESERVE,NO_LONGER_SELLABLE_AT_RESUME_PRESERVE,False,PRESERVED_NO_WRITE,False,False,False,False,UNCHANGED,,,True,,,,,
288496627,376199,https://marquesasemijoias.com.br/produtos/colar-borboleta-preto-banho-de-ouro-18k/,https://marquesasemijoias.com.br/produtos/colar-borboleta-preto-banho-de-ouro-18k/,Colar Borboleta Preto Ouro 18k: Elegância,Colar Borboleta Preto Ouro 18k: Elegância,Colar Borboleta Preto banho ouro 18k com design moderno e durável. Brilhe com estilo único! Compre agora e realce sua feminilidade.,Colar Borboleta Preto banho ouro 18k com design moderno e durável. Brilhe com estilo único! Compre agora e realce sua feminilidade.,SKIPPED,NO_LONGER_SELLABLE_AT_RESUME_PRESERVE,NO_LONGER_SELLABLE_AT_RESUME_PRESERVE,False,PRESERVED_NO_WRITE,False,False,False,False,UNCHANGED,,,True,,,,,
288496637,821921,https://marquesasemijoias.com.br/produtos/pulseira-zirconias-retangulares-incolor-banho-de-ouro-18k/,https://marquesasemijoias.com.br/produtos/pulseira-zirconias-retangulares-incolor-banho-de-ouro-18k/,Pulseira Zircônias Retangulares Incolor Ouro 18k Luxo,Pulseira Zircônias Retangulares Incolor Banho de Ouro 18k | Marquesa,"Pulseira com zircônias retangulares incolores e banho de ouro 18k, durável e elegante. Compre e brilhe todos os dias!",Pulseira Zircônias Retangulares Incolor Banho de Ouro 18k. Medida: 18 cm + 5 cm extensor. Confira os detalhes.,VALIDATED,FACTUAL_METADATA_AND_FAMILY_USE_CONTEXT,PUBLIC_VALIDATED,True,NEW_CONTENT_WRITE,False,True,True,False,UNCHANGED,True,True,True,2026-10-08T23:54:26.636Z,2026-10-15T23:54:26.636000+00:00,2026-11-05T23:54:26.636000+00:00,2026-12-03T23:54:26.636000+00:00,2026-12-31T23:54:26.636000+00:00
288496646,643630,https://marquesasemijoias.com.br/produtos/colar-infantl-masculino-banho-de-ouro-18k/,https://marquesasemijoias.com.br/produtos/colar-infantl-masculino-banho-de-ouro-18k/,Colar Infantil Masculino Ouro 18k Estilo e Proteção,Colar Infantl Masculino Banho de Ouro 18k | Marquesa,"Colar Infantil Masculino com banho de ouro 18k, seguro e durável. Garanta já o presente perfeito para seu pequeno!",Colar Infantl Masculino Banho de Ouro 18k. Destaque o desenho no colo. Confira os detalhes.,VALIDATED,FACTUAL_METADATA_AND_FAMILY_USE_CONTEXT,PUBLIC_VALIDATED,True,NEW_CONTENT_WRITE,False,True,True,False,UNCHANGED,True,True,True,2026-10-08T23:54:34.639Z,2026-10-15T23:54:34.639000+00:00,2026-11-05T23:54:34.639000+00:00,2026-12-03T23:54:34.639000+00:00,2026-12-31T23:54:34.639000+00:00
288496706,243820,https://marquesasemijoias.com.br/produtos/colar-borboleta-grande-madreperola-banho-de-ouro-18k/,https://marquesasemijoias.com.br/produtos/colar-borboleta-grande-madreperola-banho-de-ouro-18k/,Colar Borboleta Grande Madrepérola Ouro 18k Elegante,Colar Borboleta Grande Madréperola Banho de Ouro 18k | Marquesa,"Colar Borboleta Grande Madrepérola com banho ouro 18k, delicado e durável. Perfeito para qualquer ocasião. Compre agora e destaque seu estilo!",Colar Borboleta Grande Madréperola Banho de Ouro 18k. Destaque o desenho no colo. Confira os detalhes.,VALIDATED,FACTUAL_METADATA_AND_FAMILY_USE_CONTEXT,PUBLIC_VALIDATED,True,NEW_CONTENT_WRITE,False,True,True,False,UNCHANGED,True,True,True,2026-10-08T23:54:44.820Z,2026-10-15T23:54:44.820000+00:00,2026-11-05T23:54:44.820000+00:00,2026-12-03T23:54:44.820000+00:00,2026-12-31T23:54:44.820000+00:00
288496756,331486,https://marquesasemijoias.com.br/produtos/pulseira-veneziana-bola-e-nossa-senhora-banho-de-ouro-18k/,https://marquesasemijoias.com.br/produtos/pulseira-veneziana-bola-e-nossa-senhora-banho-de-ouro-18k/,Pulseira Veneziana Bola e Nossa Senhora Ouro 18k,Pulseira Veneziana Bola e Nossa Senhora Banho de Ouro 18k | Marquesa,"Pulseira Veneziana Bola e Nossa Senhora banhada a ouro 18k, une fé e sofisticação. Ideal para proteger e realçar seu estilo. Compre já!","Pulseira Veneziana Bola e Nossa Senhora Banho de Ouro 18k. Medida: 14 cm + 5,0 cm extensor. Confira os detalhes.",VALIDATED,FACTUAL_METADATA_AND_FAMILY_USE_CONTEXT,PUBLIC_VALIDATED,True,NEW_CONTENT_WRITE,True,True,True,False,UNCHANGED,True,True,True,2026-10-08T23:54:58.829Z,2026-10-15T23:54:58.829000+00:00,2026-11-05T23:54:58.829000+00:00,2026-12-03T23:54:58.829000+00:00,2026-12-31T23:54:58.829000+00:00
288496764,321094,https://marquesasemijoias.com.br/produtos/pulseira-corrente-cristal-banho-de-ouro-18k/,https://marquesasemijoias.com.br/produtos/pulseira-corrente-cristal-banho-de-ouro-18k/,Pulseira Corrente Cristal 4mm Ouro 18k Elegância,Pulseira Corrente Cristal Banho de Ouro 18k | Marquesa,"Pulseira Corrente Cristal 4mm com banho em Ouro 18k, resistente e sofisticada. Garanta já a sua e destaque seu estilo!","Pulseira Corrente Cristal Banho de Ouro 18k. Medida: 14 cm + 5,0 cm extensor. Confira os detalhes.",VALIDATED,FACTUAL_METADATA_AND_FAMILY_USE_CONTEXT,PUBLIC_VALIDATED,True,NEW_CONTENT_WRITE,False,True,True,False,UNCHANGED,True,True,True,2026-10-08T23:55:06.887Z,2026-10-15T23:55:06.887000+00:00,2026-11-05T23:55:06.887000+00:00,2026-12-03T23:55:06.887000+00:00,2026-12-31T23:55:06.887000+00:00
288496775,422148,https://marquesasemijoias.com.br/produtos/pulseira-bolinhas-lisa-banho-de-ouro-18k/,https://marquesasemijoias.com.br/produtos/pulseira-bolinhas-lisa-banho-de-ouro-18k/,Pulseira Bolinhas Lisa Ouro 18k Elegância,Pulseira Bolinhas Lisa Ouro 18k Elegância,Pulseira Bolinhas Lisa banhada a ouro 18k com design minimalista e delicado. Adquira já e realce seu estilo com charme e versatilidade!,Pulseira Bolinhas Lisa banhada a ouro 18k com design minimalista e delicado. Adquira já e realce seu estilo com charme e versatilidade!,SKIPPED,NO_LONGER_SELLABLE_AT_RESUME_PRESERVE,NO_LONGER_SELLABLE_AT_RESUME_PRESERVE,False,PRESERVED_NO_WRITE,False,False,False,False,UNCHANGED,,,True,,,,,
288496776,888316,https://marquesasemijoias.com.br/produtos/pulseira-fio-alemao-banho-de-ouro-18k/,https://marquesasemijoias.com.br/produtos/pulseira-fio-alemao-banho-de-ouro-18k/,"Pulseira Fio Alemão 2,4mm Ouro 18k Elegância","Pulseira Fio Alemão 2,4mm Ouro 18k Elegância","Pulseira Fio Alemão 2,4mm com banho de ouro 18k, brilho intenso e design sofisticado. Peça versátil e durável. Garanta já a sua elegância!","Pulseira Fio Alemão 2,4mm com banho de ouro 18k, brilho intenso e design sofisticado. Peça versátil e durável. Garanta já a sua elegância!",SKIPPED,NO_LONGER_SELLABLE_AT_RESUME_PRESERVE,NO_LONGER_SELLABLE_AT_RESUME_PRESERVE,False,PRESERVED_NO_WRITE,False,False,False,False,UNCHANGED,,,True,,,,,
288496786,417615,https://marquesasemijoias.com.br/produtos/pulseira-coracoes-chapa-banho-de-ouro-18k/,https://marquesasemijoias.com.br/produtos/pulseira-coracoes-chapa-banho-de-ouro-18k/,Pulseira Corações Chapa 6mm Ouro 18k Elegância,Pulseira Corações Chapa 6mm Ouro 18k Elegância,"Pulseira Corações Chapa 6mm banhada a Ouro 18k, com design moderno e romântico. Garanta já sua peça elegante e versátil!","Pulseira Corações Chapa 6mm banhada a Ouro 18k, com design moderno e romântico. Garanta já sua peça elegante e versátil!",SKIPPED,NO_LONGER_SELLABLE_AT_RESUME_PRESERVE,NO_LONGER_SELLABLE_AT_RESUME_PRESERVE,False,PRESERVED_NO_WRITE,False,False,False,False,UNCHANGED,,,True,,,,,
288496794,494433,https://marquesasemijoias.com.br/produtos/pulseira-zirconias-coloridas-fecho-regulavel-banho-de-ouro-18k/,https://marquesasemijoias.com.br/produtos/pulseira-zirconias-coloridas-fecho-regulavel-banho-de-ouro-18k/,Pulseira Zircônias Coloridas Ouro 18k com Fecho,Pulseira Zircônias Coloridas Regulável Banho Ouro 18k | Marquesa,"Pulseira com zircônias coloridas e banho ouro 18k, fecho ajustável para conforto e brilho duradouro.","Pulseira com zircônias coloridas e banho ouro 18k, fecho ajustável para conforto e brilho duradouro.",VALIDATED,FACTUAL_METADATA_AND_FAMILY_USE_CONTEXT,PUBLIC_VALIDATED,True,NEW_CONTENT_WRITE,True,True,False,False,UNCHANGED,True,True,True,2026-10-08T23:55:14.888Z,2026-10-15T23:55:14.888000+00:00,2026-11-05T23:55:14.888000+00:00,2026-12-03T23:55:14.888000+00:00,2026-12-31T23:55:14.888000+00:00
295130610,174257,https://marquesasemijoias.com.br/produtos/brinco-longo-perola-banho-de-ouro-18k/,https://marquesasemijoias.com.br/produtos/brinco-longo-perola-banho-de-ouro-18k/,Brinco Longo Pérola Ouro 18k Elegância e Durabilidade,Brinco Longo Pérola Banho de Ouro 18k | Marquesa,"Brinco longo com pérola e banho de ouro 18k, sofisticado e durável. Compre agora e realce seu visual com charme único!","Brinco Longo Pérola Banho de Ouro 18k. Medida: aprox. 5,2 cm. Confira os detalhes.",VALIDATED,FACTUAL_METADATA_AND_FAMILY_USE_CONTEXT,PUBLIC_VALIDATED,True,NEW_CONTENT_WRITE,True,True,True,False,UNCHANGED,True,True,True,2026-10-08T23:55:22.985Z,2026-10-15T23:55:22.985000+00:00,2026-11-05T23:55:22.985000+00:00,2026-12-03T23:55:22.985000+00:00,2026-12-31T23:55:22.985000+00:00
295130612,120029,https://marquesasemijoias.com.br/produtos/brinco-perola-grande-banho-de-ouro-18k1/,https://marquesasemijoias.com.br/produtos/brinco-perola-grande-banho-de-ouro-18k1/,Brinco Pérola Grande Ouro 18k: Elegância e Sofisticação,Brinco Pérola Grande Banho de Ouro 18k | Marquesa,Brinco Pérola Grande banhado a ouro 18k com brilho intenso e design sofisticado. Garanta sua joia elegante e durável. Compre agora e destaque-se!,"Brinco Pérola Grande Banho de Ouro 18k. Medida: aprox. 1,0 cm. Confira os detalhes.",VALIDATED,FACTUAL_METADATA_AND_FAMILY_USE_CONTEXT,PUBLIC_VALIDATED,True,NEW_CONTENT_WRITE,True,True,True,False,UNCHANGED,True,True,True,2026-10-08T23:55:30.980Z,2026-10-15T23:55:30.980000+00:00,2026-11-05T23:55:30.980000+00:00,2026-12-03T23:55:30.980000+00:00,2026-12-31T23:55:30.980000+00:00
295130760,174634,https://marquesasemijoias.com.br/produtos/argola-lisa-pingente-cristal-banho-de-ouro-18k/,https://marquesasemijoias.com.br/produtos/argola-lisa-pingente-cristal-banho-de-ouro-18k/,Argola Lisa com Pingente Cristal Ouro 18k Elegância,Argola Lisa Pingente Cristal Banho de Ouro 18k | Marquesa,"Argola lisa com pingente de cristal e banho em ouro 18k, delicada e sofisticada. Realce seu visual com brilho sutil. Compre agora e arrase!","Argola lisa com pingente de cristal e banho em ouro 18k, delicada e sofisticada. Realce seu visual com brilho sutil. Compre agora e arrase!",VALIDATED,FACTUAL_METADATA_AND_FAMILY_USE_CONTEXT,PUBLIC_VALIDATED,True,NEW_CONTENT_WRITE,False,True,False,False,UNCHANGED,True,True,True,2026-10-08T23:55:39.048Z,2026-10-15T23:55:39.048000+00:00,2026-11-05T23:55:39.048000+00:00,2026-12-03T23:55:39.048000+00:00,2026-12-31T23:55:39.048000+00:00
297041424,257482,https://marquesasemijoias.com.br/produtos/berloque-separador-coracao-banho-de-ouro-18k/,https://marquesasemijoias.com.br/produtos/berloque-separador-coracao-banho-de-ouro-18k/,Berloque Separador Coração Ouro 18k | Marquesa,Berloque Separador Coração Banho de Ouro 18K | Marquesa,"Berloque separador em formato de coração banhado a ouro 18k. Delicado, elegante e perfeito para pulseiras personalizadas e presentes especiais.","Berloque Separador Coração Banho de Ouro 18K. Medida: aprox. 1,0 cm. Confira os detalhes.",VALIDATED,FACTUAL_METADATA_AND_FAMILY_USE_CONTEXT,PUBLIC_VALIDATED,True,NEW_CONTENT_WRITE,True,True,True,False,UNCHANGED,True,True,True,2026-10-08T23:55:47.101Z,2026-10-15T23:55:47.101000+00:00,2026-11-05T23:55:47.101000+00:00,2026-12-03T23:55:47.101000+00:00,2026-12-31T23:55:47.101000+00:00
307925585,286157,https://marquesasemijoias.com.br/produtos/berloque-batata-frita-resinada-banho-de-ouro-18k-wdi87/,https://marquesasemijoias.com.br/produtos/berloque-batata-frita-resinada-banho-de-ouro-18k-wdi87/,Berloque Batata Frita Ouro 18k Estilo e Personalidade,Berloque Batata Frita Resinada Banho de Ouro 18k | Marquesa,"Berloque Batata Frita resinada com banho de ouro 18k, moderno e divertido. Dê estilo único às suas pulseiras! Aproveite e compre já.","Berloque Batata Frita resinada com banho de ouro 18k, moderno e divertido. Dê estilo único às suas pulseiras! Aproveite e compre já.",VALIDATED,FACTUAL_METADATA_AND_FAMILY_USE_CONTEXT,PUBLIC_VALIDATED,True,NEW_CONTENT_WRITE,True,True,False,False,UNCHANGED,True,True,True,2026-10-08T23:55:52.062Z,2026-10-15T23:55:52.062000+00:00,2026-11-05T23:55:52.062000+00:00,2026-12-03T23:55:52.062000+00:00,2026-12-31T23:55:52.062000+00:00
307925848,279663,https://marquesasemijoias.com.br/produtos/berloque-celular-pendurado-banho-de-ouro-18k-lzhue/,https://marquesasemijoias.com.br/produtos/berloque-celular-pendurado-banho-de-ouro-18k-lzhue/,Berloque Celular Ouro 18k Design Delicado e Moderno,Berloque Celular Pendurado Banho de Ouro 18k | Marquesa,"Berloque Celular com banho de ouro 18k, design pendurado e charme único. Ideal para influenciadoras e amantes de acessórios modernos. Compre já!","Berloque Celular com banho de ouro 18k, design pendurado e charme único. Ideal para influenciadoras e amantes de acessórios modernos. Compre já!",VALIDATED,FACTUAL_METADATA_AND_FAMILY_USE_CONTEXT,PUBLIC_VALIDATED,True,NEW_CONTENT_WRITE,False,True,False,False,UNCHANGED,True,True,True,2026-10-08T23:56:00.109Z,2026-10-15T23:56:00.109000+00:00,2026-11-05T23:56:00.109000+00:00,2026-12-03T23:56:00.109000+00:00,2026-12-31T23:56:00.109000+00:00
307926219,243534,https://marquesasemijoias.com.br/produtos/berloque-taca-de-vinho-banho-de-ouro-18k-wn19s/,https://marquesasemijoias.com.br/produtos/berloque-taca-de-vinho-banho-de-ouro-18k-wn19s/,Berloque Taça de Vinho Ouro 18k Elegância e Charme,Berloque Taça de Vinho Banho de Ouro 18k | Marquesa,"Berloque Taça de Vinho com banho de ouro 18k, design delicado e brilho duradouro. Complemente seu estilo com essa peça charmosa. Compre já!","Berloque Taça de Vinho com banho de ouro 18k, design delicado e brilho duradouro. Complemente seu estilo com essa peça charmosa. Compre já!",VALIDATED,FACTUAL_METADATA_AND_FAMILY_USE_CONTEXT,PUBLIC_VALIDATED,True,NEW_CONTENT_WRITE,False,True,False,False,UNCHANGED,True,True,True,2026-10-08T23:56:08.250Z,2026-10-15T23:56:08.250000+00:00,2026-11-05T23:56:08.250000+00:00,2026-12-03T23:56:08.250000+00:00,2026-12-31T23:56:08.250000+00:00
308399653,310853,https://marquesasemijoias.com.br/produtos/anel-coracao-regulavel-banho-de-ouro-18k-jcm7d/,https://marquesasemijoias.com.br/produtos/anel-coracao-regulavel-banho-de-ouro-18k-jcm7d/,Anel Coração Regulável Ouro 18k Delicadeza e Brilho,Anel Coração Regulavél Banho de Ouro 18k | Marquesa,"Descubra o Anel Coração Regulável com banho de ouro 18k, design romântico e conforto perfeito. Garanta já seu estilo elegante e versátil!",Anel Coração Regulavél Banho de Ouro 18k. Use sozinho ou em um mix de anéis. Confira os detalhes.,VALIDATED,FACTUAL_METADATA_AND_FAMILY_USE_CONTEXT,PUBLIC_VALIDATED,True,NEW_CONTENT_WRITE,True,True,True,False,UNCHANGED,True,True,True,2026-10-08T23:56:16.363Z,2026-10-15T23:56:16.363000+00:00,2026-11-05T23:56:16.363000+00:00,2026-12-03T23:56:16.363000+00:00,2026-12-31T23:56:16.363000+00:00
313682963,454357,https://marquesasemijoias.com.br/produtos/berloque-i-love-dad-cravejado-banho-de-ouro-18k-ue4ca/,https://marquesasemijoias.com.br/produtos/berloque-i-love-dad-cravejado-banho-de-ouro-18k-ue4ca/,Berloque I Love Dad em Ouro 18k Cravejado com Zircônias,Berloque I Love Dad Cravejado Banho de Ouro 18k | Marquesa,"Berloque I Love Dad cravejado, banho ouro 18k, design delicado e brilho elegante. Presenteie com amor e sofisticação. Compre já!","Berloque I Love Dad cravejado, banho ouro 18k, design delicado e brilho elegante. Presenteie com amor e sofisticação. Compre já!",VALIDATED,FACTUAL_METADATA_AND_FAMILY_USE_CONTEXT,PUBLIC_VALIDATED,True,NEW_CONTENT_WRITE,True,True,False,False,UNCHANGED,True,True,True,2026-10-08T23:56:32.375Z,2026-10-15T23:56:32.375000+00:00,2026-11-05T23:56:32.375000+00:00,2026-12-03T23:56:32.375000+00:00,2026-12-31T23:56:32.375000+00:00
313750728,132944,https://marquesasemijoias.com.br/produtos/argola-media-cravejada-banho-de-ouro-18k-k9wwe/,https://marquesasemijoias.com.br/produtos/argola-media-cravejada-banho-de-ouro-18k-k9wwe/,Argola Média Cravejada em Ouro 18k - Elegância e Brilho,Argola Média Cravejada em Ouro 18k - Elegância e Brilho,"Descubra a Argola Média Cravejada com banho de ouro 18k, perfeita para sofisticar seu visual com brilho e qualidade incomparáveis. Compre já!","Descubra a Argola Média Cravejada com banho de ouro 18k, perfeita para sofisticar seu visual com brilho e qualidade incomparáveis. Compre já!",SKIPPED,NO_LONGER_SELLABLE_AT_RESUME_PRESERVE,NO_LONGER_SELLABLE_AT_RESUME_PRESERVE,False,PRESERVED_NO_WRITE,False,False,False,False,UNCHANGED,,,True,,,,,
313753394,318524 | 318523,https://marquesasemijoias.com.br/produtos/brinco-ponto-de-luz-colorido-banho-de-ouro-18k-55sfz/,https://marquesasemijoias.com.br/produtos/brinco-ponto-de-luz-colorido-banho-de-ouro-18k-55sfz/,Brinco Ponto de Luz Colorido Ouro 18k Elegância,Brinco Ponto de Luz Colorido Banho de Ouro 18k | Marquesa,"Brinco Ponto de Luz Colorido com banho de ouro 18k, delicado e moderno. Perfeito para o dia a dia ou presente. Compre já e realce seu estilo!","Brinco Ponto de Luz Colorido com banho de ouro 18k, delicado e moderno. Perfeito para o dia a dia ou presente. Compre já e realce seu estilo!",VALIDATED,FACTUAL_METADATA_AND_FAMILY_USE_CONTEXT,PUBLIC_VALIDATED,True,NEW_CONTENT_WRITE,False,True,False,False,UNCHANGED,True,True,True,2026-10-08T23:57:11.033Z,2026-10-15T23:57:11.033000+00:00,2026-11-05T23:57:11.033000+00:00,2026-12-03T23:57:11.033000+00:00,2026-12-31T23:57:11.033000+00:00
313755583,194786,https://marquesasemijoias.com.br/produtos/brinco-coracao-texturizado-banho-de-ouro-18k-vwnu3/,https://marquesasemijoias.com.br/produtos/brinco-coracao-texturizado-banho-de-ouro-18k-vwnu3/,Brinco Coração Texturizado Ouro 18k Elegância,Brinco Coração Texturizado Banho de Ouro 18k | Marquesa,"Conheça o Brinco Coração Texturizado em Ouro 18k, romântico e sofisticado. Ideal para uso diário ou presente. Compre já e destaque seu estilo!","Brinco Coração Texturizado Banho de Ouro 18k. Medida: 1,2 cm. Confira os detalhes.",VALIDATED,FACTUAL_METADATA_AND_FAMILY_USE_CONTEXT,PUBLIC_VALIDATED,True,NEW_CONTENT_WRITE,False,True,True,False,UNCHANGED,True,True,True,2026-10-08T23:57:19.486Z,2026-10-15T23:57:19.486000+00:00,2026-11-05T23:57:19.486000+00:00,2026-12-03T23:57:19.486000+00:00,2026-12-31T23:57:19.486000+00:00
313755793,117144,https://marquesasemijoias.com.br/produtos/brinco-coracao-com-franjas-lisas-banho-de-ouro-18k-wlblp/,https://marquesasemijoias.com.br/produtos/brinco-coracao-com-franjas-lisas-banho-de-ouro-18k-wlblp/,Brinco Coração Franjas Lisas Ouro 18k Elegância,Brinco Coração com Franjas Lisas Banho de Ouro 18k | Marquesa,"Brinco Coração com Franjas Lisas banhado a ouro 18k, sofisticado e moderno. Ideal para ocasiões especiais. Compre e destaque seu estilo agora!",Brinco Coração com Franjas Lisas Banho de Ouro 18k. Medida: 6 cm. Confira os detalhes.,VALIDATED,FACTUAL_METADATA_AND_FAMILY_USE_CONTEXT,PUBLIC_VALIDATED,True,NEW_CONTENT_WRITE,False,True,True,False,UNCHANGED,True,True,True,2026-10-08T23:57:29.580Z,2026-10-15T23:57:29.580000+00:00,2026-11-05T23:57:29.580000+00:00,2026-12-03T23:57:29.580000+00:00,2026-12-31T23:57:29.580000+00:00
313756867,162655,https://marquesasemijoias.com.br/produtos/brinco-tres-zirconias-banho-de-ouro-18k-h4020/,https://marquesasemijoias.com.br/produtos/brinco-tres-zirconias-banho-de-ouro-18k-h4020/,Brinco Três Zircônias Ouro 18k Elegância e Brilho,Brinco Três Zircônias Banho de Ouro 18k | Marquesa,"Brinco com três zircônias banhadas a ouro 18k, delicado e sofisticado para uso diário e ocasiões especiais. Compre já e brilhe com elegância!","Brinco Três Zircônias Banho de Ouro 18k. Medida: aprox. 2,0 cm. Confira os detalhes.",VALIDATED,FACTUAL_METADATA_AND_FAMILY_USE_CONTEXT,PUBLIC_VALIDATED,True,NEW_CONTENT_WRITE,True,True,True,False,UNCHANGED,True,True,True,2026-10-08T23:57:37.563Z,2026-10-15T23:57:37.563000+00:00,2026-11-05T23:57:37.563000+00:00,2026-12-03T23:57:37.563000+00:00,2026-12-31T23:57:37.563000+00:00
313809156,684919,https://marquesasemijoias.com.br/produtos/colar-borboleta-zirconias-banho-de-ouro-18k-yyq68/,https://marquesasemijoias.com.br/produtos/colar-borboleta-zirconias-banho-de-ouro-18k-yyq68/,Colar Borboleta com Zircônias Ouro 18k Elegância,Colar Borboleta Zircônias Banho de Ouro 18k | Marquesa,"Colar Borboleta com Zircônias em banho de ouro 18k, delicado e cheio de significado. Compre agora!","Colar Borboleta com Zircônias em banho de ouro 18k, delicado e cheio de significado. Compre agora!",VALIDATED,FACTUAL_METADATA_AND_FAMILY_USE_CONTEXT,PUBLIC_VALIDATED,True,NEW_CONTENT_WRITE,False,True,False,False,UNCHANGED,True,True,True,2026-10-08T23:57:45.593Z,2026-10-15T23:57:45.593000+00:00,2026-11-05T23:57:45.593000+00:00,2026-12-03T23:57:45.593000+00:00,2026-12-31T23:57:45.593000+00:00
313809478,795008,https://marquesasemijoias.com.br/produtos/colar-relicario-coracao-banho-de-ouro-18k-58wu0/,https://marquesasemijoias.com.br/produtos/colar-relicario-coracao-banho-de-ouro-18k-58wu0/,Colar Relicário Coração Ouro 18k Elegância e Emoção,Colar Relicário Coração Banho de Ouro 18k | Marquesa,"Colar relicário coração em banho de ouro 18k, perfeito para guardar lembranças especiais. Compre já e eternize momentos únicos!","Colar relicário coração em banho de ouro 18k, perfeito para guardar lembranças especiais. Compre já e eternize momentos únicos!",VALIDATED,FACTUAL_METADATA_AND_FAMILY_USE_CONTEXT,PUBLIC_VALIDATED,True,NEW_CONTENT_WRITE,False,True,False,False,UNCHANGED,True,True,True,2026-10-08T23:57:50.552Z,2026-10-15T23:57:50.552000+00:00,2026-11-05T23:57:50.552000+00:00,2026-12-03T23:57:50.552000+00:00,2026-12-31T23:57:50.552000+00:00
313809715,373309,https://marquesasemijoias.com.br/produtos/pulseira-minis-elos-trabalhados-banho-de-ouro-18k-aqbmn/,https://marquesasemijoias.com.br/produtos/pulseira-minis-elos-trabalhados-banho-de-ouro-18k-aqbmn/,Pulseira Minis Elos Trabalhados Ouro 18k Elegante,Pulseira Minis Elos Trabalhados Banho de Ouro 18k | Marquesa,"Pulseira Minis Elos Trabalhados com banho de ouro 18k, delicada e sofisticada para uso diário. Compre já e realce seu estilo com elegância.","Pulseira Minis Elos Trabalhados com banho de ouro 18k, delicada e sofisticada para uso diário. Compre já e realce seu estilo com elegância.",VALIDATED,FACTUAL_METADATA_AND_FAMILY_USE_CONTEXT,PUBLIC_VALIDATED,True,NEW_CONTENT_WRITE,False,True,False,False,UNCHANGED,True,True,True,2026-10-08T23:57:57.344Z,2026-10-15T23:57:57.344000+00:00,2026-11-05T23:57:57.344000+00:00,2026-12-03T23:57:57.344000+00:00,2026-12-31T23:57:57.344000+00:00
313809761,276193,https://marquesasemijoias.com.br/produtos/pulseira-dupla-cruz-e-zirconias-banho-de-ouro-18k-4e590/,https://marquesasemijoias.com.br/produtos/pulseira-dupla-cruz-e-zirconias-banho-de-ouro-18k-4e590/,Pulseira Dupla Cruz com Zircônias Ouro 18k Elegante,Pulseira Dupla Cruz e Zircônias Banho de Ouro 18k | Marquesa,"Pulseira dupla com cruz e zircônias em banho de ouro 18k, unindo fé e brilho. Ideal para uso diário ou presente sofisticado. Compre já!","Pulseira dupla com cruz e zircônias em banho de ouro 18k, unindo fé e brilho. Ideal para uso diário ou presente sofisticado. Compre já!",VALIDATED,FACTUAL_METADATA_AND_FAMILY_USE_CONTEXT,PUBLIC_VALIDATED,True,NEW_CONTENT_WRITE,False,True,False,False,UNCHANGED,True,True,True,2026-10-08T23:58:05.542Z,2026-10-15T23:58:05.542000+00:00,2026-11-05T23:58:05.542000+00:00,2026-12-03T23:58:05.542000+00:00,2026-12-31T23:58:05.542000+00:00
313809802,261582,https://marquesasemijoias.com.br/produtos/pulseira-trevo-de-zirconias-banho-de-ouro-18k-ua80l/,https://marquesasemijoias.com.br/produtos/pulseira-trevo-de-zirconias-banho-de-ouro-18k-ua80l/,Pulseira Trevo de Zircônias Ouro 18k Sorte e Elegância,Pulseira Trevo de Zircônias Banho de Ouro 18k | Marquesa,"Pulseira Trevo de Zircônias em banho de ouro 18k, símbolo de sorte e charme. Garanta já a sua!","Pulseira Trevo de Zircônias Banho de Ouro 18k. Medida: 15 cm + 5,5 cm extensor. Confira os detalhes.",VALIDATED,FACTUAL_METADATA_AND_FAMILY_USE_CONTEXT,PUBLIC_VALIDATED,True,NEW_CONTENT_WRITE,True,True,True,False,UNCHANGED,True,True,True,2026-10-08T23:58:13.610Z,2026-10-15T23:58:13.610000+00:00,2026-11-05T23:58:13.610000+00:00,2026-12-03T23:58:13.610000+00:00,2026-12-31T23:58:13.610000+00:00
329206227,565583,https://marquesasemijoias.com.br/produtos/anel-borboleta-1c0kv/,https://marquesasemijoias.com.br/produtos/anel-borboleta-1c0kv/,Anel Cravejado Borboletas Micro Zircônia Ouro 18k,Anel Cravejado Borboletas Micro Zirconia Banho de Ouro 18k | Marquesa,"Anel cravejado com micro zircônias em banho de ouro 18k, design delicado com borboletas. Garanta elegância e sofisticação. Compre já!",Anel Cravejado Borboletas Micro Zirconia Banho de Ouro 18k. Use sozinho ou em um mix de anéis. Confira os detalhes.,VALIDATED,FACTUAL_METADATA_AND_FAMILY_USE_CONTEXT,PUBLIC_VALIDATED,True,NEW_CONTENT_WRITE,False,True,True,False,UNCHANGED,True,True,True,2026-10-08T23:58:21.826Z,2026-10-15T23:58:21.826000+00:00,2026-11-05T23:58:21.826000+00:00,2026-12-03T23:58:21.826000+00:00,2026-12-31T23:58:21.826000+00:00
329206328,508946,https://marquesasemijoias.com.br/produtos/pulseira-dupla-7iffa/,https://marquesasemijoias.com.br/produtos/pulseira-dupla-7iffa/,Pulseira Dupla Flor Incolor Ouro 18k Elegância,Pulseira Dupla Flor Incolor Banho de Ouro 18k | Marquesa,"Pulseira Dupla com flores cravejadas em zircônias incolores, banho ouro 18k, design delicado e versátil. Compre já!","Pulseira Dupla com flores cravejadas em zircônias incolores, banho ouro 18k, design delicado e versátil. Compre já!",VALIDATED,FACTUAL_METADATA_AND_FAMILY_USE_CONTEXT,PUBLIC_VALIDATED,True,NEW_CONTENT_WRITE,False,True,False,False,UNCHANGED,True,True,True,2026-10-08T23:58:30.240Z,2026-10-15T23:58:30.240000+00:00,2026-11-05T23:58:30.240000+00:00,2026-12-03T23:58:30.240000+00:00,2026-12-31T23:58:30.240000+00:00
339108414,520642,https://marquesasemijoias.com.br/produtos/conjunto-circulo-e-zirconia-banho-de-ouro-18k-16fm6/,https://marquesasemijoias.com.br/produtos/conjunto-circulo-e-zirconia-banho-de-ouro-18k-16fm6/,Conjunto Círculo e Zircônia Ouro 18k Elegância,Conjunto Circulo e Zircônia Banho de Ouro 18k | Marquesa,Conjunto sofisticado com colar e brinco em banho de ouro 18k e zircônias brilhantes. Realce seu estilo com charme e delicadeza. Compre já!,Conjunto sofisticado com colar e brinco em banho de ouro 18k e zircônias brilhantes. Realce seu estilo com charme e delicadeza. Compre já!,VALIDATED,FACTUAL_METADATA_AND_FAMILY_USE_CONTEXT,PUBLIC_VALIDATED,True,NEW_CONTENT_WRITE,False,True,False,False,UNCHANGED,True,True,True,2026-10-08T23:58:35.258Z,2026-10-15T23:58:35.258000+00:00,2026-11-05T23:58:35.258000+00:00,2026-12-03T23:58:35.258000+00:00,2026-12-31T23:58:35.258000+00:00
339108881,273975,https://marquesasemijoias.com.br/produtos/pingente-e-separador-menino-zirconia-banho-de-ouro-18k-mh07h/,https://marquesasemijoias.com.br/produtos/pingente-e-separador-menino-zirconia-banho-de-ouro-18k-mh07h/,Pingente Menino Zircônia Ouro 18k Delicado,Pingente e Separador Menino Zircônia Banho de Ouro 18k | Marquesa,"Pingente e Separador Menino com zircônia, banho de ouro 18k. Design encantador que simboliza amor puro. Adquira já e eternize momentos especiais!","Pingente e Separador Menino com zircônia, banho de ouro 18k. Design encantador que simboliza amor puro. Adquira já e eternize momentos especiais!",VALIDATED,FACTUAL_METADATA_AND_FAMILY_USE_CONTEXT,PUBLIC_VALIDATED,True,NEW_CONTENT_WRITE,False,True,False,False,UNCHANGED,True,True,True,2026-10-08T23:58:40.182Z,2026-10-15T23:58:40.182000+00:00,2026-11-05T23:58:40.182000+00:00,2026-12-03T23:58:40.182000+00:00,2026-12-31T23:58:40.182000+00:00
339523165,344122,https://marquesasemijoias.com.br/produtos/conjunto-redondo-com-zirconias-banho-de-ouro-18k-1b6xn/,https://marquesasemijoias.com.br/produtos/conjunto-redondo-com-zirconias-banho-de-ouro-18k-1b6xn/,Conjunto Redondo com Zircônias Ouro 18k Elegância,Conjunto Redondo com Zircônias Ouro 18k Elegância,"Conjunto redondo com zircônias em banho de ouro 18k, clássico e sofisticado. Brilhe com charme e versatilidade. Compre já!","Conjunto redondo com zircônias em banho de ouro 18k, clássico e sofisticado. Brilhe com charme e versatilidade. Compre já!",SKIPPED,NO_LONGER_SELLABLE_AT_RESUME_PRESERVE,NO_LONGER_SELLABLE_AT_RESUME_PRESERVE,False,PRESERVED_NO_WRITE,False,False,False,False,UNCHANGED,,,True,,,,,
349205890,421683,https://marquesasemijoias.com.br/produtos/colar-trevo-zirconia-incolor-banho-de-ouro-18k-7nlwc/,https://marquesasemijoias.com.br/produtos/colar-trevo-zirconia-incolor-banho-de-ouro-18k-7nlwc/,Colar Trevo com Zircônia Incolor Ouro 18k Elegância,Colar Trevo Zircônia Incolor Banho de Ouro 18k | Marquesa,"Colar Trevo Zircônia Incolor com banho de ouro 18k, simboliza sorte e elegância. Ideal para iluminar seu look com delicadeza. Compre já!",Colar Trevo Zircônia Incolor Banho de Ouro 18k. Destaque o desenho no colo. Confira os detalhes.,VALIDATED,FACTUAL_METADATA_AND_FAMILY_USE_CONTEXT,PUBLIC_VALIDATED,True,NEW_CONTENT_WRITE,True,True,True,False,UNCHANGED,True,True,True,2026-10-08T23:58:49.365Z,2026-10-15T23:58:49.365000+00:00,2026-11-05T23:58:49.365000+00:00,2026-12-03T23:58:49.365000+00:00,2026-12-31T23:58:49.365000+00:00
349614167,623779,https://marquesasemijoias.com.br/produtos/colar-masculino-cartie-longa-banho-de-ouro-18k-dbek4/,https://marquesasemijoias.com.br/produtos/colar-masculino-cartie-longa-banho-de-ouro-18k-dbek4/,Colar Masculino Cartier Longa Ouro 18k Elegância,Colar Masculino Cartie Longa Banho de Ouro 18k | Marquesa,"Colar masculino Cartier com banho de ouro 18k, 60cm, design clássico e moderno. Sofisticação e exclusividade para seu estilo. Compre já!","Colar masculino Cartier com banho de ouro 18k, 60cm, design clássico e moderno. Sofisticação e exclusividade para seu estilo. Compre já!",VALIDATED,FACTUAL_METADATA_AND_FAMILY_USE_CONTEXT,PUBLIC_VALIDATED,True,NEW_CONTENT_WRITE,False,True,False,False,UNCHANGED,True,True,True,2026-10-08T23:58:57.584Z,2026-10-15T23:58:57.584000+00:00,2026-11-05T23:58:57.584000+00:00,2026-12-03T23:58:57.584000+00:00,2026-12-31T23:58:57.584000+00:00
359126078,647729 | 647729 | 647729,https://marquesasemijoias.com.br/produtos/anel-solitario-coroa-6mm-cravejado-cristal-banho-de-ouro-18k-2c5kr/,https://marquesasemijoias.com.br/produtos/anel-solitario-coroa-6mm-cravejado-cristal-banho-de-ouro-18k-2c5kr/,Anel Solitário Coroa 6mm Cravejado com Cristal Ouro 18k,Anel Solitário Coroa 6mm Cravejado Cristal Banho de Ouro 18k,Anel solitário com cristal 6mm cravejado e banho de ouro 18k. Elegância e sofisticação para mulheres que buscam brilho intenso. Compre já!,Anel solitário com cristal 6mm cravejado e banho de ouro 18k. Elegância e sofisticação para mulheres que buscam brilho intenso. Compre já!,VALIDATED,FACTUAL_METADATA_AND_FAMILY_USE_CONTEXT,PUBLIC_VALIDATED,True,NEW_CONTENT_WRITE,False,True,False,False,UNCHANGED,True,True,True,2026-10-08T23:59:06.087Z,2026-10-15T23:59:06.087000+00:00,2026-11-05T23:59:06.087000+00:00,2026-12-03T23:59:06.087000+00:00,2026-12-31T23:59:06.087000+00:00
359126295,264154,https://marquesasemijoias.com.br/produtos/anel-regulavel-coracao-cravejado-banho-de-ouro-18k-mkoi1/,https://marquesasemijoias.com.br/produtos/anel-regulavel-coracao-cravejado-banho-de-ouro-18k-mkoi1/,Anel Regulável Coração Cravejado Ouro 18k Romântico,Anel Regulável Coração Cravejado Banho de Ouro 18k | Marquesa,"Anel regulável com coração cravejado em zircônia e banho de ouro 18k, delicado e versátil. Compre já e surpreenda quem você ama!","Anel regulável com coração cravejado em zircônia e banho de ouro 18k, delicado e versátil. Compre já e surpreenda quem você ama!",VALIDATED,FACTUAL_METADATA_AND_FAMILY_USE_CONTEXT,PUBLIC_VALIDATED,True,NEW_CONTENT_WRITE,True,True,False,False,UNCHANGED,True,True,True,2026-10-08T23:59:14.431Z,2026-10-15T23:59:14.431000+00:00,2026-11-05T23:59:14.431000+00:00,2026-12-03T23:59:14.431000+00:00,2026-12-31T23:59:14.431000+00:00
359281178,110417,https://marquesasemijoias.com.br/produtos/brinco-coracao-cravejado-zirconias-incolores-banho-de-ouro-18k/,https://marquesasemijoias.com.br/produtos/brinco-coracao-cravejado-zirconias-incolores-banho-de-ouro-18k/,Brinco Coração Cravejado Zircônias Ouro 18k Brilho,Brinco Coração Zircônias Incolores Banho Ouro 18k | Marquesa,"Brinco coração cravejado de zircônias incolores com banho de ouro 18k, romântico e brilhante. Semijoia hipoalergênica. Compre já!","Brinco Coração Cravejado Zirconias Incolores Banho Ouro 18k. Medida: aprox. 0,7 cm. Confira os detalhes.",VALIDATED,FACTUAL_METADATA_AND_FAMILY_USE_CONTEXT,PUBLIC_VALIDATED,True,NEW_CONTENT_WRITE,False,True,True,False,UNCHANGED,True,True,True,2026-10-08T23:59:19.644Z,2026-10-15T23:59:19.644000+00:00,2026-11-05T23:59:19.644000+00:00,2026-12-03T23:59:19.644000+00:00,2026-12-31T23:59:19.644000+00:00
359281192,126711,https://marquesasemijoias.com.br/produtos/brinco-coracao-metade-liso-e-metade-cravejado-banho-de-ouro-18k/,https://marquesasemijoias.com.br/produtos/brinco-coracao-metade-liso-e-metade-cravejado-banho-de-ouro-18k/,Brinco Coração Metade Liso e Cravejado Ouro 18k Design,Brinco Coração Metade Liso e Metade Cravejado Banho Ouro 18k,"Brinco coração metade liso e metade cravejado com banho de ouro 18k, contraste criativo. Semijoia hipoalergênica. Compre e destaque seu estilo!","Brinco Coração Metade Liso e Metade Cravejado Banho Ouro 18k. Medida: aprox. 1,9 cm. Confira os detalhes.",VALIDATED,FACTUAL_METADATA_AND_FAMILY_USE_CONTEXT,PUBLIC_VALIDATED,True,NEW_CONTENT_WRITE,False,True,True,False,UNCHANGED,True,True,True,2026-10-08T23:59:28.198Z,2026-10-15T23:59:28.198000+00:00,2026-11-05T23:59:28.198000+00:00,2026-12-03T23:59:28.198000+00:00,2026-12-31T23:59:28.198000+00:00
359281258,122809 | 122809 | 122809 | 122809 | 122809,https://marquesasemijoias.com.br/produtos/brinco-infantil-quadrado-colorido-banho-de-ouro-18k/,https://marquesasemijoias.com.br/produtos/brinco-infantil-quadrado-colorido-banho-de-ouro-18k/,Brinco Infantil Quadrado Colorido Ouro 18k Alegria,Brinco Infantil Quadrado Colorido Banho de Ouro 18k | Marquesa,"Brinco infantil quadrado com pedra colorida e banho de ouro 18k, leve e cheio de charme. Semijoia hipoalergênica. Compre agora e presenteie!","Brinco Infantil Quadrado Colorido Banho de Ouro 18k. Medida: aprox. 1,0 cm. Confira os detalhes.",VALIDATED,FACTUAL_METADATA_AND_FAMILY_USE_CONTEXT,PUBLIC_VALIDATED,True,NEW_CONTENT_WRITE,False,True,True,False,UNCHANGED,True,True,True,2026-10-08T23:59:33.202Z,2026-10-15T23:59:33.202000+00:00,2026-11-05T23:59:33.202000+00:00,2026-12-03T23:59:33.202000+00:00,2026-12-31T23:59:33.202000+00:00
359281317,108683,https://marquesasemijoias.com.br/produtos/brinco-gota-com-detalhes-banho-de-ouro-18k/,https://marquesasemijoias.com.br/produtos/brinco-gota-com-detalhes-banho-de-ouro-18k/,Brinco Gota com Detalhes Ouro 18k Acabamento Apurado,Brinco Gota com Detalhes Banho de Ouro 18k | Marquesa,"Brinco gota com detalhes e banho de ouro 18k, acabamento refinado e brilho em vários ângulos. Semijoia hipoalergênica. Compre já!","Brinco Gota com Detalhes Banho de Ouro 18k. Medida: aprox. 1,5 cm. Confira os detalhes.",VALIDATED,FACTUAL_METADATA_AND_FAMILY_USE_CONTEXT,PUBLIC_VALIDATED,True,NEW_CONTENT_WRITE,True,True,True,False,UNCHANGED,True,True,True,2026-10-08T23:59:41.510Z,2026-10-15T23:59:41.510000+00:00,2026-11-05T23:59:41.510000+00:00,2026-12-03T23:59:41.510000+00:00,2026-12-31T23:59:41.510000+00:00
359281325,167732,https://marquesasemijoias.com.br/produtos/brinco-gota-amassada-banho-de-ouro-18k/,https://marquesasemijoias.com.br/produtos/brinco-gota-amassada-banho-de-ouro-18k/,Brinco Gota Amassada Ouro 18k Textura Contemporânea,Brinco Gota Amassada Banho de Ouro 18k | Marquesa,"Brinco gota amassada com banho de ouro 18k, textura orgânica que multiplica os reflexos. Semijoia hipoalergênica. Compre e renove seu visual!","Brinco Gota Amassada Banho de Ouro 18k. Medida: aprox. 1,2 cm. Confira os detalhes.",VALIDATED,FACTUAL_METADATA_AND_FAMILY_USE_CONTEXT,PUBLIC_VALIDATED,True,NEW_CONTENT_WRITE,False,True,True,False,UNCHANGED,True,True,True,2026-10-08T23:59:49.773Z,2026-10-15T23:59:49.773000+00:00,2026-11-05T23:59:49.773000+00:00,2026-12-03T23:59:49.773000+00:00,2026-12-31T23:59:49.773000+00:00
359281362,128366,https://marquesasemijoias.com.br/produtos/dupla-de-argolas-hexagonal-lisa-banho-de-ouro-18k/,https://marquesasemijoias.com.br/produtos/dupla-de-argolas-hexagonal-lisa-banho-de-ouro-18k/,Dupla Argolas Hexagonal Lisa Ouro 18k Geometria Atual,Dupla Argolas Hexagonal Lisa Ouro 18k Geometria Atual,"Dupla de argolas hexagonais lisas com banho de ouro 18k, design gráfico e moderno. Semijoia hipoalergênica. Compre agora e destaque seu estilo!","Dupla de argolas hexagonais lisas com banho de ouro 18k, design gráfico e moderno. Semijoia hipoalergênica. Compre agora e destaque seu estilo!",SKIPPED,NO_LONGER_SELLABLE_AT_RESUME_PRESERVE,NO_LONGER_SELLABLE_AT_RESUME_PRESERVE,False,PRESERVED_NO_WRITE,False,False,False,False,UNCHANGED,,,True,,,,,
359281370,184369,https://marquesasemijoias.com.br/produtos/trio-de-argola-lisa-perola-e-ponto-de-luz-banho-de-ouro-18k/,https://marquesasemijoias.com.br/produtos/trio-de-argola-lisa-perola-e-ponto-de-luz-banho-de-ouro-18k/,Trio Argola Lisa Pérola e Ponto de Luz Ouro 18k Mix,"Trio de Argola Lisa, Pérola e Ponto de Luz Banho de Ouro 18k","Trio de brincos com argola lisa, pérola e ponto de luz em banho de ouro 18k. Semijoia hipoalergênica. Compre agora e crie mixes cheios de estilo!","Trio de Argola Lisa, Pérola e Ponto de Luz Banho de Ouro 18k. Combine com seus brincos e piercings. Confira os detalhes.",VALIDATED,FACTUAL_METADATA_AND_FAMILY_USE_CONTEXT,PUBLIC_VALIDATED,True,NEW_CONTENT_WRITE,False,True,True,False,UNCHANGED,True,True,True,2026-10-08T23:59:54.620Z,2026-10-15T23:59:54.620000+00:00,2026-11-05T23:59:54.620000+00:00,2026-12-03T23:59:54.620000+00:00,2026-12-31T23:59:54.620000+00:00
359281416,191908,https://marquesasemijoias.com.br/produtos/brinco-gota-dupla-pequena-banho-de-ouro-18k/,https://marquesasemijoias.com.br/produtos/brinco-gota-dupla-pequena-banho-de-ouro-18k/,Brinco Gota Dupla Pequena Ouro 18k Leveza e Movimento,Brinco Gota Dupla Pequena Banho de Ouro 18k | Marquesa,"Brinco gota dupla pequena com banho de ouro 18k, leve e com movimento delicado. Semijoia hipoalergênica com garantia. Compre agora!","Brinco Gota Dupla Pequena Banho de Ouro 18k. Medida: aprox. 1,0 cm. Confira os detalhes.",VALIDATED,FACTUAL_METADATA_AND_FAMILY_USE_CONTEXT,PUBLIC_VALIDATED,True,NEW_CONTENT_WRITE,True,True,True,False,UNCHANGED,True,True,True,2026-10-09T00:00:02.553Z,2026-10-16T00:00:02.553000+00:00,2026-11-06T00:00:02.553000+00:00,2026-12-04T00:00:02.553000+00:00,2027-01-01T00:00:02.553000+00:00
359281448,172645,https://marquesasemijoias.com.br/produtos/brinco-gota-cristal-p-banho-de-ouro-18k/,https://marquesasemijoias.com.br/produtos/brinco-gota-cristal-p-banho-de-ouro-18k/,Brinco Gota Cristal P Ouro 18k Elegância Discreta,Brinco Gota Cristal Pequena Banho de Ouro 18k | Marquesa,"Brinco gota com cristal e banho de ouro 18k, discreto e sofisticado para todos os dias. Semijoia hipoalergênica. Compre já e ilumine seu visual!","Brinco Gota Cristal Pequena Banho de Ouro 18k. Medida: aprox. 0,5 cm. Confira os detalhes.",VALIDATED,FACTUAL_METADATA_AND_FAMILY_USE_CONTEXT,PUBLIC_VALIDATED,True,NEW_CONTENT_WRITE,False,True,True,False,UNCHANGED,True,True,True,2026-10-09T00:00:10.537Z,2026-10-16T00:00:10.537000+00:00,2026-11-06T00:00:10.537000+00:00,2026-12-04T00:00:10.537000+00:00,2027-01-01T00:00:10.537000+00:00
359281465,136011,https://marquesasemijoias.com.br/produtos/argola-coracao-cristal-p-banho-de-ouro-18k/,https://marquesasemijoias.com.br/produtos/argola-coracao-cristal-p-banho-de-ouro-18k/,Argola Coração Cristal P Ouro 18k Leveza e Brilho,Argola Coração Cristal Pequena Banho de Ouro 18k | Marquesa,"Argola coração com cristal e banho de ouro 18k, leve e cheia de charme para o dia a dia. Semijoia hipoalergênica. Compre e realce seu estilo!","Argola Coração Cristal Pequena Banho de Ouro 18k. Medida: aprox. 1,5 cm. Confira os detalhes.",VALIDATED,FACTUAL_METADATA_AND_FAMILY_USE_CONTEXT,PUBLIC_VALIDATED,True,NEW_CONTENT_WRITE,False,True,True,False,UNCHANGED,True,True,True,2026-10-09T00:00:18.620Z,2026-10-16T00:00:18.620000+00:00,2026-11-06T00:00:18.620000+00:00,2026-12-04T00:00:18.620000+00:00,2027-01-01T00:00:18.620000+00:00
359281480,161115,https://marquesasemijoias.com.br/produtos/brinco-coracao-turmalina-m-banho-de-ouro-18k/,https://marquesasemijoias.com.br/produtos/brinco-coracao-turmalina-m-banho-de-ouro-18k/,Brinco Coração Turmalina M Ouro 18k Cor e Elegância,Brinco Coração Turmalina Média Banho de Ouro 18k | Marquesa,"Brinco coração com turmalina e banho de ouro 18k, tamanho médio e acabamento sofisticado. Semijoia hipoalergênica. Compre agora e use com tudo!","Brinco Coração Turmalina Média Banho de Ouro 18k. Medida: aprox. 0,5 cm. Confira os detalhes.",VALIDATED,FACTUAL_METADATA_AND_FAMILY_USE_CONTEXT,PUBLIC_VALIDATED,True,NEW_CONTENT_WRITE,True,True,True,False,UNCHANGED,True,True,True,2026-10-09T00:00:26.772Z,2026-10-16T00:00:26.772000+00:00,2026-11-06T00:00:26.772000+00:00,2026-12-04T00:00:26.772000+00:00,2027-01-01T00:00:26.772000+00:00
359281485,161114,https://marquesasemijoias.com.br/produtos/brinco-coracao-turmalina-p-banho-de-ouro-18k/,https://marquesasemijoias.com.br/produtos/brinco-coracao-turmalina-p-banho-de-ouro-18k/,Brinco Coração Turmalina P Ouro 18k Brilho Delicado,Brinco Coração Turmalina Pequena Banho de Ouro 18k | Marquesa,"Brinco coração com turmalina e banho de ouro 18k, pequeno e cheio de brilho. Semijoia hipoalergênica com 1 ano de garantia. Compre já!","Brinco Coração Turmalina Pequena Banho de Ouro 18k. Medida: aprox. 0,4 cm. Confira os detalhes.",VALIDATED,FACTUAL_METADATA_AND_FAMILY_USE_CONTEXT,PUBLIC_VALIDATED,True,NEW_CONTENT_WRITE,True,True,True,False,UNCHANGED,True,True,True,2026-10-09T00:00:34.734Z,2026-10-16T00:00:34.734000+00:00,2026-11-06T00:00:34.734000+00:00,2026-12-04T00:00:34.734000+00:00,2027-01-01T00:00:34.734000+00:00
360249430,381718,https://marquesasemijoias.com.br/produtos/colar-nossa-senhora-gota-cravejada-banho-de-ouro-18k-4b8kf/,https://marquesasemijoias.com.br/produtos/colar-nossa-senhora-gota-cravejada-banho-de-ouro-18k-4b8kf/,Colar Nossa Senhora Gota Cravejada Ouro 18k - Fé e Elegância,Colar Nossa Senhora Gota Cravejada Banho de Ouro 18k | Marquesa,"Colar Nossa Senhora gota cravejada banhado a ouro 18k, 35cm + extensor. Semijoia delicada que une fé e sofisticação. Compre já e brilhe com proteção!","Colar Nossa Senhora Gota Cravejada Banho de Ouro 18k. Medida: 45 cm + 5,0 cm extensor. Confira os detalhes.",VALIDATED,FACTUAL_METADATA_AND_FAMILY_USE_CONTEXT,PUBLIC_VALIDATED,True,NEW_CONTENT_WRITE,False,True,True,False,UNCHANGED,True,True,True,2026-10-09T00:00:42.787Z,2026-10-16T00:00:42.787000+00:00,2026-11-06T00:00:42.787000+00:00,2026-12-04T00:00:42.787000+00:00,2027-01-01T00:00:42.787000+00:00
247103799,467183,https://marquesasemijoias.com.br/produtos/anel-minimalista-cruz-prata-925/,https://marquesasemijoias.com.br/produtos/anel-minimalista-cruz-prata-925/,Anel Cruz Prata 925 - Estilo e Fé Minimalista,Anel Cruz Prata 925 - Estilo e Fé Minimalista,"Anel feminino minimalista com cruz em prata 925. Delicado, moderno e cheio de significado. Ideal para usar no dia a dia ou presentear com fé.","Anel feminino minimalista com cruz em prata 925. Delicado, moderno e cheio de significado. Ideal para usar no dia a dia ou presentear com fé.",SKIPPED,NO_LONGER_SELLABLE_AT_RESUME_PRESERVE,NO_LONGER_SELLABLE_AT_RESUME_PRESERVE,False,PRESERVED_NO_WRITE,False,False,False,False,UNCHANGED,,,True,,,,,
288496247,165683,https://marquesasemijoias.com.br/produtos/colar-cruz-grande-cravejada-em-zirconias-banho-de-ouro-18k/,https://marquesasemijoias.com.br/produtos/colar-cruz-grande-cravejada-em-zirconias-banho-de-ouro-18k/,Colar Cruz Grande com Zircônias Ouro 18K Elegância e Fé,Colar Cruz Grande com Zircônias Ouro 18K Elegância e Fé,Colar Cruz Grande cravejado em zircônias com banho de ouro 18K. Peça elegante e durável que destaca seu estilo e fé. Compre agora e brilhe!,Colar Cruz Grande cravejado em zircônias com banho de ouro 18K. Peça elegante e durável que destaca seu estilo e fé. Compre agora e brilhe!,SKIPPED,NO_SELLABLE_VARIANT_PRESERVE,NO_SELLABLE_VARIANT_PRESERVE,False,PRESERVED_NO_WRITE,False,False,False,False,UNCHANGED,,,True,,,,,
288496298,[private snapshot],[private snapshot],[private snapshot],[private snapshot],[private snapshot],[private snapshot],[private snapshot],SKIPPED,HIDDEN_OR_UNPUBLISHED_PRESERVE,HIDDEN_OR_UNPUBLISHED_PRESERVE,False,PRESERVED_NO_WRITE,False,False,False,False,UNCHANGED,,,,,,,,
247103449,443929,https://marquesasemijoias.com.br/produtos/anel-coracao-croissant-detalhes-em-rodio-banho-de-ouro-18k/,https://marquesasemijoias.com.br/produtos/anel-coracao-croissant-detalhes-em-rodio-banho-de-ouro-18k/,"Anel Coração Croissant Romântico, Fashion","Anel Coração Croissant Romântico, Fashion","Anel feminino coração croissant com banho de ouro 18k e detalhes em ródio. Sofisticado, moderno e romântico. Ideal para compor mix de anéis.","Anel feminino coração croissant com banho de ouro 18k e detalhes em ródio. Sofisticado, moderno e romântico. Ideal para compor mix de anéis.",SKIPPED,EXISTING_CONTENT_SUFFICIENT,EXISTING_CONTENT_SUFFICIENT,True,PRESERVED_NO_WRITE,False,False,False,False,UNCHANGED,,,True,,,,,
253316317,387876,https://marquesasemijoias.com.br/produtos/anel-solitario-com-pedra-de-zirconia-prata-9251/,https://marquesasemijoias.com.br/produtos/anel-solitario-com-pedra-de-zirconia-prata-9251/,Anel Solitário Zircônia Prata 925 Elegância,Anel Solitário Zircônia Prata 925 Elegância,"Descubra o Anel Solitário com Zircônia em Prata 925, ideal para noivados e uso diário. Garanta sua beleza e elegância! Compre agora.","Descubra o Anel Solitário com Zircônia em Prata 925, ideal para noivados e uso diário. Garanta sua beleza e elegância! Compre agora.",SKIPPED,NO_LONGER_SELLABLE_AT_RESUME_PRESERVE,NO_LONGER_SELLABLE_AT_RESUME_PRESERVE,False,PRESERVED_NO_WRITE,False,False,False,False,UNCHANGED,,,True,,,,,
267706378,144953,https://marquesasemijoias.com.br/produtos/brinco-argola-coracao-cravejado-zirconias-banho-de-ouro-18k/,https://marquesasemijoias.com.br/produtos/brinco-argola-coracao-cravejado-zirconias-banho-de-ouro-18k/,Brinco Argola Coração Cravejado Zircônias Ouro 18k,Brinco Argola Coração Cravejado Banho Ouro 18k | Marquesa,"Brinco Argola Coração em Ouro 18k com zircônias. Peça romântica e sofisticada, perfeita para brilhar em qualquer ocasião. Adquira já o seu!","Brinco Argola Coração Cravejado Zircônias Banho de Ouro 18k. Medida: aprox. 1,8 cm. Confira os detalhes.",VALIDATED,FACTUAL_METADATA_AND_FAMILY_USE_CONTEXT,PUBLIC_VALIDATED,True,NEW_CONTENT_WRITE,False,True,True,False,UNCHANGED,True,True,True,2026-10-09T00:00:51.114Z,2026-10-16T00:00:51.114000+00:00,2026-11-06T00:00:51.114000+00:00,2026-12-04T00:00:51.114000+00:00,2027-01-01T00:00:51.114000+00:00
267985210,314654,https://marquesasemijoias.com.br/produtos/colar-arvore-da-vida-zirconias-coloridas-banho-de-ouro-18k/,https://marquesasemijoias.com.br/produtos/colar-arvore-da-vida-zirconias-coloridas-banho-de-ouro-18k/,Colar Árvore da Vida com Zircônias Coloridas Ouro 18k,Colar Árvore da Vida Zircônias Banho Ouro 18k | Marquesa,"Colar Árvore da Vida com zircônias coloridas em banho de ouro 18k, símbolo de força e renovação.","Colar Árvore da Vida com zircônias coloridas em banho de ouro 18k, símbolo de força e renovação.",VALIDATED,FACTUAL_METADATA_AND_FAMILY_USE_CONTEXT,PUBLIC_VALIDATED,True,NEW_CONTENT_WRITE,False,True,False,False,UNCHANGED,True,True,True,2026-10-09T00:00:59.348Z,2026-10-16T00:00:59.348000+00:00,2026-11-06T00:00:59.348000+00:00,2026-12-04T00:00:59.348000+00:00,2027-01-01T00:00:59.348000+00:00
268011166,737010,https://marquesasemijoias.com.br/produtos/pulseira-folhas-duplas-texturizada-banho-de-ouro-18k/,https://marquesasemijoias.com.br/produtos/pulseira-folhas-duplas-texturizada-banho-de-ouro-18k/,Pulseira Folhas Duplas Texturizada Ouro 18k Estilo,Pulseira Folhas Duplas Texturizada Banho de Ouro 18k | Marquesa,Descubra a Pulseira Folhas Duplas Texturizada banhada a ouro 18k. Uma joia autoral que combina beleza e estilo. Adquira já a sua!,"Pulseira Folhas Duplas Texturizada Banho de Ouro 18k. Medida: 15 cm + 5,0 cm de extensor. Confira os detalhes.",VALIDATED,FACTUAL_METADATA_AND_FAMILY_USE_CONTEXT,PUBLIC_VALIDATED,True,NEW_CONTENT_WRITE,False,True,True,False,UNCHANGED,True,True,True,2026-10-09T00:01:07.580Z,2026-10-16T00:01:07.580000+00:00,2026-11-06T00:01:07.580000+00:00,2026-12-04T00:01:07.580000+00:00,2027-01-01T00:01:07.580000+00:00
268036972,771536,https://marquesasemijoias.com.br/produtos/colar-quadrado-perolado-cravejado-banho-de-ouro-18k/,https://marquesasemijoias.com.br/produtos/colar-quadrado-perolado-cravejado-banho-de-ouro-18k/,Conjunto Quadrado Perolado com Ouro 18k e Zircônias,Colar Quadrado Perolado Cravejado Banho de Ouro 18k | Marquesa,"Conjunto quadrado perolado cravejado em banho de ouro 18k, com zircônias brilhantes. Elegância e sofisticação para qualquer ocasião. Compre já!","Conjunto quadrado perolado cravejado em banho de ouro 18k, com zircônias brilhantes. Elegância e sofisticação para qualquer ocasião. Compre já!",VALIDATED,FACTUAL_METADATA_AND_FAMILY_USE_CONTEXT,PUBLIC_VALIDATED,True,NEW_CONTENT_WRITE,False,True,False,False,UNCHANGED,True,True,True,2026-10-09T00:01:15.604Z,2026-10-16T00:01:15.604000+00:00,2026-11-06T00:01:15.604000+00:00,2026-12-04T00:01:15.604000+00:00,2027-01-01T00:01:15.604000+00:00
280062846,324092,https://marquesasemijoias.com.br/produtos/pulseira-esfera-quadrada-banho-de-ouro-18k/,https://marquesasemijoias.com.br/produtos/pulseira-esfera-quadrada-banho-de-ouro-18k/,Pulseira Cubos Ouro 18k Estilo Moderno e Sofisticado,Pulseira Cubos Ouro 18k Estilo Moderno e Sofisticado,Pulseira Cubos Banho de Ouro 18k com design clean e moderno. Destaque seu estilo com sofisticação. Compre agora e realce seu visual!,Pulseira Cubos Banho de Ouro 18k com design clean e moderno. Destaque seu estilo com sofisticação. Compre agora e realce seu visual!,SKIPPED,NO_LONGER_SELLABLE_AT_RESUME_PRESERVE,NO_LONGER_SELLABLE_AT_RESUME_PRESERVE,False,PRESERVED_NO_WRITE,False,False,False,False,UNCHANGED,,,True,,,,,
280064080,376470,https://marquesasemijoias.com.br/produtos/pulseira-zig-zag-banho-de-ouro-18k/,https://marquesasemijoias.com.br/produtos/pulseira-zig-zag-banho-de-ouro-18k/,Pulseira ZigZag Ouro 18K Design Moderno e Autêntico,Pulseira Zig Zag Banho de Ouro 18K | Marquesa,"Pulseira ZigZag com banho de ouro 18K, design único que valoriza seu estilo. Garanta já essa peça moderna e autêntica para transformar seu look!",Pulseira Zig Zag Banho de Ouro 18K. Medida: 15 cm + 5 cm extensor. Confira os detalhes.,VALIDATED,FACTUAL_METADATA_AND_FAMILY_USE_CONTEXT,PUBLIC_VALIDATED,True,NEW_CONTENT_WRITE,False,True,True,False,UNCHANGED,True,True,True,2026-10-09T00:01:23.639Z,2026-10-16T00:01:23.639000+00:00,2026-11-06T00:01:23.639000+00:00,2026-12-04T00:01:23.639000+00:00,2027-01-01T00:01:23.639000+00:00
281073712,179468,https://marquesasemijoias.com.br/produtos/brinco-coracao-colorido-infantil-banho-de-ouro-18k/,https://marquesasemijoias.com.br/produtos/brinco-coracao-colorido-infantil-banho-de-ouro-18k/,Brinco Coração Colorido Infantil Ouro 18k Alegria,Brinco Coração Colorido Infantil Ouro 18k Alegria,"Encante as pequenas com o Brinco Coração Colorido Infantil em Ouro 18k. Brilho, cor e durabilidade para momentos especiais! Adquira já o seu!","Encante as pequenas com o Brinco Coração Colorido Infantil em Ouro 18k. Brilho, cor e durabilidade para momentos especiais! Adquira já o seu!",SKIPPED,NO_LONGER_SELLABLE_AT_RESUME_PRESERVE,NO_LONGER_SELLABLE_AT_RESUME_PRESERVE,False,PRESERVED_NO_WRITE,False,False,False,False,UNCHANGED,,,True,,,,,
281082713,315610,https://marquesasemijoias.com.br/produtos/anel-regulavel-cravejado-banho-de-prata/,https://marquesasemijoias.com.br/produtos/anel-regulavel-cravejado-banho-de-prata/,Anel Regulável Cravejado em Banho de Prata Elegante,Anel Regulável Cravejado em Banho de Prata Elegante,"Descubra o Anel Regulável Cravejado em Banho de Prata, com zircônias brilhantes e ajuste perfeito. Compre agora!",Anel Regulável Cravejado Banho de Prata. Use sozinho ou em um mix de anéis. Confira os detalhes.,VALIDATED,FACTUAL_METADATA_AND_FAMILY_USE_CONTEXT,PUBLIC_VALIDATED,True,NEW_CONTENT_WRITE,True,False,True,False,UNCHANGED,True,True,True,2026-10-09T00:01:33.930Z,2026-10-16T00:01:33.930000+00:00,2026-11-06T00:01:33.930000+00:00,2026-12-04T00:01:33.930000+00:00,2027-01-01T00:01:33.930000+00:00
288496280,371010,https://marquesasemijoias.com.br/produtos/colar-canutilho-e-esfera-banho-de-ouro-18k/,https://marquesasemijoias.com.br/produtos/colar-canutilho-e-esfera-banho-de-ouro-18k/,Colar Canutilho e Esfera Ouro 18k Delicado,Colar Canutilho e Esfera Banho de Ouro 18k | Marquesa,"Colar Canutilho e Esfera em banho de ouro 18k, com design minimalista e brilho intenso. Compre agora e realce seu estilo!","Colar Canutilho e Esfera em banho de ouro 18k, com design minimalista e brilho intenso. Compre agora e realce seu estilo!",VALIDATED,FACTUAL_METADATA_AND_FAMILY_USE_CONTEXT,PUBLIC_VALIDATED,True,NEW_CONTENT_WRITE,False,True,False,False,UNCHANGED,True,True,True,2026-10-09T00:01:42.328Z,2026-10-16T00:01:42.328000+00:00,2026-11-06T00:01:42.328000+00:00,2026-12-04T00:01:42.328000+00:00,2027-01-01T00:01:42.328000+00:00
288496312,321102,https://marquesasemijoias.com.br/produtos/colar-gargatilha-quatro-bolas-banho-de-ouro-18k-exeyy/,https://marquesasemijoias.com.br/produtos/colar-gargatilha-quatro-bolas-banho-de-ouro-18k-exeyy/,Gargantilha Quatro Bolas Ouro 18k Elegância Minimalista,Gargantilha Quatro Bolas Ouro 18k Elegância Minimalista,"Gargantilha Quatro Bolas banho ouro 18k com design delicado e brilho sutil. Versátil e sofisticada, perfeita para qualquer ocasião. Compre já!","Gargantilha Quatro Bolas banho ouro 18k com design delicado e brilho sutil. Versátil e sofisticada, perfeita para qualquer ocasião. Compre já!",SKIPPED,NO_LONGER_SELLABLE_AT_RESUME_PRESERVE,NO_LONGER_SELLABLE_AT_RESUME_PRESERVE,False,PRESERVED_NO_WRITE,False,False,False,False,UNCHANGED,,,True,,,,,
288496319,682250,https://marquesasemijoias.com.br/produtos/colar-piastrine-50cm-banho-de-ouro-18k/,https://marquesasemijoias.com.br/produtos/colar-piastrine-50cm-banho-de-ouro-18k/,Colar Piastrine 50cm Ouro 18k Elegância e Durabilidade,Colar Piastrine Banho de Ouro 18k — 50 cm,"Colar Piastrine 50cm com banho de ouro 18k, design sofisticado e brilho intenso. Perfeito para looks minimalistas ou com pingentes. Compre já!",Colar Piastrine Banho de Ouro 18k. 50 cm. Veja na Marquesa.,VALIDATED,FACTUAL_METADATA_AND_FAMILY_USE_CONTEXT,PUBLIC_VALIDATED,True,NEW_CONTENT_WRITE,True,True,True,False,UNCHANGED,True,True,True,2026-10-09T00:01:50.509Z,2026-10-16T00:01:50.509000+00:00,2026-11-06T00:01:50.509000+00:00,2026-12-04T00:01:50.509000+00:00,2027-01-01T00:01:50.509000+00:00
288496322,520638,https://marquesasemijoias.com.br/produtos/pulseira-mini-coracoes-banho-de-ouro-18k/,https://marquesasemijoias.com.br/produtos/pulseira-mini-coracoes-banho-de-ouro-18k/,Pulseira Mini Corações Ouro 18k Delicada e Sofisticada,Pulseira Mini Corações Banho de Ouro 18k | Marquesa,"Pulseira Mini Corações Banho de Ouro 18k, delicada e elegante. Compre agora e destaque seu estilo com sofisticação!","Pulseira Mini Corações Banho de Ouro 18k, delicada e elegante. Compre agora e destaque seu estilo com sofisticação!",VALIDATED,FACTUAL_METADATA_AND_FAMILY_USE_CONTEXT,PUBLIC_VALIDATED,True,NEW_CONTENT_WRITE,False,True,False,False,UNCHANGED,True,True,True,2026-10-09T00:01:58.700Z,2026-10-16T00:01:58.700000+00:00,2026-11-06T00:01:58.700000+00:00,2026-12-04T00:01:58.700000+00:00,2027-01-01T00:01:58.700000+00:00
288496356,696179,https://marquesasemijoias.com.br/produtos/pulseira-elos-grandes-banho-de-ouro-18k/,https://marquesasemijoias.com.br/produtos/pulseira-elos-grandes-banho-de-ouro-18k/,Pulseira Elos Grandes Ouro 18k - Estilo e Sofisticação,Pulseira Elos Grandes Banho de Ouro 18k | Marquesa,Pulseira Elos Grandes Banho de Ouro 18k com design moderno e brilho intenso. Perfeita para looks elegantes e versáteis. Garanta a sua agora!,"Pulseira Elos Grandes Banho de Ouro 18k. Medida: 14 cm + 5,0 cm extensor. Confira os detalhes.",VALIDATED,FACTUAL_METADATA_AND_FAMILY_USE_CONTEXT,PUBLIC_VALIDATED,True,NEW_CONTENT_WRITE,False,True,True,False,UNCHANGED,True,True,True,2026-10-09T00:02:06.682Z,2026-10-16T00:02:06.682000+00:00,2026-11-06T00:02:06.682000+00:00,2026-12-04T00:02:06.682000+00:00,2027-01-01T00:02:06.682000+00:00
288496415,174404,https://marquesasemijoias.com.br/produtos/brinco-ponto-de-luz-banho-de-ouro-18k/,https://marquesasemijoias.com.br/produtos/brinco-ponto-de-luz-banho-de-ouro-18k/,Brinco Ponto de Luz Ouro 18k - Delicado e Sofisticado,"Brinco Ponto de Luz Banho de Ouro 18k — ≅ 0,4 cm",Brinco Ponto de Luz Banho de Ouro 18k com design minimalista e brilho intenso. Peça versátil e durável para todas as ocasiões. Compre já o seu!,"Brinco Ponto de Luz Banho de Ouro 18k. ≅ 0,4 cm. Veja na Marquesa.",VALIDATED,FACTUAL_METADATA_AND_FAMILY_USE_CONTEXT,PUBLIC_VALIDATED,True,NEW_CONTENT_WRITE,False,True,True,False,UNCHANGED,True,True,True,2026-10-09T00:02:11.864Z,2026-10-16T00:02:11.864000+00:00,2026-11-06T00:02:11.864000+00:00,2026-12-04T00:02:11.864000+00:00,2027-01-01T00:02:11.864000+00:00
288496430,138245,https://marquesasemijoias.com.br/produtos/argola-puffer-mini-banho-de-ouro-18k/,https://marquesasemijoias.com.br/produtos/argola-puffer-mini-banho-de-ouro-18k/,Argola Puffer Mini Ouro 18k: Estilo Moderno e Delicado,Argola Puffer Mini Banho de Ouro 18k | Marquesa,"Descubra a Argola Puffer Mini com banho em ouro 18k, design moderno e delicado. Leve, versátil e perfeita para looks do dia a dia. Compre já!","Descubra a Argola Puffer Mini com banho em ouro 18k, design moderno e delicado. Leve, versátil e perfeita para looks do dia a dia. Compre já!",VALIDATED,FACTUAL_METADATA_AND_FAMILY_USE_CONTEXT,PUBLIC_VALIDATED,True,NEW_CONTENT_WRITE,False,True,False,False,UNCHANGED,True,True,True,2026-10-09T00:02:19.972Z,2026-10-16T00:02:19.972000+00:00,2026-11-06T00:02:19.972000+00:00,2026-12-04T00:02:19.972000+00:00,2027-01-01T00:02:19.972000+00:00
288496437,384225,https://marquesasemijoias.com.br/produtos/piercing-circulos-zirconias-incolor-banho-de-ouro-18k/,https://marquesasemijoias.com.br/produtos/piercing-circulos-zirconias-incolor-banho-de-ouro-18k/,Piercing Círculos com Zircônias Incolor e Ouro 18k,Piercing Círculos Zircônias Incolor Banho de Ouro 18k | Marquesa,"Piercing círculos com zircônias incolores e banho ouro 18k, moderno e durável. Compre agora e destaque sua beleza!","Piercing Círculos Zircônias Incolor Banho de Ouro 18k. Medida: aprox. 1,4 cm. Confira os detalhes.",VALIDATED,FACTUAL_METADATA_AND_FAMILY_USE_CONTEXT,PUBLIC_VALIDATED,True,NEW_CONTENT_WRITE,False,True,True,False,UNCHANGED,True,True,True,2026-10-09T00:02:28.006Z,2026-10-16T00:02:28.006000+00:00,2026-11-06T00:02:28.006000+00:00,2026-12-04T00:02:28.006000+00:00,2027-01-01T00:02:28.006000+00:00
288496439,142295,https://marquesasemijoias.com.br/produtos/brinco-bola-lisa-banho-de-ouro-18k/,https://marquesasemijoias.com.br/produtos/brinco-bola-lisa-banho-de-ouro-18k/,Brinco Bola Lisa Ouro 18k Elegância e Versatilidade,Brinco Bola Lisa Banho de Ouro 18k | Marquesa,"Brinco Bola Lisa com banho de ouro 18k, design minimalista e brilho intenso. Leve e sofisticado, ideal para o dia a dia. Garanta já o seu!",Brinco Bola Lisa Banho de Ouro 18k. Destaque o desenho junto ao rosto. Confira os detalhes.,VALIDATED,FACTUAL_METADATA_AND_FAMILY_USE_CONTEXT,PUBLIC_VALIDATED,True,NEW_CONTENT_WRITE,True,True,True,False,UNCHANGED,True,True,True,2026-10-09T00:02:36.743Z,2026-10-16T00:02:36.743000+00:00,2026-11-06T00:02:36.743000+00:00,2026-12-04T00:02:36.743000+00:00,2027-01-01T00:02:36.743000+00:00
288496583,746448,https://marquesasemijoias.com.br/produtos/pulseira-entrelacada-banho-de-ouro-18k/,https://marquesasemijoias.com.br/produtos/pulseira-entrelacada-banho-de-ouro-18k/,Pulseira Entrelaçada Ouro 18k com Brilho e Sofisticação,Pulseira Entrelaçada Banho de Ouro 18k | Marquesa,"Pulseira entrelaçada com banho de ouro 18k, brilho intenso e design sofisticado. Garanta estilo e durabilidade. Compre agora e realce seu visual!",Pulseira Entrelaçada Banho de Ouro 18k. Medida: 18 cm. Confira os detalhes.,VALIDATED,FACTUAL_METADATA_AND_FAMILY_USE_CONTEXT,PUBLIC_VALIDATED,True,NEW_CONTENT_WRITE,False,True,True,False,UNCHANGED,True,True,True,2026-10-09T00:02:42.171Z,2026-10-16T00:02:42.171000+00:00,2026-11-06T00:02:42.171000+00:00,2026-12-04T00:02:42.171000+00:00,2027-01-01T00:02:42.171000+00:00
288496652,241194,https://marquesasemijoias.com.br/produtos/colar-esfera-oval-texturizada-banho-de-ouro-18k/,https://marquesasemijoias.com.br/produtos/colar-esfera-oval-texturizada-banho-de-ouro-18k/,Colar Esfera Oval Texturizada Ouro 18k Sofisticação,Colar Esfera Oval Texturizada Banho de Ouro 18k | Marquesa,"Colar Esfera Oval Texturizada com banho de ouro 18k, brilho intenso e design elegante. Garanta já um toque de luxo e destaque seu estilo!",Colar Esfera Oval Texturizada Banho de Ouro 18k. Medida: 35 cm + 10 cm extensor. Confira os detalhes.,VALIDATED,FACTUAL_METADATA_AND_FAMILY_USE_CONTEXT,PUBLIC_VALIDATED,True,NEW_CONTENT_WRITE,False,True,True,False,UNCHANGED,True,True,True,2026-10-09T00:02:50.348Z,2026-10-16T00:02:50.348000+00:00,2026-11-06T00:02:50.348000+00:00,2026-12-04T00:02:50.348000+00:00,2027-01-01T00:02:50.348000+00:00
288496676,192897,https://marquesasemijoias.com.br/produtos/argola-grande-triangular-lisa-banho-de-ouro-18k/,https://marquesasemijoias.com.br/produtos/argola-grande-triangular-lisa-banho-de-ouro-18k/,Argolas Grandes Triangulares Lisa Ouro 18k Sofisticação,Argola Grande Triangular Lisa Banho de Ouro 18k | Marquesa,"Argolas grandes triangulares lisas com banho de ouro 18k. Design exclusivo, brilho intenso e durabilidade. Garanta estilo e elegância, compre já!","Argola Grande Triangular Lisa Banho de Ouro 18k. Medida: aprox. 2,1 cm. Confira os detalhes.",VALIDATED,FACTUAL_METADATA_AND_FAMILY_USE_CONTEXT,PUBLIC_VALIDATED,True,NEW_CONTENT_WRITE,False,True,True,False,UNCHANGED,True,True,True,2026-10-09T00:02:55.204Z,2026-10-16T00:02:55.204000+00:00,2026-11-06T00:02:55.204000+00:00,2026-12-04T00:02:55.204000+00:00,2027-01-01T00:02:55.204000+00:00
288496687,127760,https://marquesasemijoias.com.br/produtos/argola-media-organica-banho-de-ouro-18k/,https://marquesasemijoias.com.br/produtos/argola-media-organica-banho-de-ouro-18k/,Argolas Média Orgânicas Ouro 18k Elegância e Sofisticaç,Argola Média Orgânica Banho de Ouro 18k | Marquesa,"Descubra as Argolas Média Orgânicas com banho em ouro 18k, design exclusivo e brilho duradouro. Compre já e realce seu estilo com sofisticação!","Descubra as Argolas Média Orgânicas com banho em ouro 18k, design exclusivo e brilho duradouro. Compre já e realce seu estilo com sofisticação!",VALIDATED,FACTUAL_METADATA_AND_FAMILY_USE_CONTEXT,PUBLIC_VALIDATED,True,NEW_CONTENT_WRITE,False,True,False,False,UNCHANGED,True,True,True,2026-10-09T00:03:03.362Z,2026-10-16T00:03:03.362000+00:00,2026-11-06T00:03:03.362000+00:00,2026-12-04T00:03:03.362000+00:00,2027-01-01T00:03:03.362000+00:00
288496689,127759,https://marquesasemijoias.com.br/produtos/argola-pequena-organica-banho-de-ouro-18k/,https://marquesasemijoias.com.br/produtos/argola-pequena-organica-banho-de-ouro-18k/,Argolas Pequenas Orgânicas Ouro 18k Delicadeza e Estilo,Argola Pequena Orgânica Banho de Ouro 18k | Marquesa,"Argolas pequenas orgânicas com banho de ouro 18k, delicadas e sofisticadas. Acesse já e realce seu visual com brilho duradouro e design moderno!","Argolas pequenas orgânicas com banho de ouro 18k, delicadas e sofisticadas. Acesse já e realce seu visual com brilho duradouro e design moderno!",VALIDATED,FACTUAL_METADATA_AND_FAMILY_USE_CONTEXT,PUBLIC_VALIDATED,True,NEW_CONTENT_WRITE,False,True,False,False,UNCHANGED,True,True,True,2026-10-09T00:03:11.803Z,2026-10-16T00:03:11.803000+00:00,2026-11-06T00:03:11.803000+00:00,2026-12-04T00:03:11.803000+00:00,2027-01-01T00:03:11.803000+00:00
288496723,388347,https://marquesasemijoias.com.br/produtos/pulseira-rivieras-tres-pontas-banho-de-ouro-18k-unxw0/,https://marquesasemijoias.com.br/produtos/pulseira-rivieras-tres-pontas-banho-de-ouro-18k-unxw0/,Pulseira Riviera Rubi 18k: Elegância e Brilho,Pulseira Rivieras Três Pontas Banho de Ouro 18k | Marquesa,"Pulseira Riviera Rubi banho 18k com cristais três pontas, durável e elegante. Destaque seu estilo! Compre agora e arrase em qualquer ocasião.",Pulseira Rivieras Três Pontas Banho de Ouro 18k. Medida: 17 cm. Confira os detalhes.,VALIDATED,FACTUAL_METADATA_AND_FAMILY_USE_CONTEXT,PUBLIC_VALIDATED,True,NEW_CONTENT_WRITE,True,True,True,False,UNCHANGED,True,True,True,2026-10-09T00:03:19.915Z,2026-10-16T00:03:19.915000+00:00,2026-11-06T00:03:19.915000+00:00,2026-12-04T00:03:19.915000+00:00,2027-01-01T00:03:19.915000+00:00
288496733,337770,https://marquesasemijoias.com.br/produtos/colar-choker-rivieratres-pontas-banho-de-ouro-18k-pzvun/,https://marquesasemijoias.com.br/produtos/colar-choker-rivieratres-pontas-banho-de-ouro-18k-pzvun/,Choker Riviera Rubi Três Pontas Ouro 18k Brilho,Colar Choker RivieraTrês Pontas Banho de Ouro 18k | Marquesa,"Choker Riviera Rubi com banho em ouro 18k, cristais rubi em três pontas. Elegante, durável e versátil. Compre agora e realce seu estilo!",Colar Choker RivieraTrês Pontas Banho de Ouro 18k. Medida: 40 cm. Confira os detalhes.,VALIDATED,FACTUAL_METADATA_AND_FAMILY_USE_CONTEXT,PUBLIC_VALIDATED,True,NEW_CONTENT_WRITE,False,True,True,False,UNCHANGED,True,True,True,2026-10-09T00:03:28.028Z,2026-10-16T00:03:28.028000+00:00,2026-11-06T00:03:28.028000+00:00,2026-12-04T00:03:28.028000+00:00,2027-01-01T00:03:28.028000+00:00
288496737,637265,https://marquesasemijoias.com.br/produtos/pulseira-infantil-masculina-grume-banho-de-ouro-18k/,https://marquesasemijoias.com.br/produtos/pulseira-infantil-masculina-grume-banho-de-ouro-18k/,Pulseira Infantil Masculina Grume Ouro 18k Estilo,Pulseira Infantil Masculina Grume Banho de Ouro 18k — 13 cm,"Pulseira Infantil Masculina Grume banho ouro 18k, resistente e elegante. Garanta já essa semijoia única!",Pulseira Infantil Masculina Grume Banho de Ouro 18k. 13 cm. Veja na Marquesa.,VALIDATED,FACTUAL_METADATA_AND_FAMILY_USE_CONTEXT,PUBLIC_VALIDATED,True,NEW_CONTENT_WRITE,False,True,True,False,UNCHANGED,True,True,True,2026-10-09T00:03:36.287Z,2026-10-16T00:03:36.287000+00:00,2026-11-06T00:03:36.287000+00:00,2026-12-04T00:03:36.287000+00:00,2027-01-01T00:03:36.287000+00:00
288496755,326603,https://marquesasemijoias.com.br/produtos/pulseira-trabalhada-grande-banho-de-ouro-18k/,https://marquesasemijoias.com.br/produtos/pulseira-trabalhada-grande-banho-de-ouro-18k/,Pulseira Trabalhada Grande Ouro 18k com Design,Pulseira Trabalhada Grande Banho de Ouro 18k | Marquesa,"Pulseira trabalhada grande com banho de ouro 18k, brilho intenso e design marcante. Garanta já sofisticação e durabilidade para seu estilo único!","Pulseira Trabalhada Grande Banho de Ouro 18k. Medida: 15 cm + 4,5 cm extensor. Confira os detalhes.",VALIDATED,FACTUAL_METADATA_AND_FAMILY_USE_CONTEXT,PUBLIC_VALIDATED,True,NEW_CONTENT_WRITE,True,True,True,False,UNCHANGED,True,True,True,2026-10-09T00:03:44.079Z,2026-10-16T00:03:44.079000+00:00,2026-11-06T00:03:44.079000+00:00,2026-12-04T00:03:44.079000+00:00,2027-01-01T00:03:44.079000+00:00
288496758,433915,https://marquesasemijoias.com.br/produtos/pulseira-tres-coracoes-lisos-esticadinho-banho-de-ouro-18k/,https://marquesasemijoias.com.br/produtos/pulseira-tres-coracoes-lisos-esticadinho-banho-de-ouro-18k/,Pulseira Três Corações Ouro 18k Design Delicado,Pulseira Três Corações Lisos Banho de Ouro 18k | Marquesa,"Pulseira Três Corações lisos banhada a Ouro 18k, ajustável e sofisticada. Compre agora e valorize seu estilo!","Pulseira Três Corações Lisos Esticadinho Banho de Ouro 18k. Medida: 15 cm + 5,0 cm extensor. Confira os detalhes.",VALIDATED,FACTUAL_METADATA_AND_FAMILY_USE_CONTEXT,PUBLIC_VALIDATED,True,NEW_CONTENT_WRITE,False,True,True,False,UNCHANGED,True,True,True,2026-10-09T00:03:52.286Z,2026-10-16T00:03:52.286000+00:00,2026-11-06T00:03:52.286000+00:00,2026-12-04T00:03:52.286000+00:00,2027-01-01T00:03:52.286000+00:00
288496799,359219,https://marquesasemijoias.com.br/produtos/pulseira-fita-torcida-banho-de-ouro-18k/,https://marquesasemijoias.com.br/produtos/pulseira-fita-torcida-banho-de-ouro-18k/,Pulseira Fita Torcida 2mm Ouro 18k Delicada,Pulseira Fita Torcida 2mm Ouro 18k Delicada,"Pulseira fita torcida 2mm com banho ouro 18k, leve e elegante. Ideal para uso diário ou eventos. Garanta já seu brilho e estilo único!","Pulseira fita torcida 2mm com banho ouro 18k, leve e elegante. Ideal para uso diário ou eventos. Garanta já seu brilho e estilo único!",SKIPPED,NO_LONGER_SELLABLE_AT_RESUME_PRESERVE,NO_LONGER_SELLABLE_AT_RESUME_PRESERVE,False,PRESERVED_NO_WRITE,False,False,False,False,UNCHANGED,,,True,,,,,
288496806,435028,https://marquesasemijoias.com.br/produtos/pulseira-coracao-banho-de-ouro-18k/,https://marquesasemijoias.com.br/produtos/pulseira-coracao-banho-de-ouro-18k/,Pulseira Coração 5mm Ouro 18k - Delicada e Sofisticada,Pulseira Coração Banho de Ouro 18k | Marquesa,"Pulseira Coração 5mm banhada a ouro 18k, com design delicado e brilho intenso. Garanta charme e durabilidade para seu visual. Compre agora!",Pulseira Coração Banho de Ouro 18k. Medida: 17 cm. Confira os detalhes.,VALIDATED,FACTUAL_METADATA_AND_FAMILY_USE_CONTEXT,PUBLIC_VALIDATED,True,NEW_CONTENT_WRITE,False,True,True,False,UNCHANGED,True,True,True,2026-10-09T00:04:00.542Z,2026-10-16T00:04:00.542000+00:00,2026-11-06T00:04:00.542000+00:00,2026-12-04T00:04:00.542000+00:00,2027-01-01T00:04:00.542000+00:00
288496812,416368,https://marquesasemijoias.com.br/produtos/pulseira-esfera-maior-e-menor-banho-de-ouro-18k/,https://marquesasemijoias.com.br/produtos/pulseira-esfera-maior-e-menor-banho-de-ouro-18k/,Pulseira Esferas Ouro 18k Sofisticação e Delicadeza,Pulseira Esfera Maior e Menor Banho de Ouro 18k | Marquesa,"Pulseira Esfera Maior e Menor com banho de ouro 18k, design minimalista e brilho duradouro. Compre agora!","Pulseira Esfera Maior e Menor com banho de ouro 18k, design minimalista e brilho duradouro. Compre agora!",VALIDATED,FACTUAL_METADATA_AND_FAMILY_USE_CONTEXT,PUBLIC_VALIDATED,True,NEW_CONTENT_WRITE,False,True,False,False,UNCHANGED,True,True,True,2026-10-09T00:04:08.549Z,2026-10-16T00:04:08.549000+00:00,2026-11-06T00:04:08.549000+00:00,2026-12-04T00:04:08.549000+00:00,2027-01-01T00:04:08.549000+00:00
288496813,437453,https://marquesasemijoias.com.br/produtos/colar-folhas-duplas-texturizada-banho-de-ouro-18k/,https://marquesasemijoias.com.br/produtos/colar-folhas-duplas-texturizada-banho-de-ouro-18k/,Colar Folhas Duplas Texturizado Banho Ouro 18k Elegante,Colar Folhas Duplas Texturizado Banho Ouro 18k Elegante,Colar Folhas Duplas banhado a ouro 18k com design texturizado e sofisticado. Ideal para looks casuais e elegantes. Compre e realce seu estilo!,Colar Folhas Duplas Texturizada Banho de Ouro 18k. Medida: 35 cm + 5 cm extensor. Confira os detalhes.,VALIDATED,FACTUAL_METADATA_AND_FAMILY_USE_CONTEXT,PUBLIC_VALIDATED,True,NEW_CONTENT_WRITE,True,False,True,False,UNCHANGED,True,True,True,2026-10-09T00:04:16.832Z,2026-10-16T00:04:16.832000+00:00,2026-11-06T00:04:16.832000+00:00,2026-12-04T00:04:16.832000+00:00,2027-01-01T00:04:16.832000+00:00
296986774,110196,https://marquesasemijoias.com.br/produtos/brinco-cruz-zirconias-incolor-banho-de-ouro-18k/,https://marquesasemijoias.com.br/produtos/brinco-cruz-zirconias-incolor-banho-de-ouro-18k/,Brinco Cruz Zircônias Incolor Ouro 18k | Marquesa,Brinco Cruz Zircônias Incolor Ouro 18k | Marquesa,"Brinco cruz cravejado com zircônias incolores, banhado a ouro 18k. Sofisticação, fé e brilho em uma semijoia elegante e atemporal.","Brinco cruz cravejado com zircônias incolores, banhado a ouro 18k. Sofisticação, fé e brilho em uma semijoia elegante e atemporal.",SKIPPED,NO_LONGER_SELLABLE_AT_RESUME_PRESERVE,NO_LONGER_SELLABLE_AT_RESUME_PRESERVE,False,PRESERVED_NO_WRITE,False,False,False,False,UNCHANGED,,,True,,,,,
297051829,116764,https://marquesasemijoias.com.br/produtos/brinco-estrela-zirconias-incolor-banho-de-ouro-18k/,https://marquesasemijoias.com.br/produtos/brinco-estrela-zirconias-incolor-banho-de-ouro-18k/,Brinco Estrela Zircônias Incolor Ouro 18k | Marquesa,Brinco Estrela Zircônias Incolor Banho de Ouro 18k | Marquesa,"Brinco estrela com zircônias incolores, banhado a ouro 18k. Delicado, sofisticado e brilhante, perfeito para todos os looks femininos.","Brinco Estrela Zircônias Incolor Banho de Ouro 18k. Medida: aprox. 1,0 cm. Confira os detalhes.",VALIDATED,FACTUAL_METADATA_AND_FAMILY_USE_CONTEXT,PUBLIC_VALIDATED,True,NEW_CONTENT_WRITE,False,True,True,False,UNCHANGED,True,True,True,2026-10-09T00:04:22.429Z,2026-10-16T00:04:22.429000+00:00,2026-11-06T00:04:22.429000+00:00,2026-12-04T00:04:22.429000+00:00,2027-01-01T00:04:22.429000+00:00
297051909,154122,https://marquesasemijoias.com.br/produtos/brinco-laco-zirconias-incolor-banho-de-ouro-18k/,https://marquesasemijoias.com.br/produtos/brinco-laco-zirconias-incolor-banho-de-ouro-18k/,Brinco Laço Zircônias Incolor Ouro 18k | Marquesa,Brinco Laço Zircônias Incolor Banho de Ouro 18k | Marquesa,"Brinco laço com zircônias incolores, banhado a ouro 18k. Delicado, elegante e romântico, perfeito para todos os looks femininos.","Brinco Laço Zircônias Incolor Banho de Ouro 18k. Medida: aprox. 1,2 cm. Confira os detalhes.",VALIDATED,FACTUAL_METADATA_AND_FAMILY_USE_CONTEXT,PUBLIC_VALIDATED,True,NEW_CONTENT_WRITE,True,True,True,False,UNCHANGED,True,True,True,2026-10-09T00:04:27.596Z,2026-10-16T00:04:27.596000+00:00,2026-11-06T00:04:27.596000+00:00,2026-12-04T00:04:27.596000+00:00,2027-01-01T00:04:27.596000+00:00
297051958,125849,https://marquesasemijoias.com.br/produtos/brinco-borboleta-zirconias-incolor-banho-de-ouro-18k/,https://marquesasemijoias.com.br/produtos/brinco-borboleta-zirconias-incolor-banho-de-ouro-18k/,Brinco Borboleta Zircônias Incolor Ouro 18k | Marquesa,Brinco Borboleta Zircônias Incolor Banho de Ouro 18k | Marquesa,"Brinco borboleta cravejado com zircônias incolores, banhado a ouro 18k. Delicado, elegante e perfeito para compor qualquer look feminino.","Brinco Borboleta Zircônias Incolor Banho de Ouro 18k. Medida: aprox. 0,9 cm. Confira os detalhes.",VALIDATED,FACTUAL_METADATA_AND_FAMILY_USE_CONTEXT,PUBLIC_VALIDATED,True,NEW_CONTENT_WRITE,True,True,True,False,UNCHANGED,True,True,True,2026-10-09T00:04:35.878Z,2026-10-16T00:04:35.878000+00:00,2026-11-06T00:04:35.878000+00:00,2026-12-04T00:04:35.878000+00:00,2027-01-01T00:04:35.878000+00:00
305087055,853432,https://marquesasemijoias.com.br/produtos/colar-choker-elos-grandes-banho-de-ouro-18k-m9sm5/,https://marquesasemijoias.com.br/produtos/colar-choker-elos-grandes-banho-de-ouro-18k-m9sm5/,Colar Choker Elos Grandes Ouro 18k | Marquesa Semijoias,Colar Choker Elos Grandes Banho de Ouro 18k | Marquesa,"Choker de elos grandes banhada a ouro 18k. Moderna, elegante e marcante, perfeita para compor looks sofisticados e cheios de personalidade.",Colar Choker Elos Grandes Banho de Ouro 18k. Para usar próximo ao pescoço ou em mix de colares. Confira os detalhes.,VALIDATED,FACTUAL_METADATA_AND_FAMILY_USE_CONTEXT,PUBLIC_VALIDATED,True,NEW_CONTENT_WRITE,False,True,True,False,UNCHANGED,True,True,True,2026-10-09T00:04:44.186Z,2026-10-16T00:04:44.186000+00:00,2026-11-06T00:04:44.186000+00:00,2026-12-04T00:04:44.186000+00:00,2027-01-01T00:04:44.186000+00:00
305094187,486827,https://marquesasemijoias.com.br/produtos/colar-borboleta-azul-claro-banho-de-ouro-18k-omu8p/,https://marquesasemijoias.com.br/produtos/colar-borboleta-azul-claro-banho-de-ouro-18k-omu8p/,Colar Borboleta Azul Claro Ouro 18k Delicadeza que,Colar Borboleta Azul Claro Banho de Ouro 18k | Marquesa,"Colar borboleta azul claro banhado a ouro 18k. Delicado, moderno e cheio de charme, perfeito para realçar sua feminilidade com leveza.",Colar Borboleta Azul Claro Banho de Ouro 18k. Medida: 44 cm. Confira os detalhes.,VALIDATED,FACTUAL_METADATA_AND_FAMILY_USE_CONTEXT,PUBLIC_VALIDATED,True,NEW_CONTENT_WRITE,False,True,True,False,UNCHANGED,True,True,True,2026-10-09T00:04:52.681Z,2026-10-16T00:04:52.681000+00:00,2026-11-06T00:04:52.681000+00:00,2026-12-04T00:04:52.681000+00:00,2027-01-01T00:04:52.681000+00:00
305407499,586903,https://marquesasemijoias.com.br/produtos/colar-peixe-liso-banho-de-ouro-18k-qyy78/,https://marquesasemijoias.com.br/produtos/colar-peixe-liso-banho-de-ouro-18k-qyy78/,Colar Peixe Liso Ouro 18k O Charme Minimalista,Colar Peixe Liso Banho de Ouro 18k | Marquesa,"Colar peixe liso banhado a ouro 18k, inspirado na tendência Fisherman Core. Moderno, minimalista e perfeito para looks estilosos e leves.","Colar Peixe Liso Banho de Ouro 18k. Medida: 42,5 cm. Confira os detalhes.",VALIDATED,FACTUAL_METADATA_AND_FAMILY_USE_CONTEXT,PUBLIC_VALIDATED,True,NEW_CONTENT_WRITE,False,True,True,False,UNCHANGED,True,True,True,2026-10-09T00:05:01.136Z,2026-10-16T00:05:01.136000+00:00,2026-11-06T00:05:01.136000+00:00,2026-12-04T00:05:01.136000+00:00,2027-01-01T00:05:01.136000+00:00
305408421,425135,https://marquesasemijoias.com.br/produtos/colar-arredondado-com-cavalo-e-ferradura-banho-de-ouro-18k-udr93/,https://marquesasemijoias.com.br/produtos/colar-arredondado-com-cavalo-e-ferradura-banho-de-ouro-18k-udr93/,Colar Ouro 18k com Cavalo e Ferradura Elegância e Sorte,Colar Arredondado com Cavalo e Ferradura Banho de Ouro 18k | Marquesa,"Colar arredondado com cavalo e ferradura em banho de Ouro 18k, símbolo de sorte e estilo. Realce seu visual com essa peça única e sofisticada.",Colar Arredondado com Cavalo e Ferradura Banho de Ouro 18k. Medida: 44 cm. Confira os detalhes.,VALIDATED,FACTUAL_METADATA_AND_FAMILY_USE_CONTEXT,PUBLIC_VALIDATED,True,NEW_CONTENT_WRITE,True,True,True,False,UNCHANGED,True,True,True,2026-10-09T00:05:09.311Z,2026-10-16T00:05:09.311000+00:00,2026-11-06T00:05:09.311000+00:00,2026-12-04T00:05:09.311000+00:00,2027-01-01T00:05:09.311000+00:00
307905520,215328,https://marquesasemijoias.com.br/produtos/piercing-texturizado-banho-de-ouro-18k-rzvh7/,https://marquesasemijoias.com.br/produtos/piercing-texturizado-banho-de-ouro-18k-rzvh7/,Piercing Texturizado Ouro 18k Estilo e Conforto,Piercing Texturizado Banho de Ouro 18k | Marquesa,"Piercing texturizado com banho de ouro 18k, confortável e moderno. Realce seu visual com estilo e qualidade. Compre agora e arrase no look!","Piercing texturizado com banho de ouro 18k, confortável e moderno. Realce seu visual com estilo e qualidade. Compre agora e arrase no look!",VALIDATED,FACTUAL_METADATA_AND_FAMILY_USE_CONTEXT,PUBLIC_VALIDATED,True,NEW_CONTENT_WRITE,False,True,False,False,UNCHANGED,True,True,True,2026-10-09T00:05:17.424Z,2026-10-16T00:05:17.424000+00:00,2026-11-06T00:05:17.424000+00:00,2026-12-04T00:05:17.424000+00:00,2027-01-01T00:05:17.424000+00:00
307924446,234791,https://marquesasemijoias.com.br/produtos/berloque-filho-menino-banho-de-ouro-18k-6skae/,https://marquesasemijoias.com.br/produtos/berloque-filho-menino-banho-de-ouro-18k-6skae/,Berloque Filho Menino Ouro 18k Homenagem Delicada,Berloque Filho Menino Banho de Ouro 18k | Marquesa,"Berloque Filho Menino banhado a Ouro 18k, símbolo de amor e carinho. Design delicado ideal para mães e avós. Garanta o seu e eternize esse laço!","Berloque Filho Menino Banho de Ouro 18k. Medida: aprox. 2,6 cm. Confira os detalhes.",VALIDATED,FACTUAL_METADATA_AND_FAMILY_USE_CONTEXT,PUBLIC_VALIDATED,True,NEW_CONTENT_WRITE,False,True,True,False,UNCHANGED,True,True,True,2026-10-09T00:05:25.431Z,2026-10-16T00:05:25.431000+00:00,2026-11-06T00:05:25.431000+00:00,2026-12-04T00:05:25.431000+00:00,2027-01-01T00:05:25.431000+00:00
307931284,287389,https://marquesasemijoias.com.br/produtos/berloque-instagram-separador-banho-de-ouro-18k-8vr67/,https://marquesasemijoias.com.br/produtos/berloque-instagram-separador-banho-de-ouro-18k-8vr67/,Berloque Instagram Separador Ouro 18k Moderno,Berloque Instagram Separador Banho de Ouro 18k | Marquesa,"Berloque Instagram em banho de ouro 18k, com design moderno e brilho intenso. Ideal para quem ama redes sociais. Compre já e destaque seu estilo!","Berloque Instagram em banho de ouro 18k, com design moderno e brilho intenso. Ideal para quem ama redes sociais. Compre já e destaque seu estilo!",VALIDATED,FACTUAL_METADATA_AND_FAMILY_USE_CONTEXT,PUBLIC_VALIDATED,True,NEW_CONTENT_WRITE,False,True,False,False,UNCHANGED,True,True,True,2026-10-09T00:05:33.654Z,2026-10-16T00:05:33.654000+00:00,2026-11-06T00:05:33.654000+00:00,2026-12-04T00:05:33.654000+00:00,2027-01-01T00:05:33.654000+00:00
313645086,147803,https://marquesasemijoias.com.br/produtos/argola-triangular-cravejada-zirconias-banho-de-ouro-18k-rgw38/,https://marquesasemijoias.com.br/produtos/argola-triangular-cravejada-zirconias-banho-de-ouro-18k-rgw38/,Argola Triangular Cravejada com Zircônias Ouro 18k,Argola Triangular Cravejada com Zircônias Ouro 18k,"Descubra a Argola Triangular Cravejada com Zircônias em banho de ouro 18k, perfeita para um visual sofisticado e moderno. Compre já!","Descubra a Argola Triangular Cravejada com Zircônias em banho de ouro 18k, perfeita para um visual sofisticado e moderno. Compre já!",SKIPPED,NO_LONGER_SELLABLE_AT_RESUME_PRESERVE,NO_LONGER_SELLABLE_AT_RESUME_PRESERVE,False,PRESERVED_NO_WRITE,False,False,False,False,UNCHANGED,,,True,,,,,
313682328,164205,https://marquesasemijoias.com.br/produtos/brinco-infantil-coracoes-banho-de-ouro-18k-ncvli/,https://marquesasemijoias.com.br/produtos/brinco-infantil-coracoes-banho-de-ouro-18k-ncvli/,Brinco Infantil Corações Ouro 18k - Delicado e Seguro,Brinco Infantil Corações Banho de Ouro 18k | Marquesa,"Brinco infantil em formato de coração, banhado a ouro 18k, delicado e seguro para uso diário. Perfeito para presentear com amor e ternura.","Brinco Infantil Corações Banho de Ouro 18k. Medida: aprox. 1,3 cm. Confira os detalhes.",VALIDATED,FACTUAL_METADATA_AND_FAMILY_USE_CONTEXT,PUBLIC_VALIDATED,True,NEW_CONTENT_WRITE,False,True,True,False,UNCHANGED,True,True,True,2026-10-09T00:05:38.754Z,2026-10-16T00:05:38.754000+00:00,2026-11-06T00:05:38.754000+00:00,2026-12-04T00:05:38.754000+00:00,2027-01-01T00:05:38.754000+00:00
313739352,103578,https://marquesasemijoias.com.br/produtos/argola-retangular-zirconias-banho-de-ouro-18k-t4gql/,https://marquesasemijoias.com.br/produtos/argola-retangular-zirconias-banho-de-ouro-18k-t4gql/,Argola Retangular com Zircônias Ouro 18k Sofisticada,Argola Retangular Zircônias Banho de Ouro 18k | Marquesa,"Argola retangular moderna com zircônias e banho de ouro 18k, perfeita para elegância e versatilidade diárias. Compre já!","Argola retangular moderna com zircônias e banho de ouro 18k, perfeita para elegância e versatilidade diárias. Compre já!",VALIDATED,FACTUAL_METADATA_AND_FAMILY_USE_CONTEXT,PUBLIC_VALIDATED,True,NEW_CONTENT_WRITE,False,True,False,False,UNCHANGED,True,True,True,2026-10-09T00:05:43.909Z,2026-10-16T00:05:43.909000+00:00,2026-11-06T00:05:43.909000+00:00,2026-12-04T00:05:43.909000+00:00,2027-01-01T00:05:43.909000+00:00
313753297,111725,https://marquesasemijoias.com.br/produtos/brinco-retangular-banho-de-ouro-18k-q0th0/,https://marquesasemijoias.com.br/produtos/brinco-retangular-banho-de-ouro-18k-q0th0/,Brinco Retangular Ouro 18k Design Moderno e Sofisticado,Brinco Retangular Banho de Ouro 18k | Marquesa,"Brinco Retangular com banho de ouro 18k, design geométrico e acabamento liso. Peça versátil e elegante para looks contemporâneos. Compre já!","Brinco Retangular com banho de ouro 18k, design geométrico e acabamento liso. Peça versátil e elegante para looks contemporâneos. Compre já!",VALIDATED,FACTUAL_METADATA_AND_FAMILY_USE_CONTEXT,PUBLIC_VALIDATED,True,NEW_CONTENT_WRITE,False,True,False,False,UNCHANGED,True,True,True,2026-10-09T00:05:52.076Z,2026-10-16T00:05:52.076000+00:00,2026-11-06T00:05:52.076000+00:00,2026-12-04T00:05:52.076000+00:00,2027-01-01T00:05:52.076000+00:00
313755509,138909,https://marquesasemijoias.com.br/produtos/argola-pequena-com-zirconia-pendurada-banho-de-ouro-18k-q4sne/,https://marquesasemijoias.com.br/produtos/argola-pequena-com-zirconia-pendurada-banho-de-ouro-18k-q4sne/,Argola Pequena com Zircônia Pendurada Ouro 18k,Argola Pequena com Zircônia Pendurada Banho de Ouro 18k | Marquesa,"Argola pequena com zircônia pendurada, banho de ouro 18k, ideal para uso diário e segundo furo. Sofisticação e durabilidade para seu visual.",Argola Pequena com Zircônia Pendurada Banho de Ouro 18k. Combine com seus brincos e piercings. Confira os detalhes.,VALIDATED,FACTUAL_METADATA_AND_FAMILY_USE_CONTEXT,PUBLIC_VALIDATED,True,NEW_CONTENT_WRITE,False,True,True,False,UNCHANGED,True,True,True,2026-10-09T00:06:00.169Z,2026-10-16T00:06:00.169000+00:00,2026-11-06T00:06:00.169000+00:00,2026-12-04T00:06:00.169000+00:00,2027-01-01T00:06:00.169000+00:00
313755975,121043,https://marquesasemijoias.com.br/produtos/brinco-coracao-texturizado-vazado-banho-de-ouro-18k-pei2q/,https://marquesasemijoias.com.br/produtos/brinco-coracao-texturizado-vazado-banho-de-ouro-18k-pei2q/,Brinco Coração Texturizado Vazado Ouro 18k Sofisticado,Brinco Coração Texturizado Vazado Ouro 18k Sofisticado,"Brinco coração texturizado vazado com banho de ouro 18k, delicado e sofisticado. Perfeito para presentear e valorizar seu look. Compre já!","Brinco coração texturizado vazado com banho de ouro 18k, delicado e sofisticado. Perfeito para presentear e valorizar seu look. Compre já!",SKIPPED,NO_LONGER_SELLABLE_AT_RESUME_PRESERVE,NO_LONGER_SELLABLE_AT_RESUME_PRESERVE,False,PRESERVED_NO_WRITE,False,False,False,False,UNCHANGED,,,True,,,,,
313756304,133530,https://marquesasemijoias.com.br/produtos/brinco-aspiral-chapa-banho-de-ouro-18k-egk5u/,https://marquesasemijoias.com.br/produtos/brinco-aspiral-chapa-banho-de-ouro-18k-egk5u/,Brinco Aspiral Chapa Ouro 18k Sofisticação,Brinco Aspiral Chapa Banho de Ouro 18k | Marquesa,"Brinco Aspiral Chapa banhado a ouro 18k, design marcante e sofisticado. Realce seu estilo com elegância e movimento. Compre agora!","Brinco Aspiral Chapa Banho de Ouro 18k. Medida: aprox. 2,0 cm. Confira os detalhes.",VALIDATED,FACTUAL_METADATA_AND_FAMILY_USE_CONTEXT,PUBLIC_VALIDATED,True,NEW_CONTENT_WRITE,False,True,True,False,UNCHANGED,True,True,True,2026-10-09T00:06:08.396Z,2026-10-16T00:06:08.396000+00:00,2026-11-06T00:06:08.396000+00:00,2026-12-04T00:06:08.396000+00:00,2027-01-01T00:06:08.396000+00:00
313756527,119918,https://marquesasemijoias.com.br/produtos/brinco-triangulo-texturizada-banho-de-ouro-18k-txncm/,https://marquesasemijoias.com.br/produtos/brinco-triangulo-texturizada-banho-de-ouro-18k-txncm/,Brinco Triângulo Texturizado Ouro 18k Moderno,Brinco Triângulo Texturizada Banho de Ouro 18k | Marquesa,"Brinco triângulo texturizado com banho de ouro 18k, design moderno e acabamento refinado. Perfeito para mulheres estilosas. Compre já!","Brinco triângulo texturizado com banho de ouro 18k, design moderno e acabamento refinado. Perfeito para mulheres estilosas. Compre já!",VALIDATED,FACTUAL_METADATA_AND_FAMILY_USE_CONTEXT,PUBLIC_VALIDATED,True,NEW_CONTENT_WRITE,False,True,False,False,UNCHANGED,True,True,True,2026-10-09T00:06:16.527Z,2026-10-16T00:06:16.527000+00:00,2026-11-06T00:06:16.527000+00:00,2026-12-04T00:06:16.527000+00:00,2027-01-01T00:06:16.527000+00:00
313756960,134034,https://marquesasemijoias.com.br/produtos/trio-triangulo-esfera-e-ponto-de-luz-banho-de-ouro-18k-n41mp/,https://marquesasemijoias.com.br/produtos/trio-triangulo-esfera-e-ponto-de-luz-banho-de-ouro-18k-n41mp/,"Trio Triângulo, Esfera e Ponto de Luz Ouro 18k Versátil","Trio Triângulo, Esfera e Ponto de Luz Banho de Ouro 18k | Marquesa","Trio de semijoias banhadas a ouro 18k com triângulo, esfera e ponto de luz. Compre já e realce seu estilo!","Trio Triângulo, Esfera e Ponto de Luz Banho de Ouro 18k. Confira os detalhes.",VALIDATED,FACTUAL_METADATA_AND_FAMILY_USE_CONTEXT,PUBLIC_VALIDATED,True,NEW_CONTENT_WRITE,False,True,True,False,UNCHANGED,True,True,True,2026-10-09T00:06:24.689Z,2026-10-16T00:06:24.689000+00:00,2026-11-06T00:06:24.689000+00:00,2026-12-04T00:06:24.689000+00:00,2027-01-01T00:06:24.689000+00:00
313758120,157685,https://marquesasemijoias.com.br/produtos/trio-gotinha-de-perola-esfera-e-ponto-de-luz-banho-de-ouro-18k-wcela/,https://marquesasemijoias.com.br/produtos/trio-gotinha-de-perola-esfera-e-ponto-de-luz-banho-de-ouro-18k-wcela/,Trio Gotinha Pérola e Ponto de Luz Ouro 18k Sofisticado,"Trio Gotinha de Pérola, Esfera e Ponto de Luz Banho Ouro 18k","Trio Gotinha de Pérola, Esfera e Ponto de Luz em banho de ouro 18k, ideal para looks elegantes e presentes especiais. Compre agora!","Trio Gotinha de Pérola, Esfera e Ponto de Luz em banho de ouro 18k, ideal para looks elegantes e presentes especiais. Compre agora!",VALIDATED,FACTUAL_METADATA_AND_FAMILY_USE_CONTEXT,PUBLIC_VALIDATED,True,NEW_CONTENT_WRITE,False,True,False,False,UNCHANGED,True,True,True,2026-10-09T00:06:29.819Z,2026-10-16T00:06:29.819000+00:00,2026-11-06T00:06:29.819000+00:00,2026-12-04T00:06:29.819000+00:00,2027-01-01T00:06:29.819000+00:00
313758305,193176,https://marquesasemijoias.com.br/produtos/brinco-esfera-lisa-media-banho-de-ouro-18k-rq8sx/,https://marquesasemijoias.com.br/produtos/brinco-esfera-lisa-media-banho-de-ouro-18k-rq8sx/,Brinco Esfera Lisa Média Ouro 18k Elegância Versátil,Brinco Esfera Lisa Média Banho de Ouro 18k | Marquesa,"Brinco esfera lisa média em banho de ouro 18k, clássico e sofisticado para o dia a dia. Compre já e realce seu estilo com elegância!","Brinco esfera lisa média em banho de ouro 18k, clássico e sofisticado para o dia a dia. Compre já e realce seu estilo com elegância!",VALIDATED,FACTUAL_METADATA_AND_FAMILY_USE_CONTEXT,PUBLIC_VALIDATED,True,NEW_CONTENT_WRITE,False,True,False,False,UNCHANGED,True,True,True,2026-10-09T00:06:37.922Z,2026-10-16T00:06:37.922000+00:00,2026-11-06T00:06:37.922000+00:00,2026-12-04T00:06:37.922000+00:00,2027-01-01T00:06:37.922000+00:00
313809002,370149,https://marquesasemijoias.com.br/produtos/colar-choker-zirconias-retangulares-banho-de-ouro-18k-244gu/,https://marquesasemijoias.com.br/produtos/colar-choker-zirconias-retangulares-banho-de-ouro-18k-244gu/,Colar Choker Zircônias Retangulares Ouro 18k,Colar Choker Zircônias Retangulares Banho de Ouro 18k | Marquesa,"Colar choker com zircônias retangulares e banho ouro 18k, elegante e moderno. Perfeito para ocasiões especiais. Compre já e brilhe com luxo!","Colar choker com zircônias retangulares e banho ouro 18k, elegante e moderno. Perfeito para ocasiões especiais. Compre já e brilhe com luxo!",VALIDATED,FACTUAL_METADATA_AND_FAMILY_USE_CONTEXT,PUBLIC_VALIDATED,True,NEW_CONTENT_WRITE,False,True,False,False,UNCHANGED,True,True,True,2026-10-09T00:06:46.053Z,2026-10-16T00:06:46.053000+00:00,2026-11-06T00:06:46.053000+00:00,2026-12-04T00:06:46.053000+00:00,2027-01-01T00:06:46.053000+00:00
313809037,273457,https://marquesasemijoias.com.br/produtos/colar-choker-coracoes-banho-de-ouro-18k-a3ury/,https://marquesasemijoias.com.br/produtos/colar-choker-coracoes-banho-de-ouro-18k-a3ury/,Colar Choker Corações Ouro 18k - Delicado e Romântico,Colar Choker Corações Banho de Ouro 18k | Marquesa,"Colar Choker Corações banhado a ouro 18k, delicado e romântico. Ideal para looks femininos e presente especial. Compre já!",Colar Choker Corações Banho de Ouro 18k. Medida: 38 cm + 5 cm extensor. Confira os detalhes.,VALIDATED,FACTUAL_METADATA_AND_FAMILY_USE_CONTEXT,PUBLIC_VALIDATED,True,NEW_CONTENT_WRITE,False,True,True,False,UNCHANGED,True,True,True,2026-10-09T00:06:54.183Z,2026-10-16T00:06:54.183000+00:00,2026-11-06T00:06:54.183000+00:00,2026-12-04T00:06:54.183000+00:00,2027-01-01T00:06:54.183000+00:00
313809608,379282,https://marquesasemijoias.com.br/produtos/pulseira-baguete-zirconias-incolor-banho-de-ouro-18k-ldkz3/,https://marquesasemijoias.com.br/produtos/pulseira-baguete-zirconias-incolor-banho-de-ouro-18k-ldkz3/,Pulseira Baguete com Zircônias Incolor Ouro 18k,Pulseira Baguete Zircônias Incolor Banho de Ouro 18k | Marquesa,"Pulseira Baguete com Zircônias Incolor em Ouro 18k, delicada e sofisticada. Ideal para looks minimalistas ou mix de pulseiras. Compre já!","Pulseira Baguete Zircônias Incolor Banho de Ouro 18k. Medida: 15 cm + 5,0 cm extensor. Confira os detalhes.",VALIDATED,FACTUAL_METADATA_AND_FAMILY_USE_CONTEXT,PUBLIC_VALIDATED,True,NEW_CONTENT_WRITE,False,True,True,False,UNCHANGED,True,True,True,2026-10-09T00:07:02.259Z,2026-10-16T00:07:02.259000+00:00,2026-11-06T00:07:02.259000+00:00,2026-12-04T00:07:02.259000+00:00,2027-01-01T00:07:02.259000+00:00
313809627,375786,https://marquesasemijoias.com.br/produtos/pulseira-coracao-zirconia-cristal-banho-de-ouro-18k-qmn4i/,https://marquesasemijoias.com.br/produtos/pulseira-coracao-zirconia-cristal-banho-de-ouro-18k-qmn4i/,Pulseira Coração Zircônia Cristal Ouro 18k Delicada,Pulseira Coração Zircônia Cristal Banho de Ouro 18k | Marquesa,Pulseira delicada com coração cravejado em zircônia cristal e banho de ouro 18k. Perfeita para presentear e usar no dia a dia. Compre já!,Pulseira delicada com coração cravejado em zircônia cristal e banho de ouro 18k. Perfeita para presentear e usar no dia a dia. Compre já!,VALIDATED,FACTUAL_METADATA_AND_FAMILY_USE_CONTEXT,PUBLIC_VALIDATED,True,NEW_CONTENT_WRITE,False,True,False,False,UNCHANGED,True,True,True,2026-10-09T00:07:10.411Z,2026-10-16T00:07:10.411000+00:00,2026-11-06T00:07:10.411000+00:00,2026-12-04T00:07:10.411000+00:00,2027-01-01T00:07:10.411000+00:00
313809659,317154,https://marquesasemijoias.com.br/produtos/pulseira-elos-retangulares-banho-de-ouro-18k-x9w1b/,https://marquesasemijoias.com.br/produtos/pulseira-elos-retangulares-banho-de-ouro-18k-x9w1b/,Pulseira Elos Retangulares Ouro 18k Design Moderno,Pulseira Elos Retangulares Banho de Ouro 18k | Marquesa,Pulseira Elos Retangulares em Banho de Ouro 18k com design moderno e elegante. Ideal para mulheres que buscam estilo e sofisticação. Compre já!,Pulseira Elos Retangulares em Banho de Ouro 18k com design moderno e elegante. Ideal para mulheres que buscam estilo e sofisticação. Compre já!,VALIDATED,FACTUAL_METADATA_AND_FAMILY_USE_CONTEXT,PUBLIC_VALIDATED,True,NEW_CONTENT_WRITE,False,True,False,False,UNCHANGED,True,True,True,2026-10-09T00:07:18.831Z,2026-10-16T00:07:18.831000+00:00,2026-11-06T00:07:18.831000+00:00,2026-12-04T00:07:18.831000+00:00,2027-01-01T00:07:18.831000+00:00
313809740,271371,https://marquesasemijoias.com.br/produtos/pulseira-coracao-e-medalha-seja-luz-banho-de-ouro-18k-g0emr/,https://marquesasemijoias.com.br/produtos/pulseira-coracao-e-medalha-seja-luz-banho-de-ouro-18k-g0emr/,Pulseira Coração Seja Luz em Ouro 18k - Amor e Fé,Pulseira Coração e Medalha Seja Luz Banho de Ouro 18k | Marquesa,"Pulseira Coração e Medalha Seja Luz em Banho de Ouro 18k, símbolo de amor e positividade. Perfeita para presentear e iluminar seu dia a dia.","Pulseira Coração e Medalha Seja Luz em Banho de Ouro 18k, símbolo de amor e positividade. Perfeita para presentear e iluminar seu dia a dia.",VALIDATED,FACTUAL_METADATA_AND_FAMILY_USE_CONTEXT,PUBLIC_VALIDATED,True,NEW_CONTENT_WRITE,False,True,False,False,UNCHANGED,True,True,True,2026-10-09T00:07:26.985Z,2026-10-16T00:07:26.985000+00:00,2026-11-06T00:07:26.985000+00:00,2026-12-04T00:07:26.985000+00:00,2027-01-01T00:07:26.985000+00:00
314075992,124111,https://marquesasemijoias.com.br/produtos/argola-pingente-gota-cravejado-banho-de-ouro-18k-jifz5/,https://marquesasemijoias.com.br/produtos/argola-pingente-gota-cravejado-banho-de-ouro-18k-jifz5/,Argola Pingente Gota Cravejada Ouro 18k Brilho,Argola Pingente Gota Cravejada Ouro 18k Brilho,"Argola com pingente gota cravejado em banho de ouro 18k, ideal para looks elegantes e modernos. Compre já e realce seu estilo!","Argola com pingente gota cravejado em banho de ouro 18k, ideal para looks elegantes e modernos. Compre já e realce seu estilo!",SKIPPED,NO_LONGER_SELLABLE_AT_RESUME_PRESERVE,NO_LONGER_SELLABLE_AT_RESUME_PRESERVE,False,PRESERVED_NO_WRITE,False,False,False,False,UNCHANGED,,,True,,,,,
329206119,143902,https://marquesasemijoias.com.br/produtos/brinco-ear-cuff-duort/,https://marquesasemijoias.com.br/produtos/brinco-ear-cuff-duort/,Brinco Ear Cuff Folha Ouro 18k Elegância Moderna,Brinco Ear Cuff Folha Banho de Ouro 18k | Marquesa,"Brinco Ear Cuff Folha com banho de ouro 18k, design sofisticado e hipoalergênico. Realce seu estilo com brilho e personalidade. Compre agora!","Brinco Ear Cuff Folha Banho de Ouro 18k. Medida: aprox. 2,4 cm. Confira os detalhes.",VALIDATED,FACTUAL_METADATA_AND_FAMILY_USE_CONTEXT,PUBLIC_VALIDATED,True,NEW_CONTENT_WRITE,False,True,True,False,UNCHANGED,True,True,True,2026-10-09T00:07:35.122Z,2026-10-16T00:07:35.122000+00:00,2026-11-06T00:07:35.122000+00:00,2026-12-04T00:07:35.122000+00:00,2027-01-01T00:07:35.122000+00:00
335138046,834925,https://marquesasemijoias.com.br/produtos/colar-nossa-senhora-oval-cravejado-banho-de-ouro-18k-olufe/,https://marquesasemijoias.com.br/produtos/colar-nossa-senhora-oval-cravejado-banho-de-ouro-18k-olufe/,Colar Nossa Senhora Oval Cravejado com Ouro 18k,Colar Nossa Senhora Oval Cravejado com Ouro 18k,"Colar delicado Nossa Senhora oval cravejado com banho de ouro 18k, corrente ajustável e zircônias brilhantes. Compre já!","Colar delicado Nossa Senhora oval cravejado com banho de ouro 18k, corrente ajustável e zircônias brilhantes. Compre já!",SKIPPED,NO_LONGER_SELLABLE_AT_RESUME_PRESERVE,NO_LONGER_SELLABLE_AT_RESUME_PRESERVE,False,PRESERVED_NO_WRITE,False,False,False,False,UNCHANGED,,,True,,,,,
339112403,443162,https://marquesasemijoias.com.br/produtos/colar-menina-cravejada-banho-de-ouro-18k-1slvh/,https://marquesasemijoias.com.br/produtos/colar-menina-cravejada-banho-de-ouro-18k-1slvh/,Colar Menina Cravejada Ouro 18k Elegância e Significado,Colar Menina Cravejada Banho de Ouro 18k | Marquesa,Colar delicado em banho de ouro 18k com pingente menina cravejado de zircônias. Perfeito para uso diário e presente especial. Compre já!,Colar delicado em banho de ouro 18k com pingente menina cravejado de zircônias. Perfeito para uso diário e presente especial. Compre já!,VALIDATED,FACTUAL_METADATA_AND_FAMILY_USE_CONTEXT,PUBLIC_VALIDATED,True,NEW_CONTENT_WRITE,True,True,False,False,UNCHANGED,True,True,True,2026-10-09T00:07:43.360Z,2026-10-16T00:07:43.360000+00:00,2026-11-06T00:07:43.360000+00:00,2026-12-04T00:07:43.360000+00:00,2027-01-01T00:07:43.360000+00:00
359126242,256359 | 256359 | 256359 | 256359 | 256359,https://marquesasemijoias.com.br/produtos/anel-inspiracao-banho-de-ouro-18k-odq0v/,https://marquesasemijoias.com.br/produtos/anel-inspiracao-banho-de-ouro-18k-odq0v/,Anel Clássico Luxo Ouro 18k com Zircônias Sofisticado,Anel Classico Luxo Inspiração Banho de Ouro 18k | Marquesa,"Anel clássico luxo com banho de ouro 18k e zircônias, design elegante e atemporal. Compre e realce seu estilo com sofisticação e versatilidade!","Anel clássico luxo com banho de ouro 18k e zircônias, design elegante e atemporal. Compre e realce seu estilo com sofisticação e versatilidade!",VALIDATED,FACTUAL_METADATA_AND_FAMILY_USE_CONTEXT,PUBLIC_VALIDATED,True,NEW_CONTENT_WRITE,False,True,False,False,UNCHANGED,True,True,True,2026-10-09T00:07:51.813Z,2026-10-16T00:07:51.813000+00:00,2026-11-06T00:07:51.813000+00:00,2026-12-04T00:07:51.813000+00:00,2027-01-01T00:07:51.813000+00:00
359281156,179050,https://marquesasemijoias.com.br/produtos/brinco-cinco-linhas-lisas-banho-de-ouro-18k/,https://marquesasemijoias.com.br/produtos/brinco-cinco-linhas-lisas-banho-de-ouro-18k/,Brinco Cinco Linhas Lisas Ouro 18k Design Gráfico,Brinco Cinco Linhas Lisas Banho de Ouro 18k | Marquesa,"Brinco cinco linhas lisas com banho de ouro 18k, desenho gráfico e brilho estruturado. Semijoia hipoalergênica. Compre já e aposte no moderno!","Brinco Cinco Linhas Lisas Banho de Ouro 18k. Medida: aprox. 1,7 cm. Confira os detalhes.",VALIDATED,FACTUAL_METADATA_AND_FAMILY_USE_CONTEXT,PUBLIC_VALIDATED,True,NEW_CONTENT_WRITE,True,True,True,False,UNCHANGED,True,True,True,2026-10-09T00:07:59.973Z,2026-10-16T00:07:59.973000+00:00,2026-11-06T00:07:59.973000+00:00,2026-12-04T00:07:59.973000+00:00,2027-01-01T00:07:59.973000+00:00
359281168,126745,https://marquesasemijoias.com.br/produtos/argola-pingente-coracao-cravejado-banho-de-ouro-18k/,https://marquesasemijoias.com.br/produtos/argola-pingente-coracao-cravejado-banho-de-ouro-18k/,Argola Pingente Coração Cravejado Ouro 18k Movimento,Argola Pingente Coração Cravejado Banho de Ouro 18k | Marquesa,"Argola com pingente de coração cravejado e banho de ouro 18k, brilho em movimento. Semijoia hipoalergênica com garantia. Compre já!",Argola Pingente Coração Cravejado Banho de Ouro 18k. Combine com seus brincos e piercings. Confira os detalhes.,VALIDATED,FACTUAL_METADATA_AND_FAMILY_USE_CONTEXT,PUBLIC_VALIDATED,True,NEW_CONTENT_WRITE,False,True,True,False,UNCHANGED,True,True,True,2026-10-09T00:08:08.198Z,2026-10-16T00:08:08.198000+00:00,2026-11-06T00:08:08.198000+00:00,2026-12-04T00:08:08.198000+00:00,2027-01-01T00:08:08.198000+00:00
359281174,185190,https://marquesasemijoias.com.br/produtos/brinco-ponto-de-luz-cravacao-inglesa-banho-de-ouro-18k/,https://marquesasemijoias.com.br/produtos/brinco-ponto-de-luz-cravacao-inglesa-banho-de-ouro-18k/,Brinco Ponto de Luz Cravação Inglesa Ouro 18k Brilho,Brinco Ponto de Luz Cravação Inglesa Banho de Ouro 18k | Marquesa,"Ponto de luz com cravação inglesa e banho de ouro 18k, mais luz na pedra e visual leve. Semijoia hipoalergênica. Compre agora!","Brinco Ponto de Luz Cravação Inglesa Banho de Ouro 18k. Medida: aprox. 0,5 cm. Confira os detalhes.",VALIDATED,FACTUAL_METADATA_AND_FAMILY_USE_CONTEXT,PUBLIC_VALIDATED,True,NEW_CONTENT_WRITE,True,True,True,False,UNCHANGED,True,True,True,2026-10-09T00:08:16.454Z,2026-10-16T00:08:16.454000+00:00,2026-11-06T00:08:16.454000+00:00,2026-12-04T00:08:16.454000+00:00,2027-01-01T00:08:16.454000+00:00
359281312,197702,https://marquesasemijoias.com.br/produtos/brinco-coracao-grande-vazado-banho-de-ouro-18k/,https://marquesasemijoias.com.br/produtos/brinco-coracao-grande-vazado-banho-de-ouro-18k/,Brinco Coração Grande Vazado Ouro 18k Leve e Marcante,Brinco Coração Grande Vazado Banho de Ouro 18k | Marquesa,"Brinco coração grande vazado com banho de ouro 18k, presença marcante com muita leveza. Semijoia hipoalergênica. Compre e destaque seu visual!","Brinco Coração Grande Vazado Banho de Ouro 18k. Medida: aprox. 3,0 cm. Confira os detalhes.",VALIDATED,FACTUAL_METADATA_AND_FAMILY_USE_CONTEXT,PUBLIC_VALIDATED,True,NEW_CONTENT_WRITE,True,True,True,False,UNCHANGED,True,True,True,2026-10-09T00:08:24.537Z,2026-10-16T00:08:24.537000+00:00,2026-11-06T00:08:24.537000+00:00,2026-12-04T00:08:24.537000+00:00,2027-01-01T00:08:24.537000+00:00
359281368,198174,https://marquesasemijoias.com.br/produtos/dupla-argola-lisa-e-argola-zig-zag-banho-de-ouro-18k/,https://marquesasemijoias.com.br/produtos/dupla-argola-lisa-e-argola-zig-zag-banho-de-ouro-18k/,Dupla Argola Lisa e Zig Zag Ouro 18k Contraste Atual,Dupla Argola Lisa e Argola Zig Zag Banho de Ouro 18k | Marquesa,"Dupla de argolas lisa e zig zag com banho de ouro 18k, texturas que se completam. Semijoia hipoalergênica. Compre já e renove seu mix de brincos!",Dupla Argola Lisa e Argola Zig Zag Banho de Ouro 18k. Combine com seus brincos e piercings. Confira os detalhes.,VALIDATED,FACTUAL_METADATA_AND_FAMILY_USE_CONTEXT,PUBLIC_VALIDATED,True,NEW_CONTENT_WRITE,False,True,True,False,UNCHANGED,True,True,True,2026-10-09T00:08:32.660Z,2026-10-16T00:08:32.660000+00:00,2026-11-06T00:08:32.660000+00:00,2026-12-04T00:08:32.660000+00:00,2027-01-01T00:08:32.660000+00:00
359281406,191910,https://marquesasemijoias.com.br/produtos/brinco-gota-dupla-grande-banho-de-ouro-18k/,https://marquesasemijoias.com.br/produtos/brinco-gota-dupla-grande-banho-de-ouro-18k/,Brinco Gota Dupla Grande Ouro 18k Presença Moderna,Brinco Gota Dupla Grande Banho de Ouro 18k | Marquesa,"Brinco gota dupla grande com banho de ouro 18k, volume e movimento em desenho atual. Semijoia hipoalergênica. Compre agora e marque presença!","Brinco Gota Dupla Grande Banho de Ouro 18k. Medida: aprox. 1,5 cm. Confira os detalhes.",VALIDATED,FACTUAL_METADATA_AND_FAMILY_USE_CONTEXT,PUBLIC_VALIDATED,True,NEW_CONTENT_WRITE,False,True,True,False,UNCHANGED,True,True,True,2026-10-09T00:08:37.687Z,2026-10-16T00:08:37.687000+00:00,2026-11-06T00:08:37.687000+00:00,2026-12-04T00:08:37.687000+00:00,2027-01-01T00:08:37.687000+00:00
359281412,191909,https://marquesasemijoias.com.br/produtos/brinco-gota-dupla-media-banho-de-ouro-18k/,https://marquesasemijoias.com.br/produtos/brinco-gota-dupla-media-banho-de-ouro-18k/,Brinco Gota Dupla Média Ouro 18k Design Equilibrado,Brinco Gota Dupla Média Banho de Ouro 18k | Marquesa,"Brinco gota dupla média com banho de ouro 18k, design moderno e movimento leve. Semijoia hipoalergênica com 1 ano de garantia. Compre já!","Brinco Gota Dupla Média Banho de Ouro 18k. Medida: aprox. 1,2 cm. Confira os detalhes.",VALIDATED,FACTUAL_METADATA_AND_FAMILY_USE_CONTEXT,PUBLIC_VALIDATED,True,NEW_CONTENT_WRITE,False,True,True,False,UNCHANGED,True,True,True,2026-10-09T00:08:45.967Z,2026-10-16T00:08:45.967000+00:00,2026-11-06T00:08:45.967000+00:00,2026-12-04T00:08:45.967000+00:00,2027-01-01T00:08:45.967000+00:00
359281432,125443,https://marquesasemijoias.com.br/produtos/brinco-argola-dois-fios-banho-de-ouro-18k/,https://marquesasemijoias.com.br/produtos/brinco-argola-dois-fios-banho-de-ouro-18k/,Brinco Argola Dois Fios Ouro 18k Design Moderno,Brinco Argola Dois Fios Banho de Ouro 18k | Marquesa,"Argola de dois fios com banho de ouro 18k, leve e com desenho contemporâneo. Semijoia hipoalergênica com 1 ano de garantia. Compre já!","Brinco Argola Dois Fios Banho de Ouro 18k. Medida: aprox. 2,2 cm. Confira os detalhes.",VALIDATED,FACTUAL_METADATA_AND_FAMILY_USE_CONTEXT,PUBLIC_VALIDATED,True,NEW_CONTENT_WRITE,True,True,True,False,UNCHANGED,True,True,True,2026-10-09T00:08:54.323Z,2026-10-16T00:08:54.323000+00:00,2026-11-06T00:08:54.323000+00:00,2026-12-04T00:08:54.323000+00:00,2027-01-01T00:08:54.323000+00:00
359800650,139984,https://marquesasemijoias.com.br/produtos/dupla-de-esferas-banho-de-ouro-18k-11jox/,https://marquesasemijoias.com.br/produtos/dupla-de-esferas-banho-de-ouro-18k-11jox/,Dupla de Esferas Ouro 18k Modernas e Elegantes,Dupla de Esferas Banho de Ouro 18k | Marquesa,"Dupla de esferas lisas com banho de ouro 18k, moderna e versátil. Semijoia hipoalergênica com garantia. Compre já e realce seu estilo!",Dupla de Esferas Banho de Ouro 18k. Confira os detalhes.,VALIDATED,FACTUAL_METADATA_AND_FAMILY_USE_CONTEXT,PUBLIC_VALIDATED,True,NEW_CONTENT_WRITE,False,True,True,False,UNCHANGED,True,True,True,2026-10-09T00:09:02.424Z,2026-10-16T00:09:02.424000+00:00,2026-11-06T00:09:02.424000+00:00,2026-12-04T00:09:02.424000+00:00,2027-01-01T00:09:02.424000+00:00
360206414,269030,https://marquesasemijoias.com.br/produtos/colar-coracao-metade-liso-e-metade-cravejado-banho-de-ouro-18k/,https://marquesasemijoias.com.br/produtos/colar-coracao-metade-liso-e-metade-cravejado-banho-de-ouro-18k/,Colar Coração Metade Liso e Cravejado Ouro 18k - Elegância Moderna,Colar Coração Liso e Cravejado Banho Ouro 18k | Marquesa,"Colar coração com metade lisa e metade cravejada, banho de ouro 18k, 44cm. Joia delicada e moderna para destacar seu estilo. Compre já!","Colar coração com metade lisa e metade cravejada, banho de ouro 18k, 44cm. Joia delicada e moderna para destacar seu estilo. Compre já!",VALIDATED,FACTUAL_METADATA_AND_FAMILY_USE_CONTEXT,PUBLIC_VALIDATED,True,NEW_CONTENT_WRITE,False,True,False,False,UNCHANGED,True,True,True,2026-10-09T00:09:10.418Z,2026-10-16T00:09:10.418000+00:00,2026-11-06T00:09:10.418000+00:00,2026-12-04T00:09:10.418000+00:00,2027-01-01T00:09:10.418000+00:00
360206427,811117,https://marquesasemijoias.com.br/produtos/colar-masculino-elos-longos-fecho-gaveta-banho-de-ouro-18k/,https://marquesasemijoias.com.br/produtos/colar-masculino-elos-longos-fecho-gaveta-banho-de-ouro-18k/,Colar Masculino Elos Longos Ouro 18k - Estilo e Sofisticação,Colar Masculino Elos Longos Fecho Gaveta Banho de Ouro 18k | Marquesa,"Colar masculino com elos longos e fecho gaveta, banho ouro 18k, 60cm. Visual moderno e elegante. Compre já!","Colar masculino com elos longos e fecho gaveta, banho ouro 18k, 60cm. Visual moderno e elegante. Compre já!",VALIDATED,FACTUAL_METADATA_AND_FAMILY_USE_CONTEXT,PUBLIC_VALIDATED,True,NEW_CONTENT_WRITE,False,True,False,False,UNCHANGED,True,True,True,2026-10-09T00:09:18.638Z,2026-10-16T00:09:18.638000+00:00,2026-11-06T00:09:18.638000+00:00,2026-12-04T00:09:18.638000+00:00,2027-01-01T00:09:18.638000+00:00
360206440,516845,https://marquesasemijoias.com.br/produtos/colar-longo-bolinhas-e-baguetes-banho-de-ouro-18k/,https://marquesasemijoias.com.br/produtos/colar-longo-bolinhas-e-baguetes-banho-de-ouro-18k/,Colar Longo Bolinhas e Baguetes Ouro 18k - Sofisticação e Movimento,Colar Longo Bolinhas e Baguetes Banho de Ouro 18k | Marquesa,"Colar longo com banho de ouro 18k, bolinhas e baguetes para um visual sofisticado. Compre agora e destaque seu estilo!","Colar longo com banho de ouro 18k, bolinhas e baguetes para um visual sofisticado. Compre agora e destaque seu estilo!",VALIDATED,FACTUAL_METADATA_AND_FAMILY_USE_CONTEXT,PUBLIC_VALIDATED,True,NEW_CONTENT_WRITE,False,True,False,False,UNCHANGED,True,True,True,2026-10-09T00:09:26.625Z,2026-10-16T00:09:26.625000+00:00,2026-11-06T00:09:26.625000+00:00,2026-12-04T00:09:26.625000+00:00,2027-01-01T00:09:26.625000+00:00
360206442,716521,https://marquesasemijoias.com.br/produtos/colar-tela-em-fios-25mm-45cm-banho-de-ouro-18k/,https://marquesasemijoias.com.br/produtos/colar-tela-em-fios-25mm-45cm-banho-de-ouro-18k/,Colar Tela em Fios Ouro 18k 45cm - Delicado e Sofisticado,Colar Tela em Fios Banho de Ouro 18k | Marquesa,"Colar tela em fios 2,5mm com banho ouro 18k, 45cm. Peça delicada, versátil e atemporal para realçar seu estilo. Compre já!","Colar tela em fios 2,5mm com banho ouro 18k, 45cm. Peça delicada, versátil e atemporal para realçar seu estilo. Compre já!",VALIDATED,FACTUAL_METADATA_AND_FAMILY_USE_CONTEXT,PUBLIC_VALIDATED,True,NEW_CONTENT_WRITE,False,True,False,False,UNCHANGED,True,True,True,2026-10-09T00:09:34.875Z,2026-10-16T00:09:34.875000+00:00,2026-11-06T00:09:34.875000+00:00,2026-12-04T00:09:34.875000+00:00,2027-01-01T00:09:34.875000+00:00
360206446,431806,https://marquesasemijoias.com.br/produtos/colar-choker-snake-banho-de-ouro-18k/,https://marquesasemijoias.com.br/produtos/colar-choker-snake-banho-de-ouro-18k/,Colar Choker Snake Ouro 18k - Elegância e Modernidade,Colar Choker Snake Banho de Ouro 18k | Marquesa,"Colar choker snake com banho de ouro 18k, 30cm+10cm. Design sofisticado que valoriza o colo. Compre já e destaque seu estilo!","Colar choker snake com banho de ouro 18k, 30cm+10cm. Design sofisticado que valoriza o colo. Compre já e destaque seu estilo!",VALIDATED,FACTUAL_METADATA_AND_FAMILY_USE_CONTEXT,PUBLIC_VALIDATED,True,NEW_CONTENT_WRITE,False,True,False,False,UNCHANGED,True,True,True,2026-10-09T00:09:43.024Z,2026-10-16T00:09:43.024000+00:00,2026-11-06T00:09:43.024000+00:00,2026-12-04T00:09:43.024000+00:00,2027-01-01T00:09:43.024000+00:00
360677410,312956,https://marquesasemijoias.com.br/produtos/pulseira-zirconias-incolores-banho-de-ouro-18k/,https://marquesasemijoias.com.br/produtos/pulseira-zirconias-incolores-banho-de-ouro-18k/,Pulseira Zircônias Incolores Ouro 18k - Elegância e Brilho Delicado,Pulseira Zircônias Incolores Banho de Ouro 18k | Marquesa,"Pulseira com zircônias incolores e banho de ouro 18k, 15cm + extensor. Semijoia hipoalergênica que ilumina seu pulso com sofisticação. Compre já!","Pulseira Zircônias Incolores Banho de Ouro 18k. Medida: 15 cm + 5,0cm extensor. Confira os detalhes.",VALIDATED,FACTUAL_METADATA_AND_FAMILY_USE_CONTEXT,PUBLIC_VALIDATED,True,NEW_CONTENT_WRITE,False,True,True,False,UNCHANGED,True,True,True,2026-10-09T00:09:51.194Z,2026-10-16T00:09:51.194000+00:00,2026-11-06T00:09:51.194000+00:00,2026-12-04T00:09:51.194000+00:00,2027-01-01T00:09:51.194000+00:00
360677434,397728,https://marquesasemijoias.com.br/produtos/pulseira-fita-e-zirconias-banho-de-ouro-18k/,https://marquesasemijoias.com.br/produtos/pulseira-fita-e-zirconias-banho-de-ouro-18k/,Pulseira Fita com Zircônias Ouro 18k - Elegância Delicada,Pulseira Fita e Zircônias Banho de Ouro 18k | Marquesa,"Pulseira com design em fita e zircônias banhada a ouro 18k, 14,5cm + extensor. Semijoia hipoalergênica para um toque sofisticado. Compre já!","Pulseira Fita e Zircônias Banho de Ouro 18k. Medida: 14,5 cm + 5,5 cm extensor. Confira os detalhes.",VALIDATED,FACTUAL_METADATA_AND_FAMILY_USE_CONTEXT,PUBLIC_VALIDATED,True,NEW_CONTENT_WRITE,False,True,True,False,UNCHANGED,True,True,True,2026-10-09T00:09:59.344Z,2026-10-16T00:09:59.344000+00:00,2026-11-06T00:09:59.344000+00:00,2026-12-04T00:09:59.344000+00:00,2027-01-01T00:09:59.344000+00:00
360677439,362001,https://marquesasemijoias.com.br/produtos/pulseira-masculina-grumet-38mm-banho-de-ouro-18k/,https://marquesasemijoias.com.br/produtos/pulseira-masculina-grumet-38mm-banho-de-ouro-18k/,"Pulseira Masculina Grumet 3,8mm Ouro 18k - Estilo e Sofisticação",Pulseira Masculina Grumet Banho de Ouro 18k | Marquesa,"Pulseira masculina Grumet 3,8mm em banho de ouro 18k, 21cm. Semijoia hipoalergênica que traz estilo e confiança. Compre já!",Pulseira Masculina Grumet Banho de Ouro 18k. Medida: 21 cm. Confira os detalhes.,VALIDATED,FACTUAL_METADATA_AND_FAMILY_USE_CONTEXT,PUBLIC_VALIDATED,True,NEW_CONTENT_WRITE,False,True,True,False,UNCHANGED,True,True,True,2026-10-09T00:10:07.485Z,2026-10-16T00:10:07.485000+00:00,2026-11-06T00:10:07.485000+00:00,2026-12-04T00:10:07.485000+00:00,2027-01-01T00:10:07.485000+00:00
360677447,563440,https://marquesasemijoias.com.br/produtos/tornozeleira-coracoes-vazados-banho-de-ouro-18k/,https://marquesasemijoias.com.br/produtos/tornozeleira-coracoes-vazados-banho-de-ouro-18k/,Tornozeleira Corações Vazados Ouro 18k - Delicadeza e Charme,Tornozeleira Corações Vazados Banho de Ouro 18k | Marquesa,"Tornozeleira com corações vazados em banho de ouro 18k, 24cm. Semijoia hipoalergênica que realça seu estilo feminino. Compre já!",Tornozeleira Corações Vazados Banho de Ouro 18k. Medida: 24 cm. Confira os detalhes.,VALIDATED,FACTUAL_METADATA_AND_FAMILY_USE_CONTEXT,PUBLIC_VALIDATED,True,NEW_CONTENT_WRITE,False,True,True,False,UNCHANGED,True,True,True,2026-10-09T00:10:15.667Z,2026-10-16T00:10:15.667000+00:00,2026-11-06T00:10:15.667000+00:00,2026-12-04T00:10:15.667000+00:00,2027-01-01T00:10:15.667000+00:00
307930562,266104,https://marquesasemijoias.com.br/produtos/berloque-abelha-e-frase-banho-de-prata-q5was/,https://marquesasemijoias.com.br/produtos/berloque-abelha-e-frase-banho-de-prata-q5was/,Berloque Abelha Banho de Prata Delicado e Significativo,Berloque Abelha Banho de Prata Delicado e Significativo,"Berloque Abelha com banho de prata, símbolo de doçura e trabalho. Peça única e elegante para sua pulseira. Compre agora e destaque seu estilo!","Berloque Abelha com banho de prata, símbolo de doçura e trabalho. Peça única e elegante para sua pulseira. Compre agora e destaque seu estilo!",SKIPPED,EXISTING_CONTENT_SUFFICIENT,EXISTING_CONTENT_SUFFICIENT,True,PRESERVED_NO_WRITE,False,False,False,False,UNCHANGED,,,True,,,,,
246074619,613233,https://marquesasemijoias.com.br/produtos/piercing-de-flor-cravejado-prata-925/,https://marquesasemijoias.com.br/produtos/piercing-de-flor-cravejado-prata-925/,Piercing de Flor Cravejado em Prata 925 Elegante,Piercing de Flor Cravejado em Prata 925 Elegante,"Descubra o Piercing de Flor Cravejado em Prata 925, com zircônias brilhantes. Adicione charme ao seu visual! Compre agora e eleve seu estilo.","Descubra o Piercing de Flor Cravejado em Prata 925, com zircônias brilhantes. Adicione charme ao seu visual! Compre agora e eleve seu estilo.",SKIPPED,EXISTING_CONTENT_SUFFICIENT,EXISTING_CONTENT_SUFFICIENT,True,PRESERVED_NO_WRITE,False,False,False,False,UNCHANGED,,,True,,,,,
250006252,902757,https://marquesasemijoias.com.br/produtos/anel-coracao-grande-vazado-prata-925/,https://marquesasemijoias.com.br/produtos/anel-coracao-grande-vazado-prata-925/,Anel Coração Grande Vazado Prata 925 Elegância e Amor,Anel Coração Grande Vazado Prata 925 | Marquesa,"Descubra o Anel Coração Grande Vazado em Prata 925, perfeito para simbolizar amor. Compre já!","Descubra o Anel Coração Grande Vazado em Prata 925, perfeito para simbolizar amor. Compre já!",VALIDATED,FACTUAL_METADATA_AND_FAMILY_USE_CONTEXT,PUBLIC_VALIDATED,True,NEW_CONTENT_WRITE,True,True,False,False,UNCHANGED,True,True,True,2026-10-09T00:10:20.720Z,2026-10-16T00:10:20.720000+00:00,2026-11-06T00:10:20.720000+00:00,2026-12-04T00:10:20.720000+00:00,2027-01-01T00:10:20.720000+00:00
253316903,291572,https://marquesasemijoias.com.br/produtos/anel-aparador-de-alianca-cravejado-prata-925/,https://marquesasemijoias.com.br/produtos/anel-aparador-de-alianca-cravejado-prata-925/,Anel Aparador Cravejado em Prata 925 com Zircônias,Anel Aparador Cravejado em Prata 925 com Zircônias,"Realce sua aliança com o Anel Aparador Cravejado em Prata 925. Elegante, hipoalergênico e durável. Adquira o seu e brilhe com estilo!",Anel Aparador de Aliança Cravejado Prata 925. Para combinar com sua aliança ou anel solitário. Confira os detalhes.,VALIDATED,FACTUAL_METADATA_AND_FAMILY_USE_CONTEXT,PUBLIC_VALIDATED,True,NEW_CONTENT_WRITE,True,False,True,False,UNCHANGED,True,True,True,2026-10-09T00:10:28.745Z,2026-10-16T00:10:28.745000+00:00,2026-11-06T00:10:28.745000+00:00,2026-12-04T00:10:28.745000+00:00,2027-01-01T00:10:28.745000+00:00
253317347,135812,https://marquesasemijoias.com.br/produtos/brinco-meia-argola-cruz-cravejada-prata-925/,https://marquesasemijoias.com.br/produtos/brinco-meia-argola-cruz-cravejada-prata-925/,Brinco Meia Argola Cruz Cravejada Prata 925 Elegante,Brinco Meia Argola Cruz Cravejada Prata 925 Elegante,Descubra o Brinco Meia Argola Cruz Cravejada em Prata 925. Elegância e sofisticação para qualquer ocasião.,Descubra o Brinco Meia Argola Cruz Cravejada em Prata 925. Elegância e sofisticação para qualquer ocasião.,VALIDATED,FACTUAL_METADATA_AND_FAMILY_USE_CONTEXT,PUBLIC_VALIDATED,True,NEW_CONTENT_WRITE,True,False,False,False,UNCHANGED,True,True,True,2026-10-09T00:10:36.802Z,2026-10-16T00:10:36.802000+00:00,2026-11-06T00:10:36.802000+00:00,2026-12-04T00:10:36.802000+00:00,2027-01-01T00:10:36.802000+00:00
267641611,374378,https://marquesasemijoias.com.br/produtos/conjunto-flor-pequena-cravejada-prata-925/,https://marquesasemijoias.com.br/produtos/conjunto-flor-pequena-cravejada-prata-925/,Conjunto Flor Pequena Cravejada Prata 925 Elegância,Conjunto Flor Pequena Cravejada Prata 925 | Marquesa,Conjunto Flor Pequena Cravejada em Prata 925 com zircônias delicadas. Sofisticação e garantia vitalícia. Compre agora e realce seu estilo!,Conjunto Flor Pequena Cravejada Prata 925. Medida: 45 cm. Confira os detalhes.,VALIDATED,FACTUAL_METADATA_AND_FAMILY_USE_CONTEXT,PUBLIC_VALIDATED,True,NEW_CONTENT_WRITE,False,True,True,False,UNCHANGED,True,True,True,2026-10-09T00:10:44.907Z,2026-10-16T00:10:44.907000+00:00,2026-11-06T00:10:44.907000+00:00,2026-12-04T00:10:44.907000+00:00,2027-01-01T00:10:44.907000+00:00
267985257,332501,https://marquesasemijoias.com.br/produtos/pulseira-elos-portugueses-banho-de-ouro-18k/,https://marquesasemijoias.com.br/produtos/pulseira-elos-portugueses-banho-de-ouro-18k/,Pulseira Elos Portugueses Banho de Ouro 18k Elegante,Pulseira Elos Portugueses Banho de Ouro 18k Elegante,"Descubra a elegância da Pulseira Elos Portugueses Banho de Ouro 18k. Versátil e sofisticada, ideal para qualquer ocasião. Adquira já a sua!","Descubra a elegância da Pulseira Elos Portugueses Banho de Ouro 18k. Versátil e sofisticada, ideal para qualquer ocasião. Adquira já a sua!",SKIPPED,EXISTING_CONTENT_SUFFICIENT,EXISTING_CONTENT_SUFFICIENT,True,PRESERVED_NO_WRITE,False,False,False,False,UNCHANGED,,,True,,,,,
268010019,421089,https://marquesasemijoias.com.br/produtos/anel-regulavel-aro-duplo-liso-banho-de-ouro-18k/,https://marquesasemijoias.com.br/produtos/anel-regulavel-aro-duplo-liso-banho-de-ouro-18k/,Anel Regulável Aro Duplo Liso Banho de Ouro 18k,Anel Regulável Aro Duplo Liso Banho de Ouro 18k,"Anel regulável com design de aro duplo liso, banhado a ouro 18k. Minimalista, moderno e confortável para o dia a dia.",Anel Regulável Aro Duplo Liso Banho de Ouro 18k. Use sozinho ou em um mix de anéis. Confira os detalhes.,VALIDATED,FACTUAL_METADATA_AND_FAMILY_USE_CONTEXT,PUBLIC_VALIDATED,True,NEW_CONTENT_WRITE,True,False,True,False,UNCHANGED,True,True,True,2026-10-09T00:10:52.630Z,2026-10-16T00:10:52.630000+00:00,2026-11-06T00:10:52.630000+00:00,2026-12-04T00:10:52.630000+00:00,2027-01-01T00:10:52.630000+00:00
268012024,762279,https://marquesasemijoias.com.br/produtos/anel-regulavel-meia-bola-banho-de-ouro-18k/,https://marquesasemijoias.com.br/produtos/anel-regulavel-meia-bola-banho-de-ouro-18k/,Anel Regulável Meia Bola Banhado a Ouro 18k,Anel Regulável Meia Bola Banhado a Ouro 18k,"Descubra o Anel Regulável Meia Bola, banhado a ouro 18k. Estilo e conforto em um design elegante. Adquira já e realce sua beleza!",Anel Regulável Meia Bola Banho de Ouro 18k. Use sozinho ou em um mix de anéis. Confira os detalhes.,VALIDATED,FACTUAL_METADATA_AND_FAMILY_USE_CONTEXT,PUBLIC_VALIDATED,True,NEW_CONTENT_WRITE,True,False,True,False,UNCHANGED,True,True,True,2026-10-09T00:11:00.817Z,2026-10-16T00:11:00.817000+00:00,2026-11-06T00:11:00.817000+00:00,2026-12-04T00:11:00.817000+00:00,2027-01-01T00:11:00.817000+00:00
268033318,562633,https://marquesasemijoias.com.br/produtos/brinco-pequeno-gota-lisa-prata-925/,https://marquesasemijoias.com.br/produtos/brinco-pequeno-gota-lisa-prata-925/,Brinco Pequeno Gota Lisa em Prata 925 Elegante,Brinco Pequeno Gota Lisa em Prata 925 Elegante,"Descubra o Brinco Gota Lisa em Prata 925, ideal para qualquer ocasião. Compre já!","Descubra o Brinco Gota Lisa em Prata 925, ideal para qualquer ocasião. Compre já!",VALIDATED,FACTUAL_METADATA_AND_FAMILY_USE_CONTEXT,PUBLIC_VALIDATED,True,NEW_CONTENT_WRITE,True,False,False,False,UNCHANGED,True,True,True,2026-10-09T00:11:09.089Z,2026-10-16T00:11:09.089000+00:00,2026-11-06T00:11:09.089000+00:00,2026-12-04T00:11:09.089000+00:00,2027-01-01T00:11:09.089000+00:00
280061902,365363,https://marquesasemijoias.com.br/produtos/pulseira-esfera-oval-texturizada-banho-de-ouro-18k/,https://marquesasemijoias.com.br/produtos/pulseira-esfera-oval-texturizada-banho-de-ouro-18k/,Pulseira Esfera Oval Banho Ouro 18k Elegância e Brilho,Pulseira Esfera Oval Texturizada Banho de Ouro 18k | Marquesa,"Pulseira Esfera Oval com banho de ouro 18k, leve e sofisticada. Ideal para looks elegantes e dia a dia. Garanta já a sua com 1 ano de garantia!","Pulseira Esfera Oval Texturizada Banho de Ouro 18k. Medida: 15 cm + 4,5 cm extensor. Confira os detalhes.",VALIDATED,FACTUAL_METADATA_AND_FAMILY_USE_CONTEXT,PUBLIC_VALIDATED,True,NEW_CONTENT_WRITE,False,True,True,False,UNCHANGED,True,True,True,2026-10-09T00:11:17.288Z,2026-10-16T00:11:17.288000+00:00,2026-11-06T00:11:17.288000+00:00,2026-12-04T00:11:17.288000+00:00,2027-01-01T00:11:17.288000+00:00
281072676,433596,https://marquesasemijoias.com.br/produtos/anel-regulavel-folhagem-cravejado-banho-de-prata/,https://marquesasemijoias.com.br/produtos/anel-regulavel-folhagem-cravejado-banho-de-prata/,Anel Regulável Folhagem Cravejado em Banho de Prata,Anel Regulável Folhagem Cravejado em Banho de Prata,"Descubra o Anel Regulável Folhagem Cravejado em Banho de Prata, perfeito para adicionar elegância ao seu visual. Compre agora e brilhe!","Descubra o Anel Regulável Folhagem Cravejado em Banho de Prata, perfeito para adicionar elegância ao seu visual. Compre agora e brilhe!",VALIDATED,FACTUAL_METADATA_AND_FAMILY_USE_CONTEXT,PUBLIC_VALIDATED,True,NEW_CONTENT_WRITE,True,False,False,False,UNCHANGED,True,True,True,2026-10-09T00:11:25.342Z,2026-10-16T00:11:25.342000+00:00,2026-11-06T00:11:25.342000+00:00,2026-12-04T00:11:25.342000+00:00,2027-01-01T00:11:25.342000+00:00
281074221,191620 | 191620,https://marquesasemijoias.com.br/produtos/brinco-coracoes-pendurado-colorido-infantil-banho-de-ouro-18k/,https://marquesasemijoias.com.br/produtos/brinco-coracoes-pendurado-colorido-infantil-banho-de-ouro-18k/,Brinco Corações Pendurado Colorido Infantil 18k,Brinco Corações Pendurado Colorido Infantil 18k,Descubra o Brinco Corações Pendurado Colorido Infantil com banho de ouro 18k. Um presente delicado e durável. Adquira já o seu!,"Brinco Corações Pendurado Colorido Infantil Banho Ouro 18k. Medida: aprox. 1,4 cm. Confira os detalhes.",VALIDATED,FACTUAL_METADATA_AND_FAMILY_USE_CONTEXT,PUBLIC_VALIDATED,True,NEW_CONTENT_WRITE,True,False,True,False,UNCHANGED,True,True,True,2026-10-09T00:11:33.561Z,2026-10-16T00:11:33.561000+00:00,2026-11-06T00:11:33.561000+00:00,2026-12-04T00:11:33.561000+00:00,2027-01-01T00:11:33.561000+00:00
281079003,762280,https://marquesasemijoias.com.br/produtos/anel-regulavel-meia-bola-banho-de-prata/,https://marquesasemijoias.com.br/produtos/anel-regulavel-meia-bola-banho-de-prata/,Anel Regulável Meia Bola com Prata Elegância e Conforto,Anel Regulável Meia Bola Banho de Prata | Marquesa,"Anel regulável meia bola com banho de prata, design moderno e ajuste perfeito. Adquira já e eleve seu estilo com sofisticação e praticidade!",Anel Regulável Meia Bola Banho de Prata. Use sozinho ou em um mix de anéis. Confira os detalhes.,VALIDATED,FACTUAL_METADATA_AND_FAMILY_USE_CONTEXT,PUBLIC_VALIDATED,True,NEW_CONTENT_WRITE,True,True,True,False,UNCHANGED,True,True,True,2026-10-09T00:11:41.661Z,2026-10-16T00:11:41.661000+00:00,2026-11-06T00:11:41.661000+00:00,2026-12-04T00:11:41.661000+00:00,2027-01-01T00:11:41.661000+00:00
281080079,346626,https://marquesasemijoias.com.br/produtos/colar-coracoes-banho-de-ouro-18k/,https://marquesasemijoias.com.br/produtos/colar-coracoes-banho-de-ouro-18k/,Colar Corações Banho de Ouro 18k - Elegância e Romance,Colar Corações Banho de Ouro 18k | Marquesa,Colar Corações Banho de Ouro 18k com design delicado e brilho sofisticado. Ideal para presentear ou usar no dia a dia. Garanta já o seu!,Colar Corações Banho de Ouro 18k. Medida: 32 cm + 10 cm extensor. Confira os detalhes.,VALIDATED,FACTUAL_METADATA_AND_FAMILY_USE_CONTEXT,PUBLIC_VALIDATED,True,NEW_CONTENT_WRITE,False,True,True,False,UNCHANGED,True,True,True,2026-10-09T00:11:50.017Z,2026-10-16T00:11:50.017000+00:00,2026-11-06T00:11:50.017000+00:00,2026-12-04T00:11:50.017000+00:00,2027-01-01T00:11:50.017000+00:00
288496380,937931,https://marquesasemijoias.com.br/produtos/bracelete-onda-maximalista-banho-de-ouro-18k/,https://marquesasemijoias.com.br/produtos/bracelete-onda-maximalista-banho-de-ouro-18k/,Bracelete Onda Maximalista Banho de Ouro 18k | Marquesa,Bracelete Onda Maximalista Banho de Ouro 18k | Marquesa,Bracelete onda maximalista com banho de ouro 18k. As curvas do desenho destacam o pulso em composições marcantes. Conheça na Marquesa.,Bracelete onda maximalista com banho de ouro 18k. As curvas do desenho destacam o pulso em composições marcantes. Conheça na Marquesa.,SKIPPED,PREVIOUS_45_REAUDITED_CONTENT_PRESERVED,PREVIOUS_45_REAUDITED_CONTENT_PRESERVED,True,PREVIOUS_45_PRESERVED,False,False,False,False,UNCHANGED,,,True,2026-10-06T14:24:10.311000+00:00,2026-10-13T14:24:10.311000+00:00,2026-11-03T14:24:10.311000+00:00,2026-12-01T14:24:10.311000+00:00,2026-12-29T14:24:10.311000+00:00
288496419,103147,https://marquesasemijoias.com.br/produtos/brinco-ponto-de-luz-pequeno-banho-de-ouro-18k/,https://marquesasemijoias.com.br/produtos/brinco-ponto-de-luz-pequeno-banho-de-ouro-18k/,Brinco Ponto de Luz Pequeno Banhado a Ouro 18k | Marquesa,Brinco Ponto de Luz Pequeno Banhado a Ouro 18k | Marquesa,"Brinco Ponto de Luz Pequeno banhado a ouro 18k, com cerca de 0,3 cm. Uma semijoia discreta para o dia a dia.","Brinco Ponto de Luz Pequeno Banho de Ouro 18k. Medida: aprox. 0,3 cm. Confira os detalhes.",VALIDATED,FACTUAL_METADATA_AND_FAMILY_USE_CONTEXT,PUBLIC_VALIDATED,True,NEW_CONTENT_WRITE,False,False,True,False,UNCHANGED,True,True,True,2026-10-09T00:11:58.184Z,2026-10-16T00:11:58.184000+00:00,2026-11-06T00:11:58.184000+00:00,2026-12-04T00:11:58.184000+00:00,2027-01-01T00:11:58.184000+00:00
288496422,234635,https://marquesasemijoias.com.br/produtos/pulseira-pequenos-elos-banho-de-rodio-branco/,https://marquesasemijoias.com.br/produtos/pulseira-pequenos-elos-banho-de-rodio-branco/,Pulseira Pequenos Elos Ródio Branco Elegância e Brilho,Pulseira Pequenos Elos Ródio Branco Elegância e Brilho,"Pulseira Pequenos Elos com banho de ródio branco, leve e sofisticada. Ideal para uso diário ou ocasiões especiais. Garanta já a sua elegância!","Pulseira Pequenos Elos com banho de ródio branco, leve e sofisticada. Ideal para uso diário ou ocasiões especiais. Garanta já a sua elegância!",SKIPPED,NO_LONGER_SELLABLE_AT_RESUME_PRESERVE,NO_LONGER_SELLABLE_AT_RESUME_PRESERVE,False,PRESERVED_NO_WRITE,False,False,False,False,UNCHANGED,,,True,,,,,
288496636,224398 | 224398 | 224398,https://marquesasemijoias.com.br/produtos/anel-triangulo-zirconias-banho-de-ouro-18k/,https://marquesasemijoias.com.br/produtos/anel-triangulo-zirconias-banho-de-ouro-18k/,Anel Regulável Triângulo com Zircônias e Banho Ouro 18k,Anel Regulável Triângulo com Zircônias e Banho Ouro 18k,"Descubra o Anel Regulável Triângulo com zircônias e banho de ouro 18k, sofisticado e versátil. Ajuste perfeito e brilho duradouro. Compre agora!",Anel Triângulo Zircônias Banho de Ouro 18k. Use sozinho ou em um mix de anéis. Confira os detalhes.,VALIDATED,FACTUAL_METADATA_AND_FAMILY_USE_CONTEXT,PUBLIC_VALIDATED,True,NEW_CONTENT_WRITE,False,False,True,False,UNCHANGED,True,True,True,2026-10-09T00:12:06.388Z,2026-10-16T00:12:06.388000+00:00,2026-11-06T00:12:06.388000+00:00,2026-12-04T00:12:06.388000+00:00,2027-01-01T00:12:06.388000+00:00
288496649,895766,https://marquesasemijoias.com.br/produtos/pulseira-malha-banho-de-ouro-18k/,https://marquesasemijoias.com.br/produtos/pulseira-malha-banho-de-ouro-18k/,Pulseira Malha Banho Ouro 18k: Sofisticação e Elegância,"Pulseira Malha Banho de Ouro 18k — 15 cm + 5,0 cm extensor",Pulseira Malha Banho de Ouro 18k com brilho intenso e design moderno. Compre já e realce seu estilo!,"Pulseira Malha Banho de Ouro 18k. 15 cm + 5,0 cm extensor. Veja na Marquesa.",VALIDATED,FACTUAL_METADATA_AND_FAMILY_USE_CONTEXT,PUBLIC_VALIDATED,True,NEW_CONTENT_WRITE,False,True,True,False,UNCHANGED,True,True,True,2026-10-09T00:12:14.733Z,2026-10-16T00:12:14.733000+00:00,2026-11-06T00:12:14.733000+00:00,2026-12-04T00:12:14.733000+00:00,2027-01-01T00:12:14.733000+00:00
288496768,322736,https://marquesasemijoias.com.br/produtos/pulseira-nossa-senhora-das-gracas-e-cruz-banho-de-ouro-18k/,https://marquesasemijoias.com.br/produtos/pulseira-nossa-senhora-das-gracas-e-cruz-banho-de-ouro-18k/,Pulseira Nossa Senhora das Graças 18k com Cruz Fé,Pulseira Nossa Senhora das Graças 18k com Cruz Fé,"Pulseira Nossa Senhora das Graças com Cruz, banho de ouro 18k, une fé e estilo. Perfeita para uso diário ou ocasiões especiais. Compre já!","Pulseira Nossa Senhora das Graças com Cruz, banho de ouro 18k, une fé e estilo. Perfeita para uso diário ou ocasiões especiais. Compre já!",VALIDATED,FACTUAL_METADATA_AND_FAMILY_USE_CONTEXT,PUBLIC_VALIDATED,True,NEW_CONTENT_WRITE,True,False,False,False,UNCHANGED,True,True,True,2026-10-09T00:12:23.019Z,2026-10-16T00:12:23.019000+00:00,2026-11-06T00:12:23.019000+00:00,2026-12-04T00:12:23.019000+00:00,2027-01-01T00:12:23.019000+00:00
295130709,371098,https://marquesasemijoias.com.br/produtos/anel-gota-lisa-e-linha-zirconia-prata-925/,https://marquesasemijoias.com.br/produtos/anel-gota-lisa-e-linha-zirconia-prata-925/,Anel Gota Lisa e Linha Zircônia Prata 925 | Marquesa,Anel Gota Lisa e Linha Zircônia Prata 925 | Marquesa,"Anel gota lisa com linha de zircônia em prata 925. Design moderno, sofisticado e elegante.","Anel gota lisa com linha de zircônia em prata 925. Design moderno, sofisticado e elegante.",SKIPPED,EXISTING_CONTENT_SUFFICIENT,EXISTING_CONTENT_SUFFICIENT,True,PRESERVED_NO_WRITE,False,False,False,False,UNCHANGED,,,True,,,,,
295130770,175743,https://marquesasemijoias.com.br/produtos/argola-retangular-cravejada-banho-de-ouro-18k/,https://marquesasemijoias.com.br/produtos/argola-retangular-cravejada-banho-de-ouro-18k/,Argola Retangular Cravejada Dourada Banho de Ouro 18k,Argola Retangular Cravejada Dourada Banho de Ouro 18k,"Argola retangular cravejada em banho de ouro 18k. Design moderno, brilho intenso e sofisticação em uma peça exclusiva.","Argola retangular cravejada em banho de ouro 18k. Design moderno, brilho intenso e sofisticação em uma peça exclusiva.",SKIPPED,EXISTING_CONTENT_SUFFICIENT,EXISTING_CONTENT_SUFFICIENT,True,PRESERVED_NO_WRITE,False,False,False,False,UNCHANGED,,,True,,,,,
295130777,293386,https://marquesasemijoias.com.br/produtos/colar-pata-zirconias-cravejadas-prata-925/,https://marquesasemijoias.com.br/produtos/colar-pata-zirconias-cravejadas-prata-925/,Colar Pata Prata 925 com Zircônias Cravejadas Elegância,Colar Pata Zircônias Cravejadas Prata 925 | Marquesa,"Colar Pata Prata 925 cravejado com zircônias, ideal para amantes de pets. Compre e simbolize seu carinho!","Colar Pata Prata 925 cravejado com zircônias, ideal para amantes de pets. Compre e simbolize seu carinho!",VALIDATED,FACTUAL_METADATA_AND_FAMILY_USE_CONTEXT,PUBLIC_VALIDATED,True,NEW_CONTENT_WRITE,False,True,False,False,UNCHANGED,True,True,True,2026-10-09T00:12:31.192Z,2026-10-16T00:12:31.192000+00:00,2026-11-06T00:12:31.192000+00:00,2026-12-04T00:12:31.192000+00:00,2027-01-01T00:12:31.192000+00:00
305409191,227655,https://marquesasemijoias.com.br/produtos/berloque-separador-liso-banho-de-ouro-18k-dz9x0/,https://marquesasemijoias.com.br/produtos/berloque-separador-liso-banho-de-ouro-18k-dz9x0/,Berloque Separador Liso Banho de Ouro 18k | Marquesa,Berloque Separador Liso Banho de Ouro 18k | Marquesa,"Berloque separador liso com banho de ouro 18k e medida de cerca de 0,9 cm. Intercale com outros berloques na pulseira. Veja na Marquesa.","Berloque separador liso com banho de ouro 18k e medida de cerca de 0,9 cm. Intercale com outros berloques na pulseira. Veja na Marquesa.",SKIPPED,PREVIOUS_45_REAUDITED_CONTENT_PRESERVED,PREVIOUS_45_REAUDITED_CONTENT_PRESERVED,True,PREVIOUS_45_PRESERVED,False,False,False,False,UNCHANGED,,,True,2026-10-06T14:28:03.389000+00:00,2026-10-13T14:28:03.389000+00:00,2026-11-03T14:28:03.389000+00:00,2026-12-01T14:28:03.389000+00:00,2026-12-29T14:28:03.389000+00:00
313754760,150163 | 150164 | 150165,https://marquesasemijoias.com.br/produtos/brincos-pontos-de-luz-grande-coloridos-banho-de-ouro-18k-mq133/,https://marquesasemijoias.com.br/produtos/brincos-pontos-de-luz-grande-coloridos-banho-de-ouro-18k-mq133/,Brincos Pontos de Luz Grande Coloridos Ouro Elegância,Brincos Pontos de Luz Grande Coloridos Banho de Ouro 18k | Marquesa,"Brincos Pontos de Luz Grande Coloridos banhados a ouro, com brilho vibrante e design marcante. Perfeitos para ocasiões especiais. Compre já!","Brincos Pontos de Luz Grande Coloridos Banho de Ouro 18k. Medida: aprox. 0,7 cm. Confira os detalhes.",VALIDATED,FACTUAL_METADATA_AND_FAMILY_USE_CONTEXT,PUBLIC_VALIDATED,True,NEW_CONTENT_WRITE,True,True,True,False,UNCHANGED,True,True,True,2026-10-09T00:12:39.262Z,2026-10-16T00:12:39.262000+00:00,2026-11-06T00:12:39.262000+00:00,2026-12-04T00:12:39.262000+00:00,2027-01-01T00:12:39.262000+00:00
313808670,447953,https://marquesasemijoias.com.br/produtos/anel-solitario-detalhes-zirconias-regulavel-banho-de-ouro-18k-8u6o3/,https://marquesasemijoias.com.br/produtos/anel-solitario-detalhes-zirconias-regulavel-banho-de-ouro-18k-8u6o3/,Anel Solitário Regulável Zircônias Banho de Ouro 18k | Marquesa,Anel Solitário Regulável Zircônias Banho de Ouro 18k | Marquesa,Anel solitário regulável com zircônias e banho de ouro 18k. Pedra central e detalhes laterais para compor seu visual. Veja na Marquesa.,Anel solitário regulável com zircônias e banho de ouro 18k. Pedra central e detalhes laterais para compor seu visual. Veja na Marquesa.,SKIPPED,PREVIOUS_45_REAUDITED_CONTENT_PRESERVED,PREVIOUS_45_REAUDITED_CONTENT_PRESERVED,True,PREVIOUS_45_PRESERVED,False,False,False,False,UNCHANGED,,,True,2026-10-06T14:26:12.724000+00:00,2026-10-13T14:26:12.724000+00:00,2026-11-03T14:26:12.724000+00:00,2026-12-01T14:26:12.724000+00:00,2026-12-29T14:26:12.724000+00:00
339527474,238998,https://marquesasemijoias.com.br/produtos/conjunto-ponto-de-luz-redondo-prata-925-1y0lp/,https://marquesasemijoias.com.br/produtos/conjunto-ponto-de-luz-redondo-prata-925-1y0lp/,Conjunto Ponto de Luz Redondo Prata 925 Elegância,Conjunto Ponto de Luz Redondo Prata 925 | Marquesa,"Conjunto Ponto de Luz Redondo em Prata 925 com zircônias brilhantes. Versátil e sofisticado, realça seu estilo com brilho sutil. Compre já!","Conjunto Ponto de Luz Redondo em Prata 925 com zircônias brilhantes. Versátil e sofisticado, realça seu estilo com brilho sutil. Compre já!",VALIDATED,FACTUAL_METADATA_AND_FAMILY_USE_CONTEXT,PUBLIC_VALIDATED,True,NEW_CONTENT_WRITE,False,True,False,False,UNCHANGED,True,True,True,2026-10-09T00:12:47.338Z,2026-10-16T00:12:47.338000+00:00,2026-11-06T00:12:47.338000+00:00,2026-12-04T00:12:47.338000+00:00,2027-01-01T00:12:47.338000+00:00
339530103,443163,https://marquesasemijoias.com.br/produtos/colar-menino-cravejado-banho-de-ouro-18k-1tpxl/,https://marquesasemijoias.com.br/produtos/colar-menino-cravejado-banho-de-ouro-18k-1tpxl/,Colar Menino Cravejado Banho Ouro 18k Semijoia Delicada,Colar Menino Cravejado Banho Ouro 18k Semijoia Delicada,"Colar Menino cravejado com banho de ouro 18k, delicado e cheio de significado. Perfeito para simbolizar amor e conexão. Compre já!","Colar Menino cravejado com banho de ouro 18k, delicado e cheio de significado. Perfeito para simbolizar amor e conexão. Compre já!",SKIPPED,EXISTING_CONTENT_SUFFICIENT,EXISTING_CONTENT_SUFFICIENT,True,PRESERVED_NO_WRITE,False,False,False,False,UNCHANGED,,,True,,,,,
349205933,426964,https://marquesasemijoias.com.br/produtos/colar-trevo-zirconia-rosa-claro-banho-de-prata-1rwag/,https://marquesasemijoias.com.br/produtos/colar-trevo-zirconia-rosa-claro-banho-de-prata-1rwag/,Colar Trevo Zircônia Rosa Claro com Prata Elegante,Colar Trevo Zircônia Rosa Claro com Prata Elegante,"Colar delicado com pingente de trevo e zircônia rosa claro, banho de prata, perfeito para trazer charme e sorte no dia a dia.","Colar delicado com pingente de trevo e zircônia rosa claro, banho de prata, perfeito para trazer charme e sorte no dia a dia.",SKIPPED,NO_LONGER_SELLABLE_AT_RESUME_PRESERVE,NO_LONGER_SELLABLE_AT_RESUME_PRESERVE,False,PRESERVED_NO_WRITE,False,False,False,False,UNCHANGED,,,True,,,,,
349612202,610901,https://marquesasemijoias.com.br/produtos/colar-lua-cravejada-prata-925-1t6z7/,https://marquesasemijoias.com.br/produtos/colar-lua-cravejada-prata-925-1t6z7/,Colar Lua Cravejada Prata 925 com Design Elegante,Colar Lua Cravejada Prata 925 com Design Elegante,Colar Lua Cravejada em Prata 925 com zircônias brilhantes. Simboliza feminilidade e força. Compre já e ilumine seu estilo!,Colar Lua Cravejada em Prata 925 com zircônias brilhantes. Simboliza feminilidade e força. Compre já e ilumine seu estilo!,VALIDATED,FACTUAL_METADATA_AND_FAMILY_USE_CONTEXT,PUBLIC_VALIDATED,True,NEW_CONTENT_WRITE,True,False,False,False,UNCHANGED,True,True,True,2026-10-09T00:12:55.570Z,2026-10-16T00:12:55.570000+00:00,2026-11-06T00:12:55.570000+00:00,2026-12-04T00:12:55.570000+00:00,2027-01-01T00:12:55.570000+00:00
349689827,786858,https://marquesasemijoias.com.br/produtos/pulseira-de-berloques-fecho-coracao-prata-925-1crik/,https://marquesasemijoias.com.br/produtos/pulseira-de-berloques-fecho-coracao-prata-925-1crik/,Pulseira de Berloques Prata 925 com Fecho Coração,Pulseira de Berloques Prata 925 com Fecho Coração,"Pulseira de Berloques em Prata 925 com fecho coração, perfeita para eternizar momentos especiais. Personalize com seus berloques favoritos!","Pulseira de Berloques em Prata 925 com fecho coração, perfeita para eternizar momentos especiais. Personalize com seus berloques favoritos!",SKIPPED,EXISTING_CONTENT_SUFFICIENT,EXISTING_CONTENT_SUFFICIENT,True,PRESERVED_NO_WRITE,False,False,False,False,UNCHANGED,,,True,,,,,
359126497,275922 | 275922 | 275922 | 275922,https://marquesasemijoias.com.br/produtos/anel-duplo-elos-e-zirconias-banho-de-ouro-18k-1rfn6/,https://marquesasemijoias.com.br/produtos/anel-duplo-elos-e-zirconias-banho-de-ouro-18k-1rfn6/,Anel Duplo Elos com Zircônias Banho Ouro 18k Moderno,Anel Duplo Elos com Zircônias Banho Ouro 18k Moderno,"Anel duplo com elos e zircônias em banho de ouro 18k, design sofisticado e delicado. Compre agora e realce seu estilo contemporâneo!","Anel duplo com elos e zircônias em banho de ouro 18k, design sofisticado e delicado. Compre agora e realce seu estilo contemporâneo!",SKIPPED,EXISTING_CONTENT_SUFFICIENT,EXISTING_CONTENT_SUFFICIENT,True,PRESERVED_NO_WRITE,False,False,False,False,UNCHANGED,,,True,,,,,
359126845,346352,https://marquesasemijoias.com.br/produtos/anel-cobra-cravejada-banho-de-ouro-18k-788fs/,https://marquesasemijoias.com.br/produtos/anel-cobra-cravejada-banho-de-ouro-18k-788fs/,,,,,SKIPPED,NO_LONGER_SELLABLE_AT_RESUME_PRESERVE,NO_LONGER_SELLABLE_AT_RESUME_PRESERVE,False,PRESERVED_NO_WRITE,False,False,False,False,UNCHANGED,,,True,,,,,
359281382,171802,https://marquesasemijoias.com.br/produtos/argola-perola-banho-de-ouro-18k/,https://marquesasemijoias.com.br/produtos/argola-perola-banho-de-ouro-18k/,Argola Pérola Banho Ouro 18k Clássico e Sofisticado,Argola Pérola Banho de Ouro 18k | Marquesa,"Argola com pérola e banho de ouro 18k, une tradição e elegância em uma só peça. Semijoia hipoalergênica com garantia. Compre agora!","Argola Pérola Banho de Ouro 18k. Medida: aprox. 2,2 cm. Confira os detalhes.",VALIDATED,FACTUAL_METADATA_AND_FAMILY_USE_CONTEXT,PUBLIC_VALIDATED,True,NEW_CONTENT_WRITE,False,True,True,False,UNCHANGED,True,True,True,2026-10-09T00:13:03.971Z,2026-10-16T00:13:03.971000+00:00,2026-11-06T00:13:03.971000+00:00,2026-12-04T00:13:03.971000+00:00,2027-01-01T00:13:03.971000+00:00
359863326,136012,https://marquesasemijoias.com.br/produtos/argola-coracao-cristal-media-banho-de-ouro-18k-13npj/,https://marquesasemijoias.com.br/produtos/argola-coracao-cristal-media-banho-de-ouro-18k-13npj/,Argola Coração Cristal Média Banho Ouro 18k Elegante,Argola Coração Cristal Média Banho Ouro 18k Elegante,"Argola média com pingente coração e cristal, banho de ouro 18k. Semijoia delicada e brilhante. Compre agora e realce seu estilo!","Argola média com pingente coração e cristal, banho de ouro 18k. Semijoia delicada e brilhante. Compre agora e realce seu estilo!",SKIPPED,EXISTING_CONTENT_SUFFICIENT,EXISTING_CONTENT_SUFFICIENT,True,PRESERVED_NO_WRITE,False,False,False,False,UNCHANGED,,,True,,,,,
244521779,151618,https://marquesasemijoias.com.br/produtos/brinco-pequeno-boleado-coracao-prata-925/,https://marquesasemijoias.com.br/produtos/brinco-pequeno-boleado-coracao-prata-925/,Brinco Pequeno Coração Prata 925 - Elegância Romântica,Brinco Pequeno Boleado Coração Prata 925 | Marquesa,"Descubra o Brinco Pequeno Coração em Prata 925, uma peça romântica e delicada que traz charme ao seu dia a dia.","Descubra o Brinco Pequeno Coração em Prata 925, uma peça romântica e delicada que traz charme ao seu dia a dia.",VALIDATED,FACTUAL_METADATA_AND_FAMILY_USE_CONTEXT,PUBLIC_VALIDATED,True,NEW_CONTENT_WRITE,False,True,False,False,UNCHANGED,True,True,True,2026-10-09T00:13:12.077Z,2026-10-16T00:13:12.077000+00:00,2026-11-06T00:13:12.077000+00:00,2026-12-04T00:13:12.077000+00:00,2027-01-01T00:13:12.077000+00:00
247103477,956144,https://marquesasemijoias.com.br/produtos/tornozeleira-elo-coracao-banho-de-rodio-branco/,https://marquesasemijoias.com.br/produtos/tornozeleira-elo-coracao-banho-de-rodio-branco/,Tornozeleira Elo Coração Ródio Branco Estilo,Tornozeleira Elo Coração Ródio Branco Estilo,"Descubra a Tornozeleira Elo Coração em Ródio Branco, ideal para looks femininos. Aproveite sua delicadeza! Compre agora e realce seu estilo.","Descubra a Tornozeleira Elo Coração em Ródio Branco, ideal para looks femininos. Aproveite sua delicadeza! Compre agora e realce seu estilo.",SKIPPED,EXISTING_CONTENT_SUFFICIENT,EXISTING_CONTENT_SUFFICIENT,True,PRESERVED_NO_WRITE,False,False,False,False,UNCHANGED,,,True,,,,,
247103980,634041,https://marquesasemijoias.com.br/produtos/piercing-fake-formato-em-v-banho-de-ouro-18k/,https://marquesasemijoias.com.br/produtos/piercing-fake-formato-em-v-banho-de-ouro-18k/,Piercing Fake V Banho de Ouro 18K - Estilo e Conforto,Piercing Fake V Banho de Ouro 18K - Estilo e Conforto,"Adicione um toque fashion com o Piercing Fake V em Ouro 18K. Moderno e prático, perfeito para quem busca estilo sem perfurações. Compre agora!","Adicione um toque fashion com o Piercing Fake V em Ouro 18K. Moderno e prático, perfeito para quem busca estilo sem perfurações. Compre agora!",SKIPPED,NO_LONGER_SELLABLE_AT_RESUME_PRESERVE,NO_LONGER_SELLABLE_AT_RESUME_PRESERVE,False,PRESERVED_NO_WRITE,False,False,False,False,UNCHANGED,,,True,,,,,
247248670,102793,https://marquesasemijoias.com.br/produtos/piecing-tragus-ponto-de-luz-prata-925/,https://marquesasemijoias.com.br/produtos/piecing-tragus-ponto-de-luz-prata-925/,Piercing Trágus Ponto de Luz em Prata 925 Delicado,Piercing Trágus Ponto de Luz em Prata 925 Delicado,"Adicione brilho ao seu visual com o Piercing Trágus Ponto de Luz em Prata 925. Elegante e discreto, ideal para qualquer ocasião. Compre agora!","Adicione brilho ao seu visual com o Piercing Trágus Ponto de Luz em Prata 925. Elegante e discreto, ideal para qualquer ocasião. Compre agora!",SKIPPED,EXISTING_CONTENT_SUFFICIENT,EXISTING_CONTENT_SUFFICIENT,True,PRESERVED_NO_WRITE,False,False,False,False,UNCHANGED,,,True,,,,,
251648203,373597,https://marquesasemijoias.com.br/produtos/colar-choker-cordao-baiano-banho-de-rodio-branco/,https://marquesasemijoias.com.br/produtos/colar-choker-cordao-baiano-banho-de-rodio-branco/,Choker Cordão Baiano com Banho de Ródio Branco,Choker Cordão Baiano com Banho de Ródio Branco,Adicione elegância ao seu look com o Choker Cordão Baiano em ródio branco. Sofisticação e versatilidade em um só acessório. Compre agora!,Adicione elegância ao seu look com o Choker Cordão Baiano em ródio branco. Sofisticação e versatilidade em um só acessório. Compre agora!,VALIDATED,FACTUAL_METADATA_AND_FAMILY_USE_CONTEXT,PUBLIC_VALIDATED,True,NEW_CONTENT_WRITE,True,False,False,False,UNCHANGED,True,True,True,2026-10-09T00:13:16.925Z,2026-10-16T00:13:16.925000+00:00,2026-11-06T00:13:16.925000+00:00,2026-12-04T00:13:16.925000+00:00,2027-01-01T00:13:16.925000+00:00
251648409,706801,https://marquesasemijoias.com.br/produtos/pulseira-cordao-baiano-banho-de-ouro-18k/,https://marquesasemijoias.com.br/produtos/pulseira-cordao-baiano-banho-de-ouro-18k/,Pulseira Cordão Baiano Banho de Ouro 18k - Sofisticação,Pulseira Cordão Baiano Banho de Ouro 18k | Marquesa,"Descubra a Pulseira Cordão Baiano com banho de ouro 18k, perfeita para looks elegantes.","Pulseira Cordão Baiano Banho de Ouro 18k. 15 cm + 5,5 cm de extensor. Veja na Marquesa.",VALIDATED,FACTUAL_METADATA_AND_FAMILY_USE_CONTEXT,PUBLIC_VALIDATED,True,NEW_CONTENT_WRITE,False,True,True,False,UNCHANGED,True,True,True,2026-10-09T00:13:24.958Z,2026-10-16T00:13:24.958000+00:00,2026-11-06T00:13:24.958000+00:00,2026-12-04T00:13:24.958000+00:00,2027-01-01T00:13:24.958000+00:00
253315352,370571,https://marquesasemijoias.com.br/produtos/brinco-pequeno-osso-cravejado-prata-925/,https://marquesasemijoias.com.br/produtos/brinco-pequeno-osso-cravejado-prata-925/,Brinco Osso Cravejado Prata 925 - Brilho e Sofisticação,Brinco Pequeno Osso Cravejado Prata 925 | Marquesa,"Adquira o Brinco Pequeno Osso Cravejado em Prata 925, hipoalergênico e sofisticado. Demonstre seu amor pelos pets com estilo! Compre agora!","Brinco Pequeno Osso Cravejado Prata 925. Medida: aprox. 0,8 cm. Confira os detalhes.",VALIDATED,FACTUAL_METADATA_AND_FAMILY_USE_CONTEXT,PUBLIC_VALIDATED,True,NEW_CONTENT_WRITE,True,True,True,False,UNCHANGED,True,True,True,2026-10-09T00:13:33.225Z,2026-10-16T00:13:33.225000+00:00,2026-11-06T00:13:33.225000+00:00,2026-12-04T00:13:33.225000+00:00,2027-01-01T00:13:33.225000+00:00
253323126,287484,https://marquesasemijoias.com.br/produtos/pulseira-bolinhas-lisas-prata-925/,https://marquesasemijoias.com.br/produtos/pulseira-bolinhas-lisas-prata-925/,Pulseira Bolinhas Lisas Prata 925 - Elegância Versátil,Pulseira Bolinhas Lisas Prata 925 | Marquesa,"Descubra a Pulseira de Bolinhas Lisas em Prata 925, um acessório clássico e resistente.","Descubra a Pulseira de Bolinhas Lisas em Prata 925, um acessório clássico e resistente.",VALIDATED,FACTUAL_METADATA_AND_FAMILY_USE_CONTEXT,PUBLIC_VALIDATED,True,NEW_CONTENT_WRITE,False,True,False,False,UNCHANGED,True,True,True,2026-10-09T00:13:38.213Z,2026-10-16T00:13:38.213000+00:00,2026-11-06T00:13:38.213000+00:00,2026-12-04T00:13:38.213000+00:00,2027-01-01T00:13:38.213000+00:00
267628819,401160,https://marquesasemijoias.com.br/produtos/colar-nossa-senhora-aparecida-zirconias-azuis-prata-925/,https://marquesasemijoias.com.br/produtos/colar-nossa-senhora-aparecida-zirconias-azuis-prata-925/,Colar Nossa Senhora Aparecida com Zircônias Azuis,Colar Nossa Senhora Aparecida com Zircônias Azuis,"Colar Nossa Senhora Aparecida em Prata 925 com zircônias azuis, símbolo de fé e proteção.","Colar Nossa Senhora Aparecida em Prata 925 com zircônias azuis, símbolo de fé e proteção.",SKIPPED,EXISTING_CONTENT_SUFFICIENT,EXISTING_CONTENT_SUFFICIENT,True,PRESERVED_NO_WRITE,False,False,False,False,UNCHANGED,,,True,,,,,
280053749,420935,https://marquesasemijoias.com.br/produtos/colar-choker-cubos-e-perolas-banho-de-ouro-18k/,https://marquesasemijoias.com.br/produtos/colar-choker-cubos-e-perolas-banho-de-ouro-18k/,Colar Choker Cubos e Pérolas Banho de Ouro 18K,Colar Choker Cubos e Pérolas Banho de Ouro 18K,Adicione sofisticação ao seu look com o Colar Choker Cubos e Pérolas Banho de Ouro 18K. Um acessório elegante e atemporal. Compre agora e arrase!,Adicione sofisticação ao seu look com o Colar Choker Cubos e Pérolas Banho de Ouro 18K. Um acessório elegante e atemporal. Compre agora e arrase!,SKIPPED,EXISTING_CONTENT_SUFFICIENT,EXISTING_CONTENT_SUFFICIENT,True,PRESERVED_NO_WRITE,False,False,False,False,UNCHANGED,,,True,,,,,
280054909,362185,https://marquesasemijoias.com.br/produtos/colar-esferas-coracao-banho-de-ouro-18k/,https://marquesasemijoias.com.br/produtos/colar-esferas-coracao-banho-de-ouro-18k/,Colar Esferas Coração Banho de Ouro 18K - Sofisticação,Colar Esferas Coração Banho de Ouro 18k | Marquesa,"Encante-se com o Colar Esferas Coração Banho de Ouro 18K. Ideal para presentear, alia beleza e sentimento. Adquira já o seu e destaque-se!","Encante-se com o Colar Esferas Coração Banho de Ouro 18K. Ideal para presentear, alia beleza e sentimento. Adquira já o seu e destaque-se!",VALIDATED,FACTUAL_METADATA_AND_FAMILY_USE_CONTEXT,PUBLIC_VALIDATED,True,NEW_CONTENT_WRITE,False,True,False,False,UNCHANGED,True,True,True,2026-10-09T00:13:46.091Z,2026-10-16T00:13:46.091000+00:00,2026-11-06T00:13:46.091000+00:00,2026-12-04T00:13:46.091000+00:00,2027-01-01T00:13:46.091000+00:00
280063297,637620,https://marquesasemijoias.com.br/produtos/pulseira-snake-banho-de-ouro-18k/,https://marquesasemijoias.com.br/produtos/pulseira-snake-banho-de-ouro-18k/,Pulseira Snake Brilho Flexível com Poder e Sofisticação,Pulseira Snake Banho de Ouro 18k | Marquesa,"Pulseira feminina modelo snake com banho de ouro 18k. Flexível, brilhante e elegante. Semijoia moderna para quem ama estilo com presença.","Pulseira feminina modelo snake com banho de ouro 18k. Flexível, brilhante e elegante. Semijoia moderna para quem ama estilo com presença.",VALIDATED,FACTUAL_METADATA_AND_FAMILY_USE_CONTEXT,PUBLIC_VALIDATED,True,NEW_CONTENT_WRITE,False,True,False,False,UNCHANGED,True,True,True,2026-10-09T00:13:54.631Z,2026-10-16T00:13:54.631000+00:00,2026-11-06T00:13:54.631000+00:00,2026-12-04T00:13:54.631000+00:00,2027-01-01T00:13:54.631000+00:00
281074467,198242,https://marquesasemijoias.com.br/produtos/brinco-coracao-pendurado-chapa-infantil-banho-de-ouro/,https://marquesasemijoias.com.br/produtos/brinco-coracao-pendurado-chapa-infantil-banho-de-ouro/,Brinco Coração Pendurado Infantil Banho de Ouro,Brinco Coração Pendurado Infantil Banho de Ouro,Encante suas pequenas com o Brinco Coração Pendurado Infantil. Banho de ouro que oferece brilho duradouro e charme. Garanta já o seu!,"Brinco Coração Pendurado Chapa Infantil Banho de Ouro. Medida: aprox. 1,4 cm. Confira os detalhes.",VALIDATED,FACTUAL_METADATA_AND_FAMILY_USE_CONTEXT,PUBLIC_VALIDATED,True,NEW_CONTENT_WRITE,False,False,True,False,UNCHANGED,True,True,True,2026-10-09T00:14:02.814Z,2026-10-16T00:14:02.814000+00:00,2026-11-06T00:14:02.814000+00:00,2026-12-04T00:14:02.814000+00:00,2027-01-01T00:14:02.814000+00:00
281077078,146187,https://marquesasemijoias.com.br/produtos/brinco-organico-media-banho-de-prata/,https://marquesasemijoias.com.br/produtos/brinco-organico-media-banho-de-prata/,Brinco Orgânico Média com Banho de Prata Design Moderno,Brinco Orgânico Média com Banho de Prata Design Moderno,"Brinco Orgânico Média com banho de prata, design fluido e moderno. Garanta o seu e destaque seu estilo!","Brinco Orgânico Média Banho de Prata. Medida: aprox. 3,5 cm. Confira os detalhes.",VALIDATED,FACTUAL_METADATA_AND_FAMILY_USE_CONTEXT,PUBLIC_VALIDATED,True,NEW_CONTENT_WRITE,True,False,True,False,UNCHANGED,True,True,True,2026-10-09T00:14:10.982Z,2026-10-16T00:14:10.982000+00:00,2026-11-06T00:14:10.982000+00:00,2026-12-04T00:14:10.982000+00:00,2027-01-01T00:14:10.982000+00:00
281078676,440095,https://marquesasemijoias.com.br/produtos/pulseira-elos-cadeado-banho-de-prata/,https://marquesasemijoias.com.br/produtos/pulseira-elos-cadeado-banho-de-prata/,Pulseira Elos Cadeado Banho de Prata - Estilo Único,Pulseira Elos Cadeado Banho de Prata - Estilo Único,Transforme seu visual com a Pulseira Elos Cadeado em Banho de Prata. Compre agora!,Transforme seu visual com a Pulseira Elos Cadeado em Banho de Prata. Compre agora!,VALIDATED,FACTUAL_METADATA_AND_FAMILY_USE_CONTEXT,PUBLIC_VALIDATED,True,NEW_CONTENT_WRITE,True,False,False,False,UNCHANGED,True,True,True,2026-10-09T00:14:19.098Z,2026-10-16T00:14:19.098000+00:00,2026-11-06T00:14:19.098000+00:00,2026-12-04T00:14:19.098000+00:00,2027-01-01T00:14:19.098000+00:00
281078875,661664,https://marquesasemijoias.com.br/produtos/pulseira-elos-cartie-banho-de-prata/,https://marquesasemijoias.com.br/produtos/pulseira-elos-cartie-banho-de-prata/,Pulseira Elos Cartier Prata Elegância e Sofisticação,Pulseira Elos Cartie Banho de Prata | Marquesa,"Pulseira Elos Cartier com banho de prata, design atemporal e brilho duradouro. Ideal para diversas ocasiões. Compre agora e eleve seu estilo!","Pulseira Elos Cartier com banho de prata, design atemporal e brilho duradouro. Ideal para diversas ocasiões. Compre agora e eleve seu estilo!",VALIDATED,FACTUAL_METADATA_AND_FAMILY_USE_CONTEXT,PUBLIC_VALIDATED,True,NEW_CONTENT_WRITE,False,True,False,False,UNCHANGED,True,True,True,2026-10-09T00:14:27.178Z,2026-10-16T00:14:27.178000+00:00,2026-11-06T00:14:27.178000+00:00,2026-12-04T00:14:27.178000+00:00,2027-01-01T00:14:27.178000+00:00
288496527,102370,https://marquesasemijoias.com.br/produtos/brinco-argola-aberta-aros-cravejado-banhado-em-ouro-18k/,https://marquesasemijoias.com.br/produtos/brinco-argola-aberta-aros-cravejado-banhado-em-ouro-18k/,Brinco Argola Aberta Cravejada Banhado a Ouro 18K,Brinco Argola Aberta Cravejada Banhado a Ouro 18K,"Brinco argola aberta cravejada banhado a ouro 18K, ideal para looks sofisticados. Durável e com garantia. Compre agora e destaque sua elegância!","Brinco argola aberta cravejada banhado a ouro 18K, ideal para looks sofisticados. Durável e com garantia. Compre agora e destaque sua elegância!",SKIPPED,NO_LONGER_SELLABLE_AT_RESUME_PRESERVE,NO_LONGER_SELLABLE_AT_RESUME_PRESERVE,False,PRESERVED_NO_WRITE,False,False,False,False,UNCHANGED,,,True,,,,,
295130645,179484,https://marquesasemijoias.com.br/produtos/brinco-gota-pequena-prata-925/,https://marquesasemijoias.com.br/produtos/brinco-gota-pequena-prata-925/,Brinco Gota Pequena Prata 925 - Delicadeza Atemporal,Brinco Gota Pequena Prata 925 | Marquesa,Brinco pequeno em formato de gota cravejado em Prata 925. Elegância e delicadeza para todas as ocasiões.,Brinco pequeno em formato de gota cravejado em Prata 925. Elegância e delicadeza para todas as ocasiões.,VALIDATED,FACTUAL_METADATA_AND_FAMILY_USE_CONTEXT,PUBLIC_VALIDATED,True,NEW_CONTENT_WRITE,True,True,False,False,UNCHANGED,True,True,True,2026-10-09T00:14:35.433Z,2026-10-16T00:14:35.433000+00:00,2026-11-06T00:14:35.433000+00:00,2026-12-04T00:14:35.433000+00:00,2027-01-01T00:14:35.433000+00:00
295130662,138903,https://marquesasemijoias.com.br/produtos/brinco-pequeno-trevo-madreperola-prata-925/,https://marquesasemijoias.com.br/produtos/brinco-pequeno-trevo-madreperola-prata-925/,Brinco Pequeno Trevo Madrepérola Prata 925 - Delicado,Brinco Pequeno Trevo Madrepérola Prata 925 - Delicado,"Brinco pequeno em Prata 925 com trevo de madrepérola. Joia discreta, delicada e cheia de significado.","Brinco pequeno em Prata 925 com trevo de madrepérola. Joia discreta, delicada e cheia de significado.",VALIDATED,FACTUAL_METADATA_AND_FAMILY_USE_CONTEXT,PUBLIC_VALIDATED,True,NEW_CONTENT_WRITE,True,False,False,False,UNCHANGED,True,True,True,2026-10-09T00:14:44.030Z,2026-10-16T00:14:44.030000+00:00,2026-11-06T00:14:44.030000+00:00,2026-12-04T00:14:44.030000+00:00,2027-01-01T00:14:44.030000+00:00
295130667,152379,https://marquesasemijoias.com.br/produtos/brinco-oval-rubi-cravejado-prata-925/,https://marquesasemijoias.com.br/produtos/brinco-oval-rubi-cravejado-prata-925/,Brinco Oval Rubi Cravejado Prata 925 - Luxo e Brilho,Brinco Oval Rubi Cravejado Prata 925 | Marquesa,Brinco oval em Prata 925 cravejado com rubi e zircônias. Joia sofisticada e impactante para ocasiões especiais.,Brinco oval em Prata 925 cravejado com rubi e zircônias. Joia sofisticada e impactante para ocasiões especiais.,VALIDATED,FACTUAL_METADATA_AND_FAMILY_USE_CONTEXT,PUBLIC_VALIDATED,True,NEW_CONTENT_WRITE,False,True,False,False,UNCHANGED,True,True,True,2026-10-09T00:14:52.156Z,2026-10-16T00:14:52.156000+00:00,2026-11-06T00:14:52.156000+00:00,2026-12-04T00:14:52.156000+00:00,2027-01-01T00:14:52.156000+00:00
295130714,173653,https://marquesasemijoias.com.br/produtos/brinco-coracao-vazado-zirconias-prata-925/,https://marquesasemijoias.com.br/produtos/brinco-coracao-vazado-zirconias-prata-925/,Brinco Coração Vazado Zircônias Prata 925 | Marquesa,Brinco Coração Vazado Zircônias Prata 925 | Marquesa,"Brinco coração vazado cravejado em prata 925. Romântico, delicado e cheio de brilho.","Brinco coração vazado cravejado em prata 925. Romântico, delicado e cheio de brilho.",VALIDATED,FACTUAL_METADATA_AND_FAMILY_USE_CONTEXT,PUBLIC_VALIDATED,True,NEW_CONTENT_WRITE,True,False,False,False,UNCHANGED,True,True,True,2026-10-09T00:15:00.025Z,2026-10-16T00:15:00.025000+00:00,2026-11-06T00:15:00.025000+00:00,2026-12-04T00:15:00.025000+00:00,2027-01-01T00:15:00.025000+00:00
295130765,199967,https://marquesasemijoias.com.br/produtos/argola-quadrada-lisa-prata-925/,https://marquesasemijoias.com.br/produtos/argola-quadrada-lisa-prata-925/,Argola Quadrada Lisa Prata 925 Design Moderno,Argola Quadrada Lisa Prata 925 Design Moderno,"Argola Quadrada Lisa Prata 925 com design geométrico. Elegante, resistente e com garantia vitalícia.","Argola Quadrada Lisa Prata 925. Medida: aprox. 1,8 cm. Confira os detalhes.",VALIDATED,FACTUAL_METADATA_AND_FAMILY_USE_CONTEXT,PUBLIC_VALIDATED,True,NEW_CONTENT_WRITE,False,False,True,False,UNCHANGED,True,True,True,2026-10-09T00:15:08.276Z,2026-10-16T00:15:08.276000+00:00,2026-11-06T00:15:08.276000+00:00,2026-12-04T00:15:08.276000+00:00,2027-01-01T00:15:08.276000+00:00
297041336,796881,https://marquesasemijoias.com.br/produtos/berloque-letra-i-banho-de-ouro-18k/,https://marquesasemijoias.com.br/produtos/berloque-letra-i-banho-de-ouro-18k/,Berloque Letra I Banho de Ouro 18k | Marquesa Semijoias,Berloque Letra I Banho de Ouro 18k | Marquesa Semijoias,"Berloque letra I banhado a ouro 18k. Delicado, elegante e perfeito para personalizar pulseiras com estilo e sofisticação.",Berloque Letra I Banho de Ouro 18K. Personalize a composição da sua pulseira. Confira os detalhes.,VALIDATED,FACTUAL_METADATA_AND_FAMILY_USE_CONTEXT,PUBLIC_VALIDATED,True,NEW_CONTENT_WRITE,False,False,True,False,UNCHANGED,True,True,True,2026-10-09T00:15:16.505Z,2026-10-16T00:15:16.505000+00:00,2026-11-06T00:15:16.505000+00:00,2026-12-04T00:15:16.505000+00:00,2027-01-01T00:15:16.505000+00:00
305409078,399293,https://marquesasemijoias.com.br/produtos/pulseira-infantil-masculina-grume-banho-de-prata-xfpd0/,https://marquesasemijoias.com.br/produtos/pulseira-infantil-masculina-grume-banho-de-prata-xfpd0/,Pulseira Infantil Masculina Grume Prata Conforto,Pulseira Infantil Masculina Grume Prata Conforto,"Pulseira infantil masculina Grume em prata, resistente e confortável. Compre já e presenteie com estilo!","Pulseira infantil masculina Grume em prata, resistente e confortável. Compre já e presenteie com estilo!",SKIPPED,NO_LONGER_SELLABLE_AT_RESUME_PRESERVE,NO_LONGER_SELLABLE_AT_RESUME_PRESERVE,False,PRESERVED_NO_WRITE,False,False,False,False,UNCHANGED,,,True,,,,,
305409129,257481,https://marquesasemijoias.com.br/produtos/berloque-separador-coracao-banho-de-prata-v7k1p/,https://marquesasemijoias.com.br/produtos/berloque-separador-coracao-banho-de-prata-v7k1p/,Berloque Separador Coração Prata Delicado & Romântico,Berloque Separador Coração Banho de Prata | Marquesa,"Berloque Separador Coração banhado em prata, ideal para organizar e valorizar sua pulseira com charme e segurança.","Berloque Separador Coração Banho de Prata. Medida: aprox. 1,0 cm. Confira os detalhes.",VALIDATED,FACTUAL_METADATA_AND_FAMILY_USE_CONTEXT,PUBLIC_VALIDATED,True,NEW_CONTENT_WRITE,False,True,True,False,UNCHANGED,True,True,True,2026-10-09T00:15:25.537Z,2026-10-16T00:15:25.537000+00:00,2026-11-06T00:15:25.537000+00:00,2026-12-04T00:15:25.537000+00:00,2027-01-01T00:15:25.537000+00:00
305409136,224021,https://marquesasemijoias.com.br/produtos/trava-de-seguranca-pulseira-banho-de-prata-e95fy/,https://marquesasemijoias.com.br/produtos/trava-de-seguranca-pulseira-banho-de-prata-e95fy/,Trava de Segurança Prata para Pulseira Proteção,Trava de Segurança Pulseira Banho de Prata | Marquesa,Trava de Segurança Banho de Prata protege sua pulseira com estilo e resistência. Garanta já a sua!,"Trava de Segurança Pulseira Banho de Prata. Medida: aprox. 2,1 cm. Confira os detalhes.",VALIDATED,FACTUAL_METADATA_AND_FAMILY_USE_CONTEXT,PUBLIC_VALIDATED,True,NEW_CONTENT_WRITE,False,True,True,False,UNCHANGED,True,True,True,2026-10-09T00:15:33.882Z,2026-10-16T00:15:33.882000+00:00,2026-11-06T00:15:33.882000+00:00,2026-12-04T00:15:33.882000+00:00,2027-01-01T00:15:33.882000+00:00
305409167,230609,https://marquesasemijoias.com.br/produtos/berloque-pet-shih-tzu-banho-de-prata-0ma6c/,https://marquesasemijoias.com.br/produtos/berloque-pet-shih-tzu-banho-de-prata-0ma6c/,Berloque Pet Shih Tzu Prata com Detalhes Encantadores,Berloque Pet Shih Tzu Prata com Detalhes Encantadores,"Berloque Pet Shih Tzu Banho de Prata, leve e moderno, celebra seu amor pelo pet. Adquira já e dê estilo à sua pulseira com significado único!","Berloque Pet Shih Tzu Banho de Prata, leve e moderno, celebra seu amor pelo pet. Adquira já e dê estilo à sua pulseira com significado único!",SKIPPED,NO_LONGER_SELLABLE_AT_RESUME_PRESERVE,NO_LONGER_SELLABLE_AT_RESUME_PRESERVE,False,PRESERVED_NO_WRITE,False,False,False,False,UNCHANGED,,,True,,,,,
305409186,229915,https://marquesasemijoias.com.br/produtos/berloque-separador-vazado-com-zirconias-banho-de-prata-3fb61/,https://marquesasemijoias.com.br/produtos/berloque-separador-vazado-com-zirconias-banho-de-prata-3fb61/,Berloque Separador Vazado com Zircônias Prata Brilhante,Berloque Separador Vazado com Zircônias Banho de Prata | Marquesa,Berloque separador com zircônias e banho de prata que traz elegância e brilho à sua pulseira. Organize com estilo! Compre já!,Berloque separador com zircônias e banho de prata que traz elegância e brilho à sua pulseira. Organize com estilo! Compre já!,VALIDATED,FACTUAL_METADATA_AND_FAMILY_USE_CONTEXT,PUBLIC_VALIDATED,True,NEW_CONTENT_WRITE,False,True,False,False,UNCHANGED,True,True,True,2026-10-09T00:15:42.260Z,2026-10-16T00:15:42.260000+00:00,2026-11-06T00:15:42.260000+00:00,2026-12-04T00:15:42.260000+00:00,2027-01-01T00:15:42.260000+00:00
305409197,245657,https://marquesasemijoias.com.br/produtos/berloque-separador-liso-banho-de-prata-otp1v/,https://marquesasemijoias.com.br/produtos/berloque-separador-liso-banho-de-prata-otp1v/,Berloque Separador Liso Prata Elegância e Harmonia,Berloque Separador Liso Banho de Prata | Marquesa,Berloque Separador Liso Banho de Prata para pulseiras sofisticadas e organizadas. Garanta charme e qualidade com 1 ano de garantia. Compre já!,"Berloque Separador Liso Banho de Prata. Medida: aprox. 0,9 cm. Confira os detalhes.",VALIDATED,FACTUAL_METADATA_AND_FAMILY_USE_CONTEXT,PUBLIC_VALIDATED,True,NEW_CONTENT_WRITE,False,True,True,False,UNCHANGED,True,True,True,2026-10-09T00:15:50.314Z,2026-10-16T00:15:50.314000+00:00,2026-11-06T00:15:50.314000+00:00,2026-12-04T00:15:50.314000+00:00,2027-01-01T00:15:50.314000+00:00
305409207,277069,https://marquesasemijoias.com.br/produtos/berloque-separador-minnie-e-mickey-banho-de-prata-cdkqh/,https://marquesasemijoias.com.br/produtos/berloque-separador-minnie-e-mickey-banho-de-prata-cdkqh/,Berloque Separador Minnie e Mickey Prata Charme Disney,Berloque Separador Minnie e Mickey Prata Charme Disney,"Berloque separador Minnie e Mickey com banho de prata, design delicado e romântico. Garanta já essa peça única para sua pulseira Disney!","Berloque separador Minnie e Mickey com banho de prata, design delicado e romântico. Garanta já essa peça única para sua pulseira Disney!",SKIPPED,NO_LONGER_SELLABLE_AT_RESUME_PRESERVE,NO_LONGER_SELLABLE_AT_RESUME_PRESERVE,False,PRESERVED_NO_WRITE,False,False,False,False,UNCHANGED,,,True,,,,,
307905435,239589,https://marquesasemijoias.com.br/produtos/piercing-fake-liso-banho-de-ouro-18k-ctxci/,https://marquesasemijoias.com.br/produtos/piercing-fake-liso-banho-de-ouro-18k-ctxci/,Piercing Fake Liso Banho de Ouro 18k Estilo e Conforto,Piercing Fake Liso Banho de Ouro 18k Estilo e Conforto,"Piercing Fake liso com banho de ouro 18k, confortável e moderno. Realce seu estilo sem furar a orelha. Compre agora e arrase no visual!","Piercing Fake liso com banho de ouro 18k, confortável e moderno. Realce seu estilo sem furar a orelha. Compre agora e arrase no visual!",SKIPPED,EXISTING_CONTENT_SUFFICIENT,EXISTING_CONTENT_SUFFICIENT,True,PRESERVED_NO_WRITE,False,False,False,False,UNCHANGED,,,True,,,,,
307905489,239588,https://marquesasemijoias.com.br/produtos/piercing-fake-liso-banho-de-prata-ltepz/,https://marquesasemijoias.com.br/produtos/piercing-fake-liso-banho-de-prata-ltepz/,Piercing Fake Liso Prata: Estilo Discreto e Sofisticado,Piercing Fake Liso Banho de Prata | Marquesa,"Piercing Fake Banho de Prata, estilo sem furo, confortável e elegante. Brilho clean para qualquer ocasião. Compre agora e renove seu visual!","Piercing Fake Banho de Prata, estilo sem furo, confortável e elegante. Brilho clean para qualquer ocasião. Compre agora e renove seu visual!",VALIDATED,FACTUAL_METADATA_AND_FAMILY_USE_CONTEXT,PUBLIC_VALIDATED,True,NEW_CONTENT_WRITE,False,True,False,False,UNCHANGED,True,True,True,2026-10-09T00:15:58.486Z,2026-10-16T00:15:58.486000+00:00,2026-11-06T00:15:58.486000+00:00,2026-12-04T00:15:58.486000+00:00,2027-01-01T00:15:58.486000+00:00
307905555,215327,https://marquesasemijoias.com.br/produtos/piercing-texturizado-banho-de-prata-y7ada/,https://marquesasemijoias.com.br/produtos/piercing-texturizado-banho-de-prata-y7ada/,Piercing Texturizado Prata Estilo Sofisticado e Moderno,Piercing Texturizado Banho de Prata | Marquesa,"Piercing texturizado banho de prata, sem furo e com brilho único. Adicione estilo instantâneo e sofisticação ao seu look. Compre já o seu!","Piercing texturizado banho de prata, sem furo e com brilho único. Adicione estilo instantâneo e sofisticação ao seu look. Compre já o seu!",VALIDATED,FACTUAL_METADATA_AND_FAMILY_USE_CONTEXT,PUBLIC_VALIDATED,True,NEW_CONTENT_WRITE,False,True,False,False,UNCHANGED,True,True,True,2026-10-09T00:16:06.699Z,2026-10-16T00:16:06.699000+00:00,2026-11-06T00:16:06.699000+00:00,2026-12-04T00:16:06.699000+00:00,2027-01-01T00:16:06.699000+00:00
307906168,268267,https://marquesasemijoias.com.br/produtos/berloque-separador-zirconias-cravejadas-banho-de-prata-08047/,https://marquesasemijoias.com.br/produtos/berloque-separador-zirconias-cravejadas-banho-de-prata-08047/,Berloque Separador com Zircônias Cravejadas Prata,Berloque Separador com Zircônias Cravejadas Prata,"Berloque separador com zircônias cravejadas e banho de prata, ideal para organizar e valorizar sua pulseira. Compre agora e destaque seu estilo!","Berloque separador com zircônias cravejadas e banho de prata, ideal para organizar e valorizar sua pulseira. Compre agora e destaque seu estilo!",SKIPPED,NO_LONGER_SELLABLE_AT_RESUME_PRESERVE,NO_LONGER_SELLABLE_AT_RESUME_PRESERVE,False,PRESERVED_NO_WRITE,False,False,False,False,UNCHANGED,,,True,,,,,
307906340,237938,https://marquesasemijoias.com.br/produtos/berloque-coracao-familia-banho-de-ouro-18k-tengk/,https://marquesasemijoias.com.br/produtos/berloque-coracao-familia-banho-de-ouro-18k-tengk/,Berloque Coração Família Banho Ouro 18k - Amor e União,Berloque Coração Família Banho Ouro 18k - Amor e União,"Berloque Coração Família em banho de ouro 18k, símbolo de amor e união. Garanta já a sua peça única!","Berloque Coração Familia Banho de Ouro 18k. Medida: aprox. 1,1 cm. Confira os detalhes.",VALIDATED,FACTUAL_METADATA_AND_FAMILY_USE_CONTEXT,PUBLIC_VALIDATED,True,NEW_CONTENT_WRITE,False,False,True,False,UNCHANGED,True,True,True,2026-10-09T00:16:14.820Z,2026-10-16T00:16:14.820000+00:00,2026-11-06T00:16:14.820000+00:00,2026-12-04T00:16:14.820000+00:00,2027-01-01T00:16:14.820000+00:00
307907388,252668,https://marquesasemijoias.com.br/produtos/berloque-borboleta-cristal-banho-de-ouro-18k-et529/,https://marquesasemijoias.com.br/produtos/berloque-borboleta-cristal-banho-de-ouro-18k-et529/,Berloque Borboleta com Zircônias Banho de Ouro 18k | Marquesa,Berloque Borboleta com Zircônias Banho de Ouro 18k | Marquesa,Berloque borboleta com zircônias e banho de ouro 18k. Mede cerca de 2 cm para compor sua pulseira com brilho. Veja os detalhes na Marquesa.,Berloque borboleta com zircônias e banho de ouro 18k. Mede cerca de 2 cm para compor sua pulseira com brilho. Veja os detalhes na Marquesa.,SKIPPED,PREVIOUS_45_REAUDITED_CONTENT_PRESERVED,PREVIOUS_45_REAUDITED_CONTENT_PRESERVED,True,PREVIOUS_45_PRESERVED,False,False,False,False,UNCHANGED,,,True,2026-10-06T04:46:23.008000+00:00,2026-10-13T04:46:23.008000+00:00,2026-11-03T04:46:23.008000+00:00,2026-12-01T04:46:23.008000+00:00,2026-12-29T04:46:23.008000+00:00
307923625,220706,https://marquesasemijoias.com.br/produtos/berloque-barco-a-vela-banho-de-prata-fs7nz/,https://marquesasemijoias.com.br/produtos/berloque-barco-a-vela-banho-de-prata-fs7nz/,Berloque Barco a Vela Banho de Prata - Charme e Leveza,Berloque Barco a Vela Banho de Prata | Marquesa,"Berloque Barco a Vela Banho de Prata, símbolo de liberdade e elegância. Adicione personalidade à sua pulseira. Compre já e destaque seu estilo!","Berloque Barco a Vela Banho de Prata, símbolo de liberdade e elegância. Adicione personalidade à sua pulseira. Compre já e destaque seu estilo!",VALIDATED,FACTUAL_METADATA_AND_FAMILY_USE_CONTEXT,PUBLIC_VALIDATED,True,NEW_CONTENT_WRITE,False,True,False,False,UNCHANGED,True,True,True,2026-10-09T00:16:23.043Z,2026-10-16T00:16:23.043000+00:00,2026-11-06T00:16:23.043000+00:00,2026-12-04T00:16:23.043000+00:00,2027-01-01T00:16:23.043000+00:00
307923761,244831,https://marquesasemijoias.com.br/produtos/berloque-escrita-mae-banho-de-ouro-18k-tbfjf/,https://marquesasemijoias.com.br/produtos/berloque-escrita-mae-banho-de-ouro-18k-tbfjf/,Berloque Escrita Mãe Banho de Ouro 18k | Marquesa,Berloque Escrita Mãe Banho de Ouro 18k | Marquesa,"Berloque com a escrita Mãe, zircônias e banho de ouro 18k. Mede cerca de 2,1 cm. Um detalhe de afeto para a pulseira. Conheça na Marquesa.","Berloque com a escrita Mãe, zircônias e banho de ouro 18k. Mede cerca de 2,1 cm. Um detalhe de afeto para a pulseira. Conheça na Marquesa.",SKIPPED,PREVIOUS_45_REAUDITED_CONTENT_PRESERVED,PREVIOUS_45_REAUDITED_CONTENT_PRESERVED,True,PREVIOUS_45_PRESERVED,False,False,False,False,UNCHANGED,,,True,2026-10-05T13:53:33.527000+00:00,2026-10-12T13:53:33.527000+00:00,2026-11-02T13:53:33.527000+00:00,2026-11-30T13:53:33.527000+00:00,2026-12-28T13:53:33.527000+00:00
307924062,245186,https://marquesasemijoias.com.br/produtos/berloque-estrela-ancora-e-concha-banho-de-ouro-18k-cuwqe/,https://marquesasemijoias.com.br/produtos/berloque-estrela-ancora-e-concha-banho-de-ouro-18k-cuwqe/,"Berloque Estrela, Âncora e Concha Banho de Ouro 18k | Marquesa","Berloque Estrela, Âncora e Concha Banho de Ouro 18k | Marquesa","Berloque estrela, âncora e concha com banho de ouro 18k. Mede cerca de 2,1 cm para compor uma pulseira com tema do mar. Conheça na Marquesa.","Berloque estrela, âncora e concha com banho de ouro 18k. Mede cerca de 2,1 cm para compor uma pulseira com tema do mar. Conheça na Marquesa.",SKIPPED,PREVIOUS_45_REAUDITED_CONTENT_PRESERVED,PREVIOUS_45_REAUDITED_CONTENT_PRESERVED,True,PREVIOUS_45_PRESERVED,False,False,False,False,UNCHANGED,,,True,2026-10-05T13:53:28.763000+00:00,2026-10-12T13:53:28.763000+00:00,2026-11-02T13:53:28.763000+00:00,2026-11-30T13:53:28.763000+00:00,2026-12-28T13:53:28.763000+00:00
307924255,200750,https://marquesasemijoias.com.br/produtos/berloque-coracao-coreano-banho-de-ouro-18k-ctceg/,https://marquesasemijoias.com.br/produtos/berloque-coracao-coreano-banho-de-ouro-18k-ctceg/,Berloque Coração Coreano Banho de Ouro 18k | Marquesa,Berloque Coração Coreano Banho de Ouro 18k | Marquesa,"Berloque coração coreano com banho de ouro 18k e medida de cerca de 2,4 cm. Um detalhe de afeto para sua pulseira. Conheça na Marquesa.","Berloque coração coreano com banho de ouro 18k e medida de cerca de 2,4 cm. Um detalhe de afeto para sua pulseira. Conheça na Marquesa.",SKIPPED,PREVIOUS_45_REAUDITED_CONTENT_PRESERVED,PREVIOUS_45_REAUDITED_CONTENT_PRESERVED,True,PREVIOUS_45_PRESERVED,False,False,False,False,UNCHANGED,,,True,2026-10-06T04:49:52.843000+00:00,2026-10-13T04:49:52.843000+00:00,2026-11-03T04:49:52.843000+00:00,2026-12-01T04:49:52.843000+00:00,2026-12-29T04:49:52.843000+00:00
307924327,257124,https://marquesasemijoias.com.br/produtos/berloque-coracao-coreano-banho-de-prata-p6u2c/,https://marquesasemijoias.com.br/produtos/berloque-coracao-coreano-banho-de-prata-p6u2c/,Berloque Coração Coreano Prata Delicado e Moderno,Berloque Coração Coreano Prata Delicado e Moderno,"Berloque Coração Coreano com banho de prata, delicado e moderno. Ideal para pulseiras românticas. Garanta já a sua peça elegante e versátil!","Berloque Coração Coreano com banho de prata, delicado e moderno. Ideal para pulseiras românticas. Garanta já a sua peça elegante e versátil!",SKIPPED,NO_LONGER_SELLABLE_AT_RESUME_PRESERVE,NO_LONGER_SELLABLE_AT_RESUME_PRESERVE,False,PRESERVED_NO_WRITE,False,False,False,False,UNCHANGED,,,True,,,,,
307925711,265992,https://marquesasemijoias.com.br/produtos/berloque-batata-frita-resinada-banho-de-prata-88imk/,https://marquesasemijoias.com.br/produtos/berloque-batata-frita-resinada-banho-de-prata-88imk/,Berloque Batata Frita Resinada com Prata Estilo Único,Berloque Batata Frita Resinada com Prata Estilo Único,"Berloque Batata Frita Resinada com banho de prata, divertido e moderno. Dê personalidade à sua pulseira. Compre agora e destaque seu estilo!","Berloque Batata Frita Resinada com banho de prata, divertido e moderno. Dê personalidade à sua pulseira. Compre agora e destaque seu estilo!",SKIPPED,NO_LONGER_SELLABLE_AT_RESUME_PRESERVE,NO_LONGER_SELLABLE_AT_RESUME_PRESERVE,False,PRESERVED_NO_WRITE,False,False,False,False,UNCHANGED,,,True,,,,,
307927582,213363,https://marquesasemijoias.com.br/produtos/berloque-coca-cola-resinada-banho-de-prata-086md/,https://marquesasemijoias.com.br/produtos/berloque-coca-cola-resinada-banho-de-prata-086md/,Berloque Coca-Cola Resinada Prata Charme e Durabilidade,Berloque Coca-Cola Resinada Banho de Prata | Marquesa,"Berloque Coca-Cola com banho de prata e resina colorida, leve e durável. Compre agora e destaque seu visual!","Berloque Coca-Cola Resinada Banho de Prata. Medida: aprox. 2,5 cm. Confira os detalhes.",VALIDATED,FACTUAL_METADATA_AND_FAMILY_USE_CONTEXT,PUBLIC_VALIDATED,True,NEW_CONTENT_WRITE,True,True,True,False,UNCHANGED,True,True,True,2026-10-09T00:16:31.153Z,2026-10-16T00:16:31.153000+00:00,2026-11-06T00:16:31.153000+00:00,2026-12-04T00:16:31.153000+00:00,2027-01-01T00:16:31.153000+00:00
307929271,213649,https://marquesasemijoias.com.br/produtos/berloque-cachorro-banho-de-prata-45h7l/,https://marquesasemijoias.com.br/produtos/berloque-cachorro-banho-de-prata-45h7l/,Berloque Cachorro Prata Design Delicado e Durável,Berloque Cachorro Prata Design Delicado e Durável,Berloque Cachorro Banho de Prata com acabamento resistente e estilo moderno. Compre agora e valorize sua pulseira!,Berloque Cachorro Banho de Prata com acabamento resistente e estilo moderno. Compre agora e valorize sua pulseira!,SKIPPED,NO_LONGER_SELLABLE_AT_RESUME_PRESERVE,NO_LONGER_SELLABLE_AT_RESUME_PRESERVE,False,PRESERVED_NO_WRITE,False,False,False,False,UNCHANGED,,,True,,,,,
307931355,206722,https://marquesasemijoias.com.br/produtos/berloque-instagram-separador-banho-de-prata-j7qwl/,https://marquesasemijoias.com.br/produtos/berloque-instagram-separador-banho-de-prata-j7qwl/,Berloque Instagram Separador Prata com Design Moderno,Berloque Instagram Separador Banho de Prata | Marquesa,"Berloque Instagram separador em banho de prata, com brilho duradouro e design inspirado no ícone da rede social.","Berloque Instagram separador em banho de prata, com brilho duradouro e design inspirado no ícone da rede social.",VALIDATED,FACTUAL_METADATA_AND_FAMILY_USE_CONTEXT,PUBLIC_VALIDATED,True,NEW_CONTENT_WRITE,False,True,False,False,UNCHANGED,True,True,True,2026-10-09T00:16:36.167Z,2026-10-16T00:16:36.167000+00:00,2026-11-06T00:16:36.167000+00:00,2026-12-04T00:16:36.167000+00:00,2027-01-01T00:16:36.167000+00:00
307931492,212592,https://marquesasemijoias.com.br/produtos/berloque-separador-xicara-e-cafe-banho-de-ouro-18k-zcpxu/,https://marquesasemijoias.com.br/produtos/berloque-separador-xicara-e-cafe-banho-de-ouro-18k-zcpxu/,Berloque Separador Xícara e Café Banho de Ouro 18k | Marquesa,Berloque Separador Xícara e Café Banho de Ouro 18k | Marquesa,"Berloque separador xícara e café com banho de ouro 18k, dourado e marrom. Mede cerca de 0,8 cm. Complete sua composição na Marquesa.","Berloque separador xícara e café com banho de ouro 18k, dourado e marrom. Mede cerca de 0,8 cm. Complete sua composição na Marquesa.",SKIPPED,PREVIOUS_45_REAUDITED_CONTENT_PRESERVED,PREVIOUS_45_REAUDITED_CONTENT_PRESERVED,True,PREVIOUS_45_PRESERVED,False,False,False,False,UNCHANGED,,,True,2026-10-05T13:53:43.653000+00:00,2026-10-12T13:53:43.653000+00:00,2026-11-02T13:53:43.653000+00:00,2026-11-30T13:53:43.653000+00:00,2026-12-28T13:53:43.653000+00:00
307931596,254463,https://marquesasemijoias.com.br/produtos/berloque-separador-xicara-e-cafe-banho-de-prata-d2jln/,https://marquesasemijoias.com.br/produtos/berloque-separador-xicara-e-cafe-banho-de-prata-d2jln/,Berloque Separador Xícara e Café Prata Charme,Berloque Separador Xicara e Café Banho de Prata | Marquesa,"Berloque Separador Xícara e Café com banho de prata, leve e cheio de significado. Adicione charme à sua pulseira! Compre agora e encante-se.","Berloque Separador Xícara e Café com banho de prata, leve e cheio de significado. Adicione charme à sua pulseira! Compre agora e encante-se.",VALIDATED,FACTUAL_METADATA_AND_FAMILY_USE_CONTEXT,PUBLIC_VALIDATED,True,NEW_CONTENT_WRITE,True,True,False,False,UNCHANGED,True,True,True,2026-10-09T00:16:44.469Z,2026-10-16T00:16:44.469000+00:00,2026-11-06T00:16:44.469000+00:00,2026-12-04T00:16:44.469000+00:00,2027-01-01T00:16:44.469000+00:00
308395635,213105,https://marquesasemijoias.com.br/produtos/berloque-separador-brigadeiro-banho-de-prata-2trv9/,https://marquesasemijoias.com.br/produtos/berloque-separador-brigadeiro-banho-de-prata-2trv9/,Berloque Separador Brigadeiro Prata com Brilho e Charme,Berloque Separador Brigadeiro Banho de Prata | Marquesa,"Berloque Separador Brigadeiro com banho de prata, design delicado e resistente. Compre já e personalize seu estilo.","Berloque Separador Brigadeiro com banho de prata, design delicado e resistente. Compre já e personalize seu estilo.",VALIDATED,FACTUAL_METADATA_AND_FAMILY_USE_CONTEXT,PUBLIC_VALIDATED,True,NEW_CONTENT_WRITE,False,True,False,False,UNCHANGED,True,True,True,2026-10-09T00:16:52.722Z,2026-10-16T00:16:52.722000+00:00,2026-11-06T00:16:52.722000+00:00,2026-12-04T00:16:52.722000+00:00,2027-01-01T00:16:52.722000+00:00
308636969,286464,https://marquesasemijoias.com.br/produtos/berloque-estrela-ancora-e-concha-banho-de-prata-yilmi/,https://marquesasemijoias.com.br/produtos/berloque-estrela-ancora-e-concha-banho-de-prata-yilmi/,"Berloque Estrela, Âncora e Concha Prata Brilhante","Berloque Estrela, Âncora e Concha Banho de Prata | Marquesa","Berloque Estrela, Âncora e Concha com banho de prata, resistente e elegante. Ideal para looks praianos. Compre e leve o verão sempre com você!","Berloque Estrela, Âncora e Concha com banho de prata, resistente e elegante. Ideal para looks praianos. Compre e leve o verão sempre com você!",VALIDATED,FACTUAL_METADATA_AND_FAMILY_USE_CONTEXT,PUBLIC_VALIDATED,True,NEW_CONTENT_WRITE,True,True,False,False,UNCHANGED,True,True,True,2026-10-09T00:16:57.792Z,2026-10-16T00:16:57.792000+00:00,2026-11-06T00:16:57.792000+00:00,2026-12-04T00:16:57.792000+00:00,2027-01-01T00:16:57.792000+00:00
313754926,185247 | 185246 | 185245,https://marquesasemijoias.com.br/produtos/brincos-pontos-de-luz-coracao-coloridos-banho-de-ouro-lgnve/,https://marquesasemijoias.com.br/produtos/brincos-pontos-de-luz-coracao-coloridos-banho-de-ouro-lgnve/,Brincos Pontos de Luz Coração Coloridos com Ouro,Brincos Pontos de Luz Coração Coloridos com Ouro,Brincos delicados em formato de coração com cores suaves e banho de ouro. Elegância e charme para seu dia a dia. Compre agora!,Brincos delicados em formato de coração com cores suaves e banho de ouro. Elegância e charme para seu dia a dia. Compre agora!,SKIPPED,EXISTING_CONTENT_SUFFICIENT,EXISTING_CONTENT_SUFFICIENT,True,PRESERVED_NO_WRITE,False,False,False,False,UNCHANGED,,,True,,,,,
313755849,109994,https://marquesasemijoias.com.br/produtos/argola-quadrada-com-zirconias-banho-de-ouro-gayea/,https://marquesasemijoias.com.br/produtos/argola-quadrada-com-zirconias-banho-de-ouro-gayea/,Argola Quadrada com Zircônias Ouro Elegância Geométrica,Argola Quadrada com Zircônias Ouro Elegância Geométrica,"Descubra a argola quadrada com zircônias banhada a ouro, design moderno e brilho sofisticado. Garanta já sua semijoia exclusiva!","Descubra a argola quadrada com zircônias banhada a ouro, design moderno e brilho sofisticado. Garanta já sua semijoia exclusiva!",SKIPPED,NO_LONGER_SELLABLE_AT_RESUME_PRESERVE,NO_LONGER_SELLABLE_AT_RESUME_PRESERVE,False,PRESERVED_NO_WRITE,False,False,False,False,UNCHANGED,,,True,,,,,
313809208,392935,https://marquesasemijoias.com.br/produtos/colar-duplo-zirconias-coloridas-banho-de-ouro-18k-9q7ih/,https://marquesasemijoias.com.br/produtos/colar-duplo-zirconias-coloridas-banho-de-ouro-18k-9q7ih/,Colar Duplo Zircônias Coloridas Banho de Ouro 18k | Marquesa,Colar Duplo Zircônias Coloridas Banho de Ouro 18k | Marquesa,"Colar duplo com zircônias coloridas e banho de ouro 18k. Correntes de cerca de 40 e 43 cm, ambas com extensor de 5,5 cm. Veja na Marquesa.","Colar duplo com zircônias coloridas e banho de ouro 18k. Correntes de cerca de 40 e 43 cm, ambas com extensor de 5,5 cm. Veja na Marquesa.",SKIPPED,PREVIOUS_45_REAUDITED_CONTENT_PRESERVED,PREVIOUS_45_REAUDITED_CONTENT_PRESERVED,True,PREVIOUS_45_PRESERVED,False,False,False,False,UNCHANGED,,,True,2026-10-05T13:53:38.415000+00:00,2026-10-12T13:53:38.415000+00:00,2026-11-02T13:53:38.415000+00:00,2026-11-30T13:53:38.415000+00:00,2026-12-28T13:53:38.415000+00:00
313809437,584162,https://marquesasemijoias.com.br/produtos/colar-flor-de-lotus-colorida-banho-de-ouro-18k-jpm60/,https://marquesasemijoias.com.br/produtos/colar-flor-de-lotus-colorida-banho-de-ouro-18k-jpm60/,Colar Flor de Lótus Colorida Banho de Ouro 18k | Marquesa,Colar Flor de Lótus Colorida Banho de Ouro 18k | Marquesa,"Colar flor de lótus colorida com zircônia e banho de ouro 18k. Corrente de 45 cm e pingente de cerca de 1,7 cm. Conheça na Marquesa.","Colar flor de lótus colorida com zircônia e banho de ouro 18k. Corrente de 45 cm e pingente de cerca de 1,7 cm. Conheça na Marquesa.",SKIPPED,PREVIOUS_45_REAUDITED_CONTENT_PRESERVED,PREVIOUS_45_REAUDITED_CONTENT_PRESERVED,True,PREVIOUS_45_PRESERVED,False,False,False,False,UNCHANGED,,,True,2026-10-05T13:50:20.430000+00:00,2026-10-12T13:50:20.430000+00:00,2026-11-02T13:50:20.430000+00:00,2026-11-30T13:50:20.430000+00:00,2026-12-28T13:50:20.430000+00:00
335145026,278181,https://marquesasemijoias.com.br/produtos/colar-nossa-senhora-zirconias-incolor-prata-925-10c8k/,https://marquesasemijoias.com.br/produtos/colar-nossa-senhora-zirconias-incolor-prata-925-10c8k/,Colar Nossa Senhora Prata 925 com Zircônias Incolores,Colar Nossa Senhora Prata 925 com Zircônias Incolores,"Colar Nossa Senhora em prata 925 com zircônias incolores, delicado e sofisticado. Ideal para looks elegantes e presente significativo. Compre já!","Colar Nossa Senhora em prata 925 com zircônias incolores, delicado e sofisticado. Ideal para looks elegantes e presente significativo. Compre já!",SKIPPED,EXISTING_CONTENT_SUFFICIENT,EXISTING_CONTENT_SUFFICIENT,True,PRESERVED_NO_WRITE,False,False,False,False,UNCHANGED,,,True,,,,,
339108682,859775,https://marquesasemijoias.com.br/produtos/conjunto-coracao-liso-e-zirconias-banho-de-ouro-18k-a9b61/,https://marquesasemijoias.com.br/produtos/conjunto-coracao-liso-e-zirconias-banho-de-ouro-18k-a9b61/,Conjunto Coração Liso com Zircônias Banho Ouro 18k,Conjunto Coração Liso com Zircônias Banho Ouro 18k,Conjunto romântico em banho de ouro 18k com coração liso e zircônias. Sofisticação e elegância para qualquer ocasião. Compre agora!,Conjunto romântico em banho de ouro 18k com coração liso e zircônias. Sofisticação e elegância para qualquer ocasião. Compre agora!,SKIPPED,EXISTING_CONTENT_SUFFICIENT,EXISTING_CONTENT_SUFFICIENT,True,PRESERVED_NO_WRITE,False,False,False,False,UNCHANGED,,,True,,,,,
339108840,455109,https://marquesasemijoias.com.br/produtos/colar-veneziana-banho-de-ouro-18k-slg60/,https://marquesasemijoias.com.br/produtos/colar-veneziana-banho-de-ouro-18k-slg60/,Colar Veneziana 45 cm Banho de Ouro 18k | Marquesa,Colar Veneziana 45 cm Banho de Ouro 18k | Marquesa,Colar de corrente veneziana com 45 cm e banho de ouro 18k. Use sozinho ou em camadas com outros colares. Conheça os detalhes na Marquesa.,Colar de corrente veneziana com 45 cm e banho de ouro 18k. Use sozinho ou em camadas com outros colares. Conheça os detalhes na Marquesa.,SKIPPED,PREVIOUS_45_REAUDITED_CONTENT_PRESERVED,PREVIOUS_45_REAUDITED_CONTENT_PRESERVED,True,PREVIOUS_45_PRESERVED,False,False,False,False,UNCHANGED,,,True,2026-10-06T14:20:17.066000+00:00,2026-10-13T14:20:17.066000+00:00,2026-11-03T14:20:17.066000+00:00,2026-12-01T14:20:17.066000+00:00,2026-12-29T14:20:17.066000+00:00
339112883,210396,https://marquesasemijoias.com.br/produtos/anel-aparador-cravejado-regulavel-banho-de-ouro-18k-1qvfe/,https://marquesasemijoias.com.br/produtos/anel-aparador-cravejado-regulavel-banho-de-ouro-18k-1qvfe/,Anel Aparador Regulável com Zircônias Banho Ouro 18k,Anel Aparador Regulável com Zircônias Banho Ouro 18k,"Anel aparador cravejado, regulável e com banho de ouro 18k. Sofisticação e brilho para seu mix de anéis. Compre já o seu!","Anel aparador cravejado, regulável e com banho de ouro 18k. Sofisticação e brilho para seu mix de anéis. Compre já o seu!",SKIPPED,EXISTING_CONTENT_SUFFICIENT,EXISTING_CONTENT_SUFFICIENT,True,PRESERVED_NO_WRITE,False,False,False,False,UNCHANGED,,,True,,,,,
339177711,273974 | 273972,https://marquesasemijoias.com.br/produtos/pingente-e-separador-menino-zirconia-banho-de-prata-wt21b/,https://marquesasemijoias.com.br/produtos/pingente-e-separador-menino-zirconia-banho-de-prata-wt21b/,Pingente Menino Zircônia Prata Delicado e Significativo,Pingente e Separador Menino Zircônia Banho de Prata | Marquesa,"Pingente e separador menino com banho de prata e zircônias brilhantes, perfeito para eternizar momentos especiais. Compre agora e emocione-se!","Pingente e separador menino com banho de prata e zircônias brilhantes, perfeito para eternizar momentos especiais. Compre agora e emocione-se!",VALIDATED,FACTUAL_METADATA_AND_FAMILY_USE_CONTEXT,PUBLIC_VALIDATED,True,NEW_CONTENT_WRITE,False,True,False,False,UNCHANGED,True,True,True,2026-10-09T00:17:05.912Z,2026-10-16T00:17:05.912000+00:00,2026-11-06T00:17:05.912000+00:00,2026-12-04T00:17:05.912000+00:00,2027-01-01T00:17:05.912000+00:00
339445035,273970 | 273968,https://marquesasemijoias.com.br/produtos/pingente-e-separador-menina-zirconia-banho-de-prata-coxwl/,https://marquesasemijoias.com.br/produtos/pingente-e-separador-menina-zirconia-banho-de-prata-coxwl/,Pingente Menina Zircônia Prata Delicado e Sofisticado,Pingente e Separador Menina Zircônia Banho de Prata | Marquesa,"Pingente e separador menina com zircônia em banho de prata, delicadeza e brilho para eternizar momentos especiais. Compre agora!","Pingente e separador menina com zircônia em banho de prata, delicadeza e brilho para eternizar momentos especiais. Compre agora!",VALIDATED,FACTUAL_METADATA_AND_FAMILY_USE_CONTEXT,PUBLIC_VALIDATED,True,NEW_CONTENT_WRITE,False,True,False,False,UNCHANGED,True,True,True,2026-10-09T00:17:14.780Z,2026-10-16T00:17:14.780000+00:00,2026-11-06T00:17:14.780000+00:00,2026-12-04T00:17:14.780000+00:00,2027-01-01T00:17:14.780000+00:00
339529709,224554,https://marquesasemijoias.com.br/produtos/colar-gargantilha-ramo-ondulado-cravejado-prata-925-6lvvy/,https://marquesasemijoias.com.br/produtos/colar-gargantilha-ramo-ondulado-cravejado-prata-925-6lvvy/,Colar Gargantilha Ramo Ondulado Cravejado Prata 925,Colar Gargantilha Ramo Ondulado Cravejado Prata 925,"Gargantilha Ramo Ondulado em Prata 925 com zircônias, design delicado e sofisticado. Realce seu look com charme e feminilidade. Compre agora!","Gargantilha Ramo Ondulado em Prata 925 com zircônias, design delicado e sofisticado. Realce seu look com charme e feminilidade. Compre agora!",SKIPPED,EXISTING_CONTENT_SUFFICIENT,EXISTING_CONTENT_SUFFICIENT,True,PRESERVED_NO_WRITE,False,False,False,False,UNCHANGED,,,True,,,,,
339715447,721946 | 649596,https://marquesasemijoias.com.br/produtos/pingente-menina-cravejada-banho-de-prata-5ixpb/,https://marquesasemijoias.com.br/produtos/pingente-menina-cravejada-banho-de-prata-5ixpb/,Pingente Menina Cravejada Prata Delicado e Sofisticado,Pingente Menina Cravejada Banho de Prata | Marquesa,"Pingente Menina Cravejada Banho de Prata com zircônias, design delicado e hipoalergênico. Adquira já e conte sua história com estilo!","Pingente Menina Cravejada Banho de Prata. Medida: aprox. 3,0 cm. Confira os detalhes.",VALIDATED,FACTUAL_METADATA_AND_FAMILY_USE_CONTEXT,PUBLIC_VALIDATED,True,NEW_CONTENT_WRITE,False,True,True,False,UNCHANGED,True,True,True,2026-10-09T00:17:22.998Z,2026-10-16T00:17:22.998000+00:00,2026-11-06T00:17:22.998000+00:00,2026-12-04T00:17:22.998000+00:00,2027-01-01T00:17:22.998000+00:00
339715485,718220 | 640508,https://marquesasemijoias.com.br/produtos/pingente-menino-cravejada-banho-de-prata-zjn9i/,https://marquesasemijoias.com.br/produtos/pingente-menino-cravejada-banho-de-prata-zjn9i/,Pingente Menino Cravejado em Prata Delicado e Brilhante,Pingente Menino Cravejada Banho de Prata | Marquesa,"Descubra o Pingente Menino cravejado com banho de prata, delicado e cheio de significado. Ideal para colares e pulseiras. Compre já!","Descubra o Pingente Menino cravejado com banho de prata, delicado e cheio de significado. Ideal para colares e pulseiras. Compre já!",VALIDATED,FACTUAL_METADATA_AND_FAMILY_USE_CONTEXT,PUBLIC_VALIDATED,True,NEW_CONTENT_WRITE,False,True,False,False,UNCHANGED,True,True,True,2026-10-09T00:17:31.440Z,2026-10-16T00:17:31.440000+00:00,2026-11-06T00:17:31.440000+00:00,2026-12-04T00:17:31.440000+00:00,2027-01-01T00:17:31.440000+00:00
349612530,123741,https://marquesasemijoias.com.br/produtos/brinco-coracao-pendurado-prata-925-y1ioe/,https://marquesasemijoias.com.br/produtos/brinco-coracao-pendurado-prata-925-y1ioe/,Brinco Coração Pendurado Prata 925 Joia Delicada,Brinco Coração Pendurado Prata 925 Joia Delicada,"Brinco Coração Pendurado em Prata 925, delicado e romântico. Design elegante que valoriza seu visual. Compre já e destaque seu charme!","Brinco Coração Pendurado em Prata 925, delicado e romântico. Design elegante que valoriza seu visual. Compre já e destaque seu charme!",SKIPPED,EXISTING_CONTENT_SUFFICIENT,EXISTING_CONTENT_SUFFICIENT,True,PRESERVED_NO_WRITE,False,False,False,False,UNCHANGED,,,True,,,,,
349614806,740464,https://marquesasemijoias.com.br/produtos/pulseira-masculina-cartie-diamantada-banho-de-prata-flvtd/,https://marquesasemijoias.com.br/produtos/pulseira-masculina-cartie-diamantada-banho-de-prata-flvtd/,Pulseira Masculina Cartier Diamantada com Prata 21cm,Pulseira Masculina Cartie Diamantada Banho de Prata | Marquesa,"Pulseira masculina Cartier diamantada com banho de prata, 21cm, estilo sofisticado e confortável. Compre agora e destaque seu visual!","Pulseira masculina Cartier diamantada com banho de prata, 21cm, estilo sofisticado e confortável. Compre agora e destaque seu visual!",VALIDATED,FACTUAL_METADATA_AND_FAMILY_USE_CONTEXT,PUBLIC_VALIDATED,True,NEW_CONTENT_WRITE,False,True,False,False,UNCHANGED,True,True,True,2026-10-09T00:17:36.611Z,2026-10-16T00:17:36.611000+00:00,2026-11-06T00:17:36.611000+00:00,2026-12-04T00:17:36.611000+00:00,2027-01-01T00:17:36.611000+00:00
349690353,653532,https://marquesasemijoias.com.br/produtos/colar-gargantilha-borboleta-vazado-cravejado-prata-925-9mijk/,https://marquesasemijoias.com.br/produtos/colar-gargantilha-borboleta-vazado-cravejado-prata-925-9mijk/,Colar Gargantilha Borboleta Cravejado Prata 925,Colar Gargantilha Borboleta Cravejado Prata 925,"Colar gargantilha com pingente borboleta cravejado em prata 925, símbolo de liberdade e delicadeza. Compre e renove seu estilo!","Colar gargantilha com pingente borboleta cravejado em prata 925, símbolo de liberdade e delicadeza. Compre e renove seu estilo!",SKIPPED,EXISTING_CONTENT_SUFFICIENT,EXISTING_CONTENT_SUFFICIENT,True,PRESERVED_NO_WRITE,False,False,False,False,UNCHANGED,,,True,,,,,
359126319,268352 | 268352,https://marquesasemijoias.com.br/produtos/anel-base-reta-com-zirconia-banho-de-ouro-18k-1dh6a/,https://marquesasemijoias.com.br/produtos/anel-base-reta-com-zirconia-banho-de-ouro-18k-1dh6a/,Anel Base Reta com Zircônia Banho Ouro 18k Sofisticado,Anel Base Reta com Zircônia Banho de Ouro 18k | Marquesa,"Anel base reta com zircônia e banho de ouro 18k, design moderno e brilho elegante. Compre e realce seu estilo com sofisticação!","Anel base reta com zircônia e banho de ouro 18k, design moderno e brilho elegante. Compre e realce seu estilo com sofisticação!",VALIDATED,FACTUAL_METADATA_AND_FAMILY_USE_CONTEXT,PUBLIC_VALIDATED,True,NEW_CONTENT_WRITE,False,True,False,False,UNCHANGED,True,True,True,2026-10-09T00:17:44.941Z,2026-10-16T00:17:44.941000+00:00,2026-11-06T00:17:44.941000+00:00,2026-12-04T00:17:44.941000+00:00,2027-01-01T00:17:44.941000+00:00
359126581,377535 | 377535 | 377535,https://marquesasemijoias.com.br/produtos/anel-linhas-e-x-cravejado-banho-de-ouro-18k-1e09n/,https://marquesasemijoias.com.br/produtos/anel-linhas-e-x-cravejado-banho-de-ouro-18k-1e09n/,Anel Linhas e X Cravejado Banho Ouro 18k Sofisticação,Anel Linhas e X Cravejado Banho de Ouro 18k | Marquesa,"Anel Linhas e X cravejado com banho de ouro 18k, design moderno e delicado. Compre e realce seu estilo com elegância e brilho!","Anel Linhas e X cravejado com banho de ouro 18k, design moderno e delicado. Compre e realce seu estilo com elegância e brilho!",VALIDATED,FACTUAL_METADATA_AND_FAMILY_USE_CONTEXT,PUBLIC_VALIDATED,True,NEW_CONTENT_WRITE,False,True,False,False,UNCHANGED,True,True,True,2026-10-09T00:17:53.309Z,2026-10-16T00:17:53.309000+00:00,2026-11-06T00:17:53.309000+00:00,2026-12-04T00:17:53.309000+00:00,2027-01-01T00:17:53.309000+00:00
359281246,171241,https://marquesasemijoias.com.br/produtos/brincos-pontos-de-luz-incolor-banho-de-ouro/,https://marquesasemijoias.com.br/produtos/brincos-pontos-de-luz-incolor-banho-de-ouro/,Brincos Pontos de Luz Incolor Banho Ouro Clássico,Brincos Pontos de Luz Incolor Banho Ouro Clássico,"Brincos ponto de luz incolor com banho de ouro, brilho discreto que combina com tudo. Semijoia hipoalergênica. Compre agora e use todos os dias!","Brincos Pontos de Luz Incolor Banho de Ouro 18k. Medida: aprox. 0,5 cm. Confira os detalhes.",VALIDATED,FACTUAL_METADATA_AND_FAMILY_USE_CONTEXT,PUBLIC_VALIDATED,True,NEW_CONTENT_WRITE,True,False,True,False,UNCHANGED,True,True,True,2026-10-09T00:18:01.585Z,2026-10-16T00:18:01.585000+00:00,2026-11-06T00:18:01.585000+00:00,2026-12-04T00:18:01.585000+00:00,2027-01-01T00:18:01.585000+00:00
359281420,101665,https://marquesasemijoias.com.br/produtos/brinco-perola/,https://marquesasemijoias.com.br/produtos/brinco-perola/,Brinco Pérola Semijoia Elegante e Atemporal,Brinco Pérola Semijoia Elegante e Atemporal,"Brinco de pérola com acabamento refinado, elegante e atemporal para qualquer ocasião. Semijoia hipoalergênica. Compre e realce sua feminilidade!","Brinco Pérola Rococó Banho de Ouro 18k. Medida: aprox. 1,0 cm. Confira os detalhes.",VALIDATED,FACTUAL_METADATA_AND_FAMILY_USE_CONTEXT,PUBLIC_VALIDATED,True,NEW_CONTENT_WRITE,False,False,True,False,UNCHANGED,True,True,True,2026-10-09T00:18:09.700Z,2026-10-16T00:18:09.700000+00:00,2026-11-06T00:18:09.700000+00:00,2026-12-04T00:18:09.700000+00:00,2027-01-01T00:18:09.700000+00:00
360206411,204997,https://marquesasemijoias.com.br/produtos/colar-longo-coracoes-banho-de-ouro-18k/,https://marquesasemijoias.com.br/produtos/colar-longo-coracoes-banho-de-ouro-18k/,Colar Longo Corações Banho de Ouro 18k - Elegância Feminina,Colar Longo Corações Banho de Ouro 18k | Marquesa,"Colar longo com corações delicados, banho de ouro 18k e 80cm de comprimento. Sofisticação e estilo para seu look. Compre agora!","Colar longo com corações delicados, banho de ouro 18k e 80cm de comprimento. Sofisticação e estilo para seu look. Compre agora!",VALIDATED,FACTUAL_METADATA_AND_FAMILY_USE_CONTEXT,PUBLIC_VALIDATED,True,NEW_CONTENT_WRITE,False,True,False,False,UNCHANGED,True,True,True,2026-10-09T00:18:17.820Z,2026-10-16T00:18:17.820000+00:00,2026-11-06T00:18:17.820000+00:00,2026-12-04T00:18:17.820000+00:00,2027-01-01T00:18:17.820000+00:00
360206450,442233,https://marquesasemijoias.com.br/produtos/colar-elo-portugues-diamantada-banho-de-ouro-18k/,https://marquesasemijoias.com.br/produtos/colar-elo-portugues-diamantada-banho-de-ouro-18k/,Colar Elo Português Diamantado Banho de Ouro 18k | Marquesa,Colar Elo Português Diamantado Banho de Ouro 18k | Marquesa,Colar de elos portugueses com acabamento diamantado e banho de ouro 18k. Corrente de 45 cm para usar sozinha ou em camadas. Veja na Marquesa.,Colar de elos portugueses com acabamento diamantado e banho de ouro 18k. Corrente de 45 cm para usar sozinha ou em camadas. Veja na Marquesa.,SKIPPED,PREVIOUS_45_REAUDITED_CONTENT_PRESERVED,PREVIOUS_45_REAUDITED_CONTENT_PRESERVED,True,PREVIOUS_45_PRESERVED,False,False,False,False,UNCHANGED,,,True,2026-10-06T04:57:51.496000+00:00,2026-10-13T04:57:51.496000+00:00,2026-11-03T04:57:51.496000+00:00,2026-12-01T04:57:51.496000+00:00,2026-12-29T04:57:51.496000+00:00
360677430,353858,https://marquesasemijoias.com.br/produtos/pulseira-masculino-elos-longo-fecho-gaveta-banho-de-ouro-18k/,https://marquesasemijoias.com.br/produtos/pulseira-masculino-elos-longo-fecho-gaveta-banho-de-ouro-18k/,Pulseira Masculina Elos Longos Banho de Ouro 18k | Marquesa,Pulseira Masculina Elos Longos Banho de Ouro 18k | Marquesa,"Pulseira masculina de elos longos, fecho gaveta e banho de ouro 18k. Mede 23 cm para destacar o pulso. Veja os detalhes na Marquesa.","Pulseira masculina de elos longos, fecho gaveta e banho de ouro 18k. Mede 23 cm para destacar o pulso. Veja os detalhes na Marquesa.",SKIPPED,PREVIOUS_45_REAUDITED_CONTENT_PRESERVED,PREVIOUS_45_REAUDITED_CONTENT_PRESERVED,True,PREVIOUS_45_PRESERVED,False,False,False,False,UNCHANGED,,,True,2026-10-06T14:32:11.506000+00:00,2026-10-13T14:32:11.506000+00:00,2026-11-03T14:32:11.506000+00:00,2026-12-01T14:32:11.506000+00:00,2026-12-29T14:32:11.506000+00:00
267827098,[private snapshot],[private snapshot],[private snapshot],[private snapshot],[private snapshot],[private snapshot],[private snapshot],SKIPPED,HIDDEN_OR_UNPUBLISHED_PRESERVE,HIDDEN_OR_UNPUBLISHED_PRESERVE,False,PRESERVED_NO_WRITE,False,False,False,False,UNCHANGED,,,,,,,,
288496457,[private snapshot],[private snapshot],[private snapshot],[private snapshot],[private snapshot],[private snapshot],[private snapshot],SKIPPED,HIDDEN_OR_UNPUBLISHED_PRESERVE,HIDDEN_OR_UNPUBLISHED_PRESERVE,False,PRESERVED_NO_WRITE,False,False,False,False,UNCHANGED,,,,,,,,
288496465,[private snapshot],[private snapshot],[private snapshot],[private snapshot],[private snapshot],[private snapshot],[private snapshot],SKIPPED,HIDDEN_OR_UNPUBLISHED_PRESERVE,HIDDEN_OR_UNPUBLISHED_PRESERVE,False,PRESERVED_NO_WRITE,False,False,False,False,UNCHANGED,,,,,,,,
288496641,[private snapshot],[private snapshot],[private snapshot],[private snapshot],[private snapshot],[private snapshot],[private snapshot],SKIPPED,HIDDEN_OR_UNPUBLISHED_PRESERVE,HIDDEN_OR_UNPUBLISHED_PRESERVE,False,PRESERVED_NO_WRITE,False,False,False,False,UNCHANGED,,,,,,,,
288496684,[private snapshot],[private snapshot],[private snapshot],[private snapshot],[private snapshot],[private snapshot],[private snapshot],SKIPPED,HIDDEN_OR_UNPUBLISHED_PRESERVE,HIDDEN_OR_UNPUBLISHED_PRESERVE,False,PRESERVED_NO_WRITE,False,False,False,False,UNCHANGED,,,,,,,,
288496690,[private snapshot],[private snapshot],[private snapshot],[private snapshot],[private snapshot],[private snapshot],[private snapshot],SKIPPED,HIDDEN_OR_UNPUBLISHED_PRESERVE,HIDDEN_OR_UNPUBLISHED_PRESERVE,False,PRESERVED_NO_WRITE,False,False,False,False,UNCHANGED,,,,,,,,
288496696,[private snapshot],[private snapshot],[private snapshot],[private snapshot],[private snapshot],[private snapshot],[private snapshot],SKIPPED,HIDDEN_OR_UNPUBLISHED_PRESERVE,HIDDEN_OR_UNPUBLISHED_PRESERVE,False,PRESERVED_NO_WRITE,False,False,False,False,UNCHANGED,,,,,,,,
295130617,[private snapshot],[private snapshot],[private snapshot],[private snapshot],[private snapshot],[private snapshot],[private snapshot],SKIPPED,HIDDEN_OR_UNPUBLISHED_PRESERVE,HIDDEN_OR_UNPUBLISHED_PRESERVE,False,PRESERVED_NO_WRITE,False,False,False,False,UNCHANGED,,,,,,,,
305254146,[private snapshot],[private snapshot],[private snapshot],[private snapshot],[private snapshot],[private snapshot],[private snapshot],SKIPPED,HIDDEN_OR_UNPUBLISHED_PRESERVE,HIDDEN_OR_UNPUBLISHED_PRESERVE,False,PRESERVED_NO_WRITE,False,False,False,False,UNCHANGED,,,,,,,,
305408398,[private snapshot],[private snapshot],[private snapshot],[private snapshot],[private snapshot],[private snapshot],[private snapshot],SKIPPED,HIDDEN_OR_UNPUBLISHED_PRESERVE,HIDDEN_OR_UNPUBLISHED_PRESERVE,False,PRESERVED_NO_WRITE,False,False,False,False,UNCHANGED,,,,,,,,
313638460,[private snapshot],[private snapshot],[private snapshot],[private snapshot],[private snapshot],[private snapshot],[private snapshot],SKIPPED,HIDDEN_OR_UNPUBLISHED_PRESERVE,HIDDEN_OR_UNPUBLISHED_PRESERVE,False,PRESERVED_NO_WRITE,False,False,False,False,UNCHANGED,,,,,,,,
313643805,[private snapshot],[private snapshot],[private snapshot],[private snapshot],[private snapshot],[private snapshot],[private snapshot],SKIPPED,HIDDEN_OR_UNPUBLISHED_PRESERVE,HIDDEN_OR_UNPUBLISHED_PRESERVE,False,PRESERVED_NO_WRITE,False,False,False,False,UNCHANGED,,,,,,,,
313753985,[private snapshot],[private snapshot],[private snapshot],[private snapshot],[private snapshot],[private snapshot],[private snapshot],SKIPPED,HIDDEN_OR_UNPUBLISHED_PRESERVE,HIDDEN_OR_UNPUBLISHED_PRESERVE,False,PRESERVED_NO_WRITE,False,False,False,False,UNCHANGED,,,,,,,,
313756400,[private snapshot],[private snapshot],[private snapshot],[private snapshot],[private snapshot],[private snapshot],[private snapshot],SKIPPED,HIDDEN_OR_UNPUBLISHED_PRESERVE,HIDDEN_OR_UNPUBLISHED_PRESERVE,False,PRESERVED_NO_WRITE,False,False,False,False,UNCHANGED,,,,,,,,
313757410,[private snapshot],[private snapshot],[private snapshot],[private snapshot],[private snapshot],[private snapshot],[private snapshot],SKIPPED,HIDDEN_OR_UNPUBLISHED_PRESERVE,HIDDEN_OR_UNPUBLISHED_PRESERVE,False,PRESERVED_NO_WRITE,False,False,False,False,UNCHANGED,,,,,,,,
313809021,[private snapshot],[private snapshot],[private snapshot],[private snapshot],[private snapshot],[private snapshot],[private snapshot],SKIPPED,HIDDEN_OR_UNPUBLISHED_PRESERVE,HIDDEN_OR_UNPUBLISHED_PRESERVE,False,PRESERVED_NO_WRITE,False,False,False,False,UNCHANGED,,,,,,,,
313809084,[private snapshot],[private snapshot],[private snapshot],[private snapshot],[private snapshot],[private snapshot],[private snapshot],SKIPPED,HIDDEN_OR_UNPUBLISHED_PRESERVE,HIDDEN_OR_UNPUBLISHED_PRESERVE,False,PRESERVED_NO_WRITE,False,False,False,False,UNCHANGED,,,,,,,,
339108924,[private snapshot],[private snapshot],[private snapshot],[private snapshot],[private snapshot],[private snapshot],[private snapshot],SKIPPED,HIDDEN_OR_UNPUBLISHED_PRESERVE,HIDDEN_OR_UNPUBLISHED_PRESERVE,False,PRESERVED_NO_WRITE,False,False,False,False,UNCHANGED,,,,,,,,
339526926,[private snapshot],[private snapshot],[private snapshot],[private snapshot],[private snapshot],[private snapshot],[private snapshot],SKIPPED,HIDDEN_OR_UNPUBLISHED_PRESERVE,HIDDEN_OR_UNPUBLISHED_PRESERVE,False,PRESERVED_NO_WRITE,False,False,False,False,UNCHANGED,,,,,,,,
339530356,[private snapshot],[private snapshot],[private snapshot],[private snapshot],[private snapshot],[private snapshot],[private snapshot],SKIPPED,HIDDEN_OR_UNPUBLISHED_PRESERVE,HIDDEN_OR_UNPUBLISHED_PRESERVE,False,PRESERVED_NO_WRITE,False,False,False,False,UNCHANGED,,,,,,,,
339530911,[private snapshot],[private snapshot],[private snapshot],[private snapshot],[private snapshot],[private snapshot],[private snapshot],SKIPPED,HIDDEN_OR_UNPUBLISHED_PRESERVE,HIDDEN_OR_UNPUBLISHED_PRESERVE,False,PRESERVED_NO_WRITE,False,False,False,False,UNCHANGED,,,,,,,,
349206010,[private snapshot],[private snapshot],[private snapshot],[private snapshot],[private snapshot],[private snapshot],[private snapshot],SKIPPED,HIDDEN_OR_UNPUBLISHED_PRESERVE,HIDDEN_OR_UNPUBLISHED_PRESERVE,False,PRESERVED_NO_WRITE,False,False,False,False,UNCHANGED,,,,,,,,
349611452,[private snapshot],[private snapshot],[private snapshot],[private snapshot],[private snapshot],[private snapshot],[private snapshot],SKIPPED,HIDDEN_OR_UNPUBLISHED_PRESERVE,HIDDEN_OR_UNPUBLISHED_PRESERVE,False,PRESERVED_NO_WRITE,False,False,False,False,UNCHANGED,,,,,,,,
360206435,[private snapshot],[private snapshot],[private snapshot],[private snapshot],[private snapshot],[private snapshot],[private snapshot],SKIPPED,HIDDEN_OR_UNPUBLISHED_PRESERVE,HIDDEN_OR_UNPUBLISHED_PRESERVE,False,PRESERVED_NO_WRITE,False,False,False,False,UNCHANGED,,,,,,,,
267695614,262469,https://marquesasemijoias.com.br/produtos/brinco-flor-cristal-banho-de-ouro-18k/,https://marquesasemijoias.com.br/produtos/brinco-flor-cristal-banho-de-ouro-18k/,Brinco Flor Cristal Ouro 18k Elegância e Brilho,Brinco Flor Cristal Ouro 18k Elegância e Brilho,"Encante-se com o Brinco Flor Cristal Banho de Ouro 18k. Ideal para ocasiões especiais, traz leveza e romantismo ao seu visual. Adquira já o seu!","Encante-se com o Brinco Flor Cristal Banho de Ouro 18k. Ideal para ocasiões especiais, traz leveza e romantismo ao seu visual. Adquira já o seu!",SKIPPED,NO_SELLABLE_VARIANT_PRESERVE,NO_SELLABLE_VARIANT_PRESERVE,False,PRESERVED_NO_WRITE,False,False,False,False,UNCHANGED,,,True,,,,,
288496407,190359,https://marquesasemijoias.com.br/produtos/brinco-quadrado-com-perola-banho-de-ouro-18k/,https://marquesasemijoias.com.br/produtos/brinco-quadrado-com-perola-banho-de-ouro-18k/,Brinco Quadrado com Pérola Ouro 18k Elegância,Brinco Quadrado com Pérola Ouro 18k Elegância,"Brinco quadrado com pérola em banho de ouro 18k, design moderno e sofisticado. Compre já e destaque seu estilo!","Brinco quadrado com pérola em banho de ouro 18k, design moderno e sofisticado. Compre já e destaque seu estilo!",SKIPPED,NO_SELLABLE_VARIANT_PRESERVE,NO_SELLABLE_VARIANT_PRESERVE,False,PRESERVED_NO_WRITE,False,False,False,False,UNCHANGED,,,True,,,,,
288496484,102798,https://marquesasemijoias.com.br/produtos/brinco-grande-elos-entrelacados-banho-de-ouro-18k/,https://marquesasemijoias.com.br/produtos/brinco-grande-elos-entrelacados-banho-de-ouro-18k/,Brinco Grande Elos Entrelaçados Ouro 18k Luxo,Brinco Grande Elos Entrelaçados Ouro 18k Luxo,Brinco Grande Elos Entrelaçados banhado a Ouro 18k. Sofisticação e impacto em uma peça de luxo exclusiva da Marquesa Semijoias.,Brinco Grande Elos Entrelaçados banhado a Ouro 18k. Sofisticação e impacto em uma peça de luxo exclusiva da Marquesa Semijoias.,SKIPPED,NO_SELLABLE_VARIANT_PRESERVE,NO_SELLABLE_VARIANT_PRESERVE,False,PRESERVED_NO_WRITE,False,False,False,False,UNCHANGED,,,True,,,,,
288496499,113626,https://marquesasemijoias.com.br/produtos/brinco-tres-linhas-detalhe-zirconias-banho-de-ouro-18k/,https://marquesasemijoias.com.br/produtos/brinco-tres-linhas-detalhe-zirconias-banho-de-ouro-18k/,Brinco Três Linhas com Zircônias Ouro 18k Sofisticado,Brinco Três Linhas com Zircônias Ouro 18k Sofisticado,"Brinco Três Linhas com zircônias em banho de ouro 18k, elegante e durável. Compre agora e realce seu estilo com brilho!","Brinco Três Linhas com zircônias em banho de ouro 18k, elegante e durável. Compre agora e realce seu estilo com brilho!",SKIPPED,NO_SELLABLE_VARIANT_PRESERVE,NO_SELLABLE_VARIANT_PRESERVE,False,PRESERVED_NO_WRITE,False,False,False,False,UNCHANGED,,,True,,,,,
288496674,101175,https://marquesasemijoias.com.br/produtos/duo-argolas-ovais-lisas-banho-de-ouro-18k/,https://marquesasemijoias.com.br/produtos/duo-argolas-ovais-lisas-banho-de-ouro-18k/,Duo Argolas Ovais Lisas Ouro 18k Elegância,Duo Argolas Ovais Lisas Ouro 18k Elegância,"Conquiste estilo com o Duo Argolas Ovais Lisas banho ouro 18k, duráveis e sofisticadas. Compre agora e realce sua elegância única!","Conquiste estilo com o Duo Argolas Ovais Lisas banho ouro 18k, duráveis e sofisticadas. Compre agora e realce sua elegância única!",SKIPPED,NO_SELLABLE_VARIANT_PRESERVE,NO_SELLABLE_VARIANT_PRESERVE,False,PRESERVED_NO_WRITE,False,False,False,False,UNCHANGED,,,True,,,,,
313739268,164224,https://marquesasemijoias.com.br/produtos/brinco-circulo-texturizado-banho-de-ouro-18k-j1wxx/,https://marquesasemijoias.com.br/produtos/brinco-circulo-texturizado-banho-de-ouro-18k-j1wxx/,Brinco Círculo Texturizado Ouro 18k Elegância,Brinco Círculo Texturizado Banho de Ouro 18k | Marquesa,"Brinco círculo texturizado em ouro 18k, design elegante e versátil para o dia a dia. Realce seu estilo com sofisticação. Compre já!","Brinco Círculo Texturizado Banho de Ouro 18k. Medida: 2,4 cm. Confira os detalhes.",VALIDATED,FACTUAL_METADATA_AND_FAMILY_USE_CONTEXT,PUBLIC_VALIDATED,True,NEW_CONTENT_WRITE,False,True,True,False,UNCHANGED,True,True,True,2026-10-09T00:18:25.844Z,2026-10-16T00:18:25.844000+00:00,2026-11-06T00:18:25.844000+00:00,2026-12-04T00:18:25.844000+00:00,2027-01-01T00:18:25.844000+00:00
313757155,163505,https://marquesasemijoias.com.br/produtos/brinco-duas-esferas-banho-de-ouro-18k-16pec/,https://marquesasemijoias.com.br/produtos/brinco-duas-esferas-banho-de-ouro-18k-16pec/,Brinco Duas Esferas Ouro 18k - Minimalista e Elegante,Brinco Duas Esferas Banho de Ouro 18k | Marquesa,"Brinco Duas Esferas em banho de ouro 18k, moderno e versátil. Ideal para looks casuais e sofisticados. Compre já e valorize seu estilo!","Brinco Duas Esferas em banho de ouro 18k, moderno e versátil. Ideal para looks casuais e sofisticados. Compre já e valorize seu estilo!",VALIDATED,FACTUAL_METADATA_AND_FAMILY_USE_CONTEXT,PUBLIC_VALIDATED,True,NEW_CONTENT_WRITE,False,True,False,False,UNCHANGED,True,True,True,2026-10-09T00:18:33.945Z,2026-10-16T00:18:33.945000+00:00,2026-11-06T00:18:33.945000+00:00,2026-12-04T00:18:33.945000+00:00,2027-01-01T00:18:33.945000+00:00
313758250,149015,https://marquesasemijoias.com.br/produtos/brinco-esfera-texturizada-e-lisa-banho-de-ouro-18k-6544t/,https://marquesasemijoias.com.br/produtos/brinco-esfera-texturizada-e-lisa-banho-de-ouro-18k-6544t/,Brinco Esfera Texturizada e Lisa Ouro 18k Elegante,Brinco Esfera Texturizada e Lisa Ouro 18k Elegante,"Descubra o Brinco Esfera Texturizada e Lisa em Ouro 18k, sofisticado e atemporal. Realce seu estilo com esta semijoia única. Compre agora!","Descubra o Brinco Esfera Texturizada e Lisa em Ouro 18k, sofisticado e atemporal. Realce seu estilo com esta semijoia única. Compre agora!",SKIPPED,NO_SELLABLE_VARIANT_PRESERVE,NO_SELLABLE_VARIANT_PRESERVE,False,PRESERVED_NO_WRITE,False,False,False,False,UNCHANGED,,,True,,,,,
313808695,838474,https://marquesasemijoias.com.br/produtos/anel-micro-zirconias-banho-de-ouro-18k-b008n/,https://marquesasemijoias.com.br/produtos/anel-micro-zirconias-banho-de-ouro-18k-b008n/,Anel Micro Zircônias Ouro 18k Elegância Delicada,Anel Micro Zircônias Ouro 18k Elegância Delicada,"Anel micro zircônias banhado a ouro 18k, delicado e moderno, ideal para uso diário com brilho sutil e sofisticado. Compre já!","Anel micro zircônias banhado a ouro 18k, delicado e moderno, ideal para uso diário com brilho sutil e sofisticado. Compre já!",SKIPPED,NO_SELLABLE_VARIANT_PRESERVE,NO_SELLABLE_VARIANT_PRESERVE,False,PRESERVED_NO_WRITE,False,False,False,False,UNCHANGED,,,True,,,,,
359281274,158154,https://marquesasemijoias.com.br/produtos/brinco-folha-oval-cravejada-banho-de-ouro-18k/,https://marquesasemijoias.com.br/produtos/brinco-folha-oval-cravejada-banho-de-ouro-18k/,Brinco Folha Oval Cravejada Ouro 18k Brilho Refinado,Brinco Folha Oval Cravejada Banho de Ouro 18k | Marquesa,"Brinco folha oval cravejado de zircônias com banho de ouro 18k, brilho e sofisticação. Semijoia hipoalergênica. Compre e destaque seu visual!","Brinco Folha Oval Cravejada Banho de Ouro 18k. Medida: aprox. 1,7 cm. Confira os detalhes.",VALIDATED,FACTUAL_METADATA_AND_FAMILY_USE_CONTEXT,PUBLIC_VALIDATED,True,NEW_CONTENT_WRITE,False,True,True,False,UNCHANGED,True,True,True,2026-10-09T00:18:38.865Z,2026-10-16T00:18:38.865000+00:00,2026-11-06T00:18:38.865000+00:00,2026-12-04T00:18:38.865000+00:00,2027-01-01T00:18:38.865000+00:00
359281347,195384,https://marquesasemijoias.com.br/produtos/brinco-gota-pequena-banho-de-ouro-18k/,https://marquesasemijoias.com.br/produtos/brinco-gota-pequena-banho-de-ouro-18k/,Brinco Gota Pequena Ouro 18k Minimalismo Elegante,Brinco Gota Pequena Banho de Ouro 18k | Marquesa,"Brinco gota pequena com banho de ouro 18k, discreto e confortável para usar todos os dias. Semijoia hipoalergênica. Compre e componha seu mix!","Brinco Gota Pequena Banho de Ouro 18k. Medida: aprox. 1,5 cm. Confira os detalhes.",VALIDATED,FACTUAL_METADATA_AND_FAMILY_USE_CONTEXT,PUBLIC_VALIDATED,True,NEW_CONTENT_WRITE,True,True,True,False,UNCHANGED,True,True,True,2026-10-09T00:18:47.023Z,2026-10-16T00:18:47.023000+00:00,2026-11-06T00:18:47.023000+00:00,2026-12-04T00:18:47.023000+00:00,2027-01-01T00:18:47.023000+00:00
267984482,306594,https://marquesasemijoias.com.br/produtos/argola-media-torcida-banho-de-ouro-18k/,https://marquesasemijoias.com.br/produtos/argola-media-torcida-banho-de-ouro-18k/,Argola Média Torcida em Ouro 18k - Elegância e Estilo,Argola Média Torcida em Ouro 18k - Elegância e Estilo,"Descubra a Argola Média Torcida Banho de Ouro 18k, perfeita para qualquer ocasião. Adicione classe ao seu visual! Compre agora e brilhe!","Descubra a Argola Média Torcida Banho de Ouro 18k, perfeita para qualquer ocasião. Adicione classe ao seu visual! Compre agora e brilhe!",SKIPPED,NO_SELLABLE_VARIANT_PRESERVE,NO_SELLABLE_VARIANT_PRESERVE,False,PRESERVED_NO_WRITE,False,False,False,False,UNCHANGED,,,True,,,,,
288496508,151524,https://marquesasemijoias.com.br/produtos/brinco-ear-hook-linhas-lisas-banho-de-ouro-18k/,https://marquesasemijoias.com.br/produtos/brinco-ear-hook-linhas-lisas-banho-de-ouro-18k/,Brinco Ear Hook Linhas Lisas Ouro 18k Design,Brinco Ear Hook Linhas Lisas Ouro 18k Design,"Brinco Ear Hook com banho de ouro 18k, design moderno que valoriza o estilo. Use sozinho ou em combinação. Garanta já seu toque sofisticado!","Brinco Ear Hook com banho de ouro 18k, design moderno que valoriza o estilo. Use sozinho ou em combinação. Garanta já seu toque sofisticado!",SKIPPED,NO_SELLABLE_VARIANT_PRESERVE,NO_SELLABLE_VARIANT_PRESERVE,False,PRESERVED_NO_WRITE,False,False,False,False,UNCHANGED,,,True,,,,,
297041582,316382,https://marquesasemijoias.com.br/produtos/brinco-gota-media-banho-de-ouro-18k/,https://marquesasemijoias.com.br/produtos/brinco-gota-media-banho-de-ouro-18k/,Brinco Gota Média Ouro 18k | Marquesa Semijoias,Brinco Gota Média Ouro 18k | Marquesa Semijoias,"Brinco gota média banhado a ouro 18k. Elegante, delicado e sofisticado, perfeito para complementar looks femininos em qualquer ocasião.","Brinco gota média banhado a ouro 18k. Elegante, delicado e sofisticado, perfeito para complementar looks femininos em qualquer ocasião.",SKIPPED,NO_SELLABLE_VARIANT_PRESERVE,NO_SELLABLE_VARIANT_PRESERVE,False,PRESERVED_NO_WRITE,False,False,False,False,UNCHANGED,,,True,,,,,
313758058,117619,https://marquesasemijoias.com.br/produtos/trio-gotinha-esfera-e-ponto-de-luz-banho-de-ouro-18k-scp5x/,https://marquesasemijoias.com.br/produtos/trio-gotinha-esfera-e-ponto-de-luz-banho-de-ouro-18k-scp5x/,"Trio Gotinha, Esfera e Ponto de Luz Ouro 18k Versátil","Trio Gotinha, Esfera e Ponto de Luz Ouro 18k Versátil","Trio Gotinha, Esfera e Ponto de Luz em banho de ouro 18k, versátil e delicado para o dia a dia. Compre já e valorize seu estilo!","Trio Gotinha, Esfera e Ponto de Luz em banho de ouro 18k, versátil e delicado para o dia a dia. Compre já e valorize seu estilo!",SKIPPED,NO_SELLABLE_VARIANT_PRESERVE,NO_SELLABLE_VARIANT_PRESERVE,False,PRESERVED_NO_WRITE,False,False,False,False,UNCHANGED,,,True,,,,,
329516533,789166,https://marquesasemijoias.com.br/produtos/choker-penduricalhos-mini-coracoes-banho-de-ouro-18k-19j36/,https://marquesasemijoias.com.br/produtos/choker-penduricalhos-mini-coracoes-banho-de-ouro-18k-19j36/,Colar Choker Mini Corações com Ouro 18k Delicado,Choker Penduricalhos Mini Corações Banho de Ouro 18k | Marquesa,"Colar Choker com mini corações pendurados em banho de ouro 18k, delicado e versátil para looks cheios de charme. Compre agora e encante-se!","Colar Choker com mini corações pendurados em banho de ouro 18k, delicado e versátil para looks cheios de charme. Compre agora e encante-se!",VALIDATED,FACTUAL_METADATA_AND_FAMILY_USE_CONTEXT,PUBLIC_VALIDATED,True,NEW_CONTENT_WRITE,False,True,False,False,UNCHANGED,True,True,True,2026-10-09T00:18:55.011Z,2026-10-16T00:18:55.011000+00:00,2026-11-06T00:18:55.011000+00:00,2026-12-04T00:18:55.011000+00:00,2027-01-01T00:18:55.011000+00:00
339527265,132132,https://marquesasemijoias.com.br/produtos/brinco-quadrado-liso-banho-de-ouro-18k-1wnk7/,https://marquesasemijoias.com.br/produtos/brinco-quadrado-liso-banho-de-ouro-18k-1wnk7/,Brinco Quadrado Liso Ouro 18k - Elegância Moderna,Brinco Quadrado Liso Ouro 18k - Elegância Moderna,"Brinco quadrado liso com banho de ouro 18k, design minimalista e sofisticado. Perfeito para valorizar seu estilo com elegância. Compre agora!","Brinco quadrado liso com banho de ouro 18k, design minimalista e sofisticado. Perfeito para valorizar seu estilo com elegância. Compre agora!",SKIPPED,NO_SELLABLE_VARIANT_PRESERVE,NO_SELLABLE_VARIANT_PRESERVE,False,PRESERVED_NO_WRITE,False,False,False,False,UNCHANGED,,,True,,,,,
359281329,148564,https://marquesasemijoias.com.br/produtos/brinco-coracao-preto-banho-de-ouro-18k/,https://marquesasemijoias.com.br/produtos/brinco-coracao-preto-banho-de-ouro-18k/,Brinco Coração Preto Ouro 18k Contraste Sofisticado,Brinco Coração Preto Ouro 18k Contraste Sofisticado,"Brinco coração preto com banho de ouro 18k, contraste elegante e visual marcante. Semijoia hipoalergênica com garantia. Compre já!","Brinco coração preto com banho de ouro 18k, contraste elegante e visual marcante. Semijoia hipoalergênica com garantia. Compre já!",SKIPPED,NO_SELLABLE_VARIANT_PRESERVE,NO_SELLABLE_VARIANT_PRESERVE,False,PRESERVED_NO_WRITE,False,False,False,False,UNCHANGED,,,True,,,,,
288496523,162840,https://marquesasemijoias.com.br/produtos/brinco-torcido-detalhes-zirconias-banho-de-ouro-18k/,https://marquesasemijoias.com.br/produtos/brinco-torcido-detalhes-zirconias-banho-de-ouro-18k/,Brinco Torcido com Zircônias Banho Ouro 18k - Elegância,Brinco Torcido com Zircônias Banho Ouro 18k - Elegância,"Brinco Torcido com zircônias em banho de ouro 18k, design sofisticado e versátil. Compre agora e transforme seu visual!","Brinco Torcido com zircônias em banho de ouro 18k, design sofisticado e versátil. Compre agora e transforme seu visual!",SKIPPED,NO_SELLABLE_VARIANT_PRESERVE,NO_SELLABLE_VARIANT_PRESERVE,False,PRESERVED_NO_WRITE,False,False,False,False,UNCHANGED,,,True,,,,,
349206079,421682,https://marquesasemijoias.com.br/produtos/colar-trevo-zirconia-incolor-banho-de-prata-1o00f/,https://marquesasemijoias.com.br/produtos/colar-trevo-zirconia-incolor-banho-de-prata-1o00f/,Colar Trevo Zircônia Incolor Prata Elegante,Colar Trevo Zircônia Incolor Prata Elegante,"Colar trevo com zircônia incolor e banho de prata, delicado e atemporal. Ideal para uso diário e ocasiões especiais. Compre já!","Colar trevo com zircônia incolor e banho de prata, delicado e atemporal. Ideal para uso diário e ocasiões especiais. Compre já!",SKIPPED,NO_SELLABLE_VARIANT_PRESERVE,NO_SELLABLE_VARIANT_PRESERVE,False,PRESERVED_NO_WRITE,False,False,False,False,UNCHANGED,,,True,,,,,
253315199,487516,https://marquesasemijoias.com.br/produtos/brinco-pequeno-mini-cruz-cravejada-prata-925/,https://marquesasemijoias.com.br/produtos/brinco-pequeno-mini-cruz-cravejada-prata-925/,Brinco Mini Cruz Cravejada em Prata 925 - Estilo e Fé,Brinco Mini Cruz Cravejada em Prata 925 - Estilo e Fé,Descubra o Brinco Pequeno Mini Cruz Cravejada em Prata 925. Sofisticação e espiritualidade em um design delicado. Adquira já o seu!,Descubra o Brinco Pequeno Mini Cruz Cravejada em Prata 925. Sofisticação e espiritualidade em um design delicado. Adquira já o seu!,SKIPPED,NO_SELLABLE_VARIANT_PRESERVE,NO_SELLABLE_VARIANT_PRESERVE,False,PRESERVED_NO_WRITE,False,False,False,False,UNCHANGED,,,True,,,,,
253317477,486329,https://marquesasemijoias.com.br/produtos/pulseira-espirito-santo-prata-925/,https://marquesasemijoias.com.br/produtos/pulseira-espirito-santo-prata-925/,Pulseira Espírito Santo Prata 925 - Fé e Beleza,Pulseira Espírito Santo Prata 925 - Fé e Beleza,"Descubra a Pulseira Espírito Santo em Prata 925, símbolo de fé e proteção. Presenteie-se ou a quem você ama! Garanta já a sua!","Descubra a Pulseira Espírito Santo em Prata 925, símbolo de fé e proteção. Presenteie-se ou a quem você ama! Garanta já a sua!",SKIPPED,NO_SELLABLE_VARIANT_PRESERVE,NO_SELLABLE_VARIANT_PRESERVE,False,PRESERVED_NO_WRITE,False,False,False,False,UNCHANGED,,,True,,,,,
281077273,737009,https://marquesasemijoias.com.br/produtos/pulseira-folhas-duplas-texturizadas-banho-de-prata/,https://marquesasemijoias.com.br/produtos/pulseira-folhas-duplas-texturizadas-banho-de-prata/,Pulseira Folhas Duplas Texturizadas em Banho de Prata,Pulseira Folhas Duplas Texturizadas em Banho de Prata,Descubra a elegância natural da Pulseira Folhas Duplas em Banho de Prata. Um toque sofisticado para qualquer ocasião. Adquira já a sua!,Descubra a elegância natural da Pulseira Folhas Duplas em Banho de Prata. Um toque sofisticado para qualquer ocasião. Adquira já a sua!,SKIPPED,NO_SELLABLE_VARIANT_PRESERVE,NO_SELLABLE_VARIANT_PRESERVE,False,PRESERVED_NO_WRITE,False,False,False,False,UNCHANGED,,,True,,,,,
238432990,[private snapshot],[private snapshot],[private snapshot],[private snapshot],[private snapshot],[private snapshot],[private snapshot],SKIPPED,HIDDEN_OR_UNPUBLISHED_PRESERVE,HIDDEN_OR_UNPUBLISHED_PRESERVE,False,PRESERVED_NO_WRITE,False,False,False,False,UNCHANGED,,,,,,,,
244524518,[private snapshot],[private snapshot],[private snapshot],[private snapshot],[private snapshot],[private snapshot],[private snapshot],SKIPPED,HIDDEN_OR_UNPUBLISHED_PRESERVE,HIDDEN_OR_UNPUBLISHED_PRESERVE,False,PRESERVED_NO_WRITE,False,False,False,False,UNCHANGED,,,,,,,,
247249682,[private snapshot],[private snapshot],[private snapshot],[private snapshot],[private snapshot],[private snapshot],[private snapshot],SKIPPED,HIDDEN_OR_UNPUBLISHED_PRESERVE,HIDDEN_OR_UNPUBLISHED_PRESERVE,False,PRESERVED_NO_WRITE,False,False,False,False,UNCHANGED,,,,,,,,
250006136,[private snapshot],[private snapshot],[private snapshot],[private snapshot],[private snapshot],[private snapshot],[private snapshot],SKIPPED,HIDDEN_OR_UNPUBLISHED_PRESERVE,HIDDEN_OR_UNPUBLISHED_PRESERVE,False,PRESERVED_NO_WRITE,False,False,False,False,UNCHANGED,,,,,,,,
251648354,[private snapshot],[private snapshot],[private snapshot],[private snapshot],[private snapshot],[private snapshot],[private snapshot],SKIPPED,HIDDEN_OR_UNPUBLISHED_PRESERVE,HIDDEN_OR_UNPUBLISHED_PRESERVE,False,PRESERVED_NO_WRITE,False,False,False,False,UNCHANGED,,,,,,,,
253317614,[private snapshot],[private snapshot],[private snapshot],[private snapshot],[private snapshot],[private snapshot],[private snapshot],SKIPPED,HIDDEN_OR_UNPUBLISHED_PRESERVE,HIDDEN_OR_UNPUBLISHED_PRESERVE,False,PRESERVED_NO_WRITE,False,False,False,False,UNCHANGED,,,,,,,,
253321821,[private snapshot],[private snapshot],[private snapshot],[private snapshot],[private snapshot],[private snapshot],[private snapshot],SKIPPED,HIDDEN_OR_UNPUBLISHED_PRESERVE,HIDDEN_OR_UNPUBLISHED_PRESERVE,False,PRESERVED_NO_WRITE,False,False,False,False,UNCHANGED,,,,,,,,
253322374,[private snapshot],[private snapshot],[private snapshot],[private snapshot],[private snapshot],[private snapshot],[private snapshot],SKIPPED,HIDDEN_OR_UNPUBLISHED_PRESERVE,HIDDEN_OR_UNPUBLISHED_PRESERVE,False,PRESERVED_NO_WRITE,False,False,False,False,UNCHANGED,,,,,,,,
253322509,[private snapshot],[private snapshot],[private snapshot],[private snapshot],[private snapshot],[private snapshot],[private snapshot],SKIPPED,HIDDEN_OR_UNPUBLISHED_PRESERVE,HIDDEN_OR_UNPUBLISHED_PRESERVE,False,PRESERVED_NO_WRITE,False,False,False,False,UNCHANGED,,,,,,,,
267673068,[private snapshot],[private snapshot],[private snapshot],[private snapshot],[private snapshot],[private snapshot],[private snapshot],SKIPPED,HIDDEN_OR_UNPUBLISHED_PRESERVE,HIDDEN_OR_UNPUBLISHED_PRESERVE,False,PRESERVED_NO_WRITE,False,False,False,False,UNCHANGED,,,,,,,,
267734532,[private snapshot],[private snapshot],[private snapshot],[private snapshot],[private snapshot],[private snapshot],[private snapshot],SKIPPED,HIDDEN_OR_UNPUBLISHED_PRESERVE,HIDDEN_OR_UNPUBLISHED_PRESERVE,False,PRESERVED_NO_WRITE,False,False,False,False,UNCHANGED,,,,,,,,
267969897,[private snapshot],[private snapshot],[private snapshot],[private snapshot],[private snapshot],[private snapshot],[private snapshot],SKIPPED,HIDDEN_OR_UNPUBLISHED_PRESERVE,HIDDEN_OR_UNPUBLISHED_PRESERVE,False,PRESERVED_NO_WRITE,False,False,False,False,UNCHANGED,,,,,,,,
268007795,[private snapshot],[private snapshot],[private snapshot],[private snapshot],[private snapshot],[private snapshot],[private snapshot],SKIPPED,HIDDEN_OR_UNPUBLISHED_PRESERVE,HIDDEN_OR_UNPUBLISHED_PRESERVE,False,PRESERVED_NO_WRITE,False,False,False,False,UNCHANGED,,,,,,,,
268008255,[private snapshot],[private snapshot],[private snapshot],[private snapshot],[private snapshot],[private snapshot],[private snapshot],SKIPPED,HIDDEN_OR_UNPUBLISHED_PRESERVE,HIDDEN_OR_UNPUBLISHED_PRESERVE,False,PRESERVED_NO_WRITE,False,False,False,False,UNCHANGED,,,,,,,,
268008784,[private snapshot],[private snapshot],[private snapshot],[private snapshot],[private snapshot],[private snapshot],[private snapshot],SKIPPED,HIDDEN_OR_UNPUBLISHED_PRESERVE,HIDDEN_OR_UNPUBLISHED_PRESERVE,False,PRESERVED_NO_WRITE,False,False,False,False,UNCHANGED,,,,,,,,
281072077,[private snapshot],[private snapshot],[private snapshot],[private snapshot],[private snapshot],[private snapshot],[private snapshot],SKIPPED,HIDDEN_OR_UNPUBLISHED_PRESERVE,HIDDEN_OR_UNPUBLISHED_PRESERVE,False,PRESERVED_NO_WRITE,False,False,False,False,UNCHANGED,,,,,,,,
281074636,[private snapshot],[private snapshot],[private snapshot],[private snapshot],[private snapshot],[private snapshot],[private snapshot],SKIPPED,HIDDEN_OR_UNPUBLISHED_PRESERVE,HIDDEN_OR_UNPUBLISHED_PRESERVE,False,PRESERVED_NO_WRITE,False,False,False,False,UNCHANGED,,,,,,,,
281075190,[private snapshot],[private snapshot],[private snapshot],[private snapshot],[private snapshot],[private snapshot],[private snapshot],SKIPPED,HIDDEN_OR_UNPUBLISHED_PRESERVE,HIDDEN_OR_UNPUBLISHED_PRESERVE,False,PRESERVED_NO_WRITE,False,False,False,False,UNCHANGED,,,,,,,,
281075956,[private snapshot],[private snapshot],[private snapshot],[private snapshot],[private snapshot],[private snapshot],[private snapshot],SKIPPED,HIDDEN_OR_UNPUBLISHED_PRESERVE,HIDDEN_OR_UNPUBLISHED_PRESERVE,False,PRESERVED_NO_WRITE,False,False,False,False,UNCHANGED,,,,,,,,
281077378,[private snapshot],[private snapshot],[private snapshot],[private snapshot],[private snapshot],[private snapshot],[private snapshot],SKIPPED,HIDDEN_OR_UNPUBLISHED_PRESERVE,HIDDEN_OR_UNPUBLISHED_PRESERVE,False,PRESERVED_NO_WRITE,False,False,False,False,UNCHANGED,,,,,,,,
281078746,[private snapshot],[private snapshot],[private snapshot],[private snapshot],[private snapshot],[private snapshot],[private snapshot],SKIPPED,HIDDEN_OR_UNPUBLISHED_PRESERVE,HIDDEN_OR_UNPUBLISHED_PRESERVE,False,PRESERVED_NO_WRITE,False,False,False,False,UNCHANGED,,,,,,,,
281081640,[private snapshot],[private snapshot],[private snapshot],[private snapshot],[private snapshot],[private snapshot],[private snapshot],SKIPPED,HIDDEN_OR_UNPUBLISHED_PRESERVE,HIDDEN_OR_UNPUBLISHED_PRESERVE,False,PRESERVED_NO_WRITE,False,False,False,False,UNCHANGED,,,,,,,,
288496262,[private snapshot],[private snapshot],[private snapshot],[private snapshot],[private snapshot],[private snapshot],[private snapshot],SKIPPED,HIDDEN_OR_UNPUBLISHED_PRESERVE,HIDDEN_OR_UNPUBLISHED_PRESERVE,False,PRESERVED_NO_WRITE,False,False,False,False,UNCHANGED,,,,,,,,
288496267,[private snapshot],[private snapshot],[private snapshot],[private snapshot],[private snapshot],[private snapshot],[private snapshot],SKIPPED,HIDDEN_OR_UNPUBLISHED_PRESERVE,HIDDEN_OR_UNPUBLISHED_PRESERVE,False,PRESERVED_NO_WRITE,False,False,False,False,UNCHANGED,,,,,,,,
288496269,[private snapshot],[private snapshot],[private snapshot],[private snapshot],[private snapshot],[private snapshot],[private snapshot],SKIPPED,HIDDEN_OR_UNPUBLISHED_PRESERVE,HIDDEN_OR_UNPUBLISHED_PRESERVE,False,PRESERVED_NO_WRITE,False,False,False,False,UNCHANGED,,,,,,,,
288496283,[private snapshot],[private snapshot],[private snapshot],[private snapshot],[private snapshot],[private snapshot],[private snapshot],SKIPPED,HIDDEN_OR_UNPUBLISHED_PRESERVE,HIDDEN_OR_UNPUBLISHED_PRESERVE,False,PRESERVED_NO_WRITE,False,False,False,False,UNCHANGED,,,,,,,,
288496303,[private snapshot],[private snapshot],[private snapshot],[private snapshot],[private snapshot],[private snapshot],[private snapshot],SKIPPED,HIDDEN_OR_UNPUBLISHED_PRESERVE,HIDDEN_OR_UNPUBLISHED_PRESERVE,False,PRESERVED_NO_WRITE,False,False,False,False,UNCHANGED,,,,,,,,
288496304,[private snapshot],[private snapshot],[private snapshot],[private snapshot],[private snapshot],[private snapshot],[private snapshot],SKIPPED,HIDDEN_OR_UNPUBLISHED_PRESERVE,HIDDEN_OR_UNPUBLISHED_PRESERVE,False,PRESERVED_NO_WRITE,False,False,False,False,UNCHANGED,,,,,,,,
288496310,[private snapshot],[private snapshot],[private snapshot],[private snapshot],[private snapshot],[private snapshot],[private snapshot],SKIPPED,HIDDEN_OR_UNPUBLISHED_PRESERVE,HIDDEN_OR_UNPUBLISHED_PRESERVE,False,PRESERVED_NO_WRITE,False,False,False,False,UNCHANGED,,,,,,,,
288496324,[private snapshot],[private snapshot],[private snapshot],[private snapshot],[private snapshot],[private snapshot],[private snapshot],SKIPPED,HIDDEN_OR_UNPUBLISHED_PRESERVE,HIDDEN_OR_UNPUBLISHED_PRESERVE,False,PRESERVED_NO_WRITE,False,False,False,False,UNCHANGED,,,,,,,,
288496428,[private snapshot],[private snapshot],[private snapshot],[private snapshot],[private snapshot],[private snapshot],[private snapshot],SKIPPED,HIDDEN_OR_UNPUBLISHED_PRESERVE,HIDDEN_OR_UNPUBLISHED_PRESERVE,False,PRESERVED_NO_WRITE,False,False,False,False,UNCHANGED,,,,,,,,
288496433,[private snapshot],[private snapshot],[private snapshot],[private snapshot],[private snapshot],[private snapshot],[private snapshot],SKIPPED,HIDDEN_OR_UNPUBLISHED_PRESERVE,HIDDEN_OR_UNPUBLISHED_PRESERVE,False,PRESERVED_NO_WRITE,False,False,False,False,UNCHANGED,,,,,,,,
288496446,[private snapshot],[private snapshot],[private snapshot],[private snapshot],[private snapshot],[private snapshot],[private snapshot],SKIPPED,HIDDEN_OR_UNPUBLISHED_PRESERVE,HIDDEN_OR_UNPUBLISHED_PRESERVE,False,PRESERVED_NO_WRITE,False,False,False,False,UNCHANGED,,,,,,,,
288496452,[private snapshot],[private snapshot],[private snapshot],[private snapshot],[private snapshot],[private snapshot],[private snapshot],SKIPPED,HIDDEN_OR_UNPUBLISHED_PRESERVE,HIDDEN_OR_UNPUBLISHED_PRESERVE,False,PRESERVED_NO_WRITE,False,False,False,False,UNCHANGED,,,,,,,,
288496458,[private snapshot],[private snapshot],[private snapshot],[private snapshot],[private snapshot],[private snapshot],[private snapshot],SKIPPED,HIDDEN_OR_UNPUBLISHED_PRESERVE,HIDDEN_OR_UNPUBLISHED_PRESERVE,False,PRESERVED_NO_WRITE,False,False,False,False,UNCHANGED,,,,,,,,
288496473,[private snapshot],[private snapshot],[private snapshot],[private snapshot],[private snapshot],[private snapshot],[private snapshot],SKIPPED,HIDDEN_OR_UNPUBLISHED_PRESERVE,HIDDEN_OR_UNPUBLISHED_PRESERVE,False,PRESERVED_NO_WRITE,False,False,False,False,UNCHANGED,,,,,,,,
288496490,[private snapshot],[private snapshot],[private snapshot],[private snapshot],[private snapshot],[private snapshot],[private snapshot],SKIPPED,HIDDEN_OR_UNPUBLISHED_PRESERVE,HIDDEN_OR_UNPUBLISHED_PRESERVE,False,PRESERVED_NO_WRITE,False,False,False,False,UNCHANGED,,,,,,,,
288496516,[private snapshot],[private snapshot],[private snapshot],[private snapshot],[private snapshot],[private snapshot],[private snapshot],SKIPPED,HIDDEN_OR_UNPUBLISHED_PRESERVE,HIDDEN_OR_UNPUBLISHED_PRESERVE,False,PRESERVED_NO_WRITE,False,False,False,False,UNCHANGED,,,,,,,,
288496530,[private snapshot],[private snapshot],[private snapshot],[private snapshot],[private snapshot],[private snapshot],[private snapshot],SKIPPED,HIDDEN_OR_UNPUBLISHED_PRESERVE,HIDDEN_OR_UNPUBLISHED_PRESERVE,False,PRESERVED_NO_WRITE,False,False,False,False,UNCHANGED,,,,,,,,
288496541,[private snapshot],[private snapshot],[private snapshot],[private snapshot],[private snapshot],[private snapshot],[private snapshot],SKIPPED,HIDDEN_OR_UNPUBLISHED_PRESERVE,HIDDEN_OR_UNPUBLISHED_PRESERVE,False,PRESERVED_NO_WRITE,False,False,False,False,UNCHANGED,,,,,,,,
288496590,[private snapshot],[private snapshot],[private snapshot],[private snapshot],[private snapshot],[private snapshot],[private snapshot],SKIPPED,HIDDEN_OR_UNPUBLISHED_PRESERVE,HIDDEN_OR_UNPUBLISHED_PRESERVE,False,PRESERVED_NO_WRITE,False,False,False,False,UNCHANGED,,,,,,,,
288496665,[private snapshot],[private snapshot],[private snapshot],[private snapshot],[private snapshot],[private snapshot],[private snapshot],SKIPPED,HIDDEN_OR_UNPUBLISHED_PRESERVE,HIDDEN_OR_UNPUBLISHED_PRESERVE,False,PRESERVED_NO_WRITE,False,False,False,False,UNCHANGED,,,,,,,,
288496670,[private snapshot],[private snapshot],[private snapshot],[private snapshot],[private snapshot],[private snapshot],[private snapshot],SKIPPED,HIDDEN_OR_UNPUBLISHED_PRESERVE,HIDDEN_OR_UNPUBLISHED_PRESERVE,False,PRESERVED_NO_WRITE,False,False,False,False,UNCHANGED,,,,,,,,
288496671,[private snapshot],[private snapshot],[private snapshot],[private snapshot],[private snapshot],[private snapshot],[private snapshot],SKIPPED,HIDDEN_OR_UNPUBLISHED_PRESERVE,HIDDEN_OR_UNPUBLISHED_PRESERVE,False,PRESERVED_NO_WRITE,False,False,False,False,UNCHANGED,,,,,,,,
295130629,[private snapshot],[private snapshot],[private snapshot],[private snapshot],[private snapshot],[private snapshot],[private snapshot],SKIPPED,HIDDEN_OR_UNPUBLISHED_PRESERVE,HIDDEN_OR_UNPUBLISHED_PRESERVE,False,PRESERVED_NO_WRITE,False,False,False,False,UNCHANGED,,,,,,,,
295130656,[private snapshot],[private snapshot],[private snapshot],[private snapshot],[private snapshot],[private snapshot],[private snapshot],SKIPPED,HIDDEN_OR_UNPUBLISHED_PRESERVE,HIDDEN_OR_UNPUBLISHED_PRESERVE,False,PRESERVED_NO_WRITE,False,False,False,False,UNCHANGED,,,,,,,,
295130751,[private snapshot],[private snapshot],[private snapshot],[private snapshot],[private snapshot],[private snapshot],[private snapshot],SKIPPED,HIDDEN_OR_UNPUBLISHED_PRESERVE,HIDDEN_OR_UNPUBLISHED_PRESERVE,False,PRESERVED_NO_WRITE,False,False,False,False,UNCHANGED,,,,,,,,
295593716,[private snapshot],[private snapshot],[private snapshot],[private snapshot],[private snapshot],[private snapshot],[private snapshot],SKIPPED,HIDDEN_OR_UNPUBLISHED_PRESERVE,HIDDEN_OR_UNPUBLISHED_PRESERVE,False,PRESERVED_NO_WRITE,False,False,False,False,UNCHANGED,,,,,,,,
297040194,[private snapshot],[private snapshot],[private snapshot],[private snapshot],[private snapshot],[private snapshot],[private snapshot],SKIPPED,HIDDEN_OR_UNPUBLISHED_PRESERVE,HIDDEN_OR_UNPUBLISHED_PRESERVE,False,PRESERVED_NO_WRITE,False,False,False,False,UNCHANGED,,,,,,,,
307923825,[private snapshot],[private snapshot],[private snapshot],[private snapshot],[private snapshot],[private snapshot],[private snapshot],SKIPPED,HIDDEN_OR_UNPUBLISHED_PRESERVE,HIDDEN_OR_UNPUBLISHED_PRESERVE,False,PRESERVED_NO_WRITE,False,False,False,False,UNCHANGED,,,,,,,,
313698486,[private snapshot],[private snapshot],[private snapshot],[private snapshot],[private snapshot],[private snapshot],[private snapshot],SKIPPED,HIDDEN_OR_UNPUBLISHED_PRESERVE,HIDDEN_OR_UNPUBLISHED_PRESERVE,False,PRESERVED_NO_WRITE,False,False,False,False,UNCHANGED,,,,,,,,
313739473,[private snapshot],[private snapshot],[private snapshot],[private snapshot],[private snapshot],[private snapshot],[private snapshot],SKIPPED,HIDDEN_OR_UNPUBLISHED_PRESERVE,HIDDEN_OR_UNPUBLISHED_PRESERVE,False,PRESERVED_NO_WRITE,False,False,False,False,UNCHANGED,,,,,,,,
313750135,[private snapshot],[private snapshot],[private snapshot],[private snapshot],[private snapshot],[private snapshot],[private snapshot],SKIPPED,HIDDEN_OR_UNPUBLISHED_PRESERVE,HIDDEN_OR_UNPUBLISHED_PRESERVE,False,PRESERVED_NO_WRITE,False,False,False,False,UNCHANGED,,,,,,,,
313750237,[private snapshot],[private snapshot],[private snapshot],[private snapshot],[private snapshot],[private snapshot],[private snapshot],SKIPPED,HIDDEN_OR_UNPUBLISHED_PRESERVE,HIDDEN_OR_UNPUBLISHED_PRESERVE,False,PRESERVED_NO_WRITE,False,False,False,False,UNCHANGED,,,,,,,,
313753320,[private snapshot],[private snapshot],[private snapshot],[private snapshot],[private snapshot],[private snapshot],[private snapshot],SKIPPED,HIDDEN_OR_UNPUBLISHED_PRESERVE,HIDDEN_OR_UNPUBLISHED_PRESERVE,False,PRESERVED_NO_WRITE,False,False,False,False,UNCHANGED,,,,,,,,
313753948,[private snapshot],[private snapshot],[private snapshot],[private snapshot],[private snapshot],[private snapshot],[private snapshot],SKIPPED,HIDDEN_OR_UNPUBLISHED_PRESERVE,HIDDEN_OR_UNPUBLISHED_PRESERVE,False,PRESERVED_NO_WRITE,False,False,False,False,UNCHANGED,,,,,,,,
313754653,[private snapshot],[private snapshot],[private snapshot],[private snapshot],[private snapshot],[private snapshot],[private snapshot],SKIPPED,HIDDEN_OR_UNPUBLISHED_PRESERVE,HIDDEN_OR_UNPUBLISHED_PRESERVE,False,PRESERVED_NO_WRITE,False,False,False,False,UNCHANGED,,,,,,,,
313755654,[private snapshot],[private snapshot],[private snapshot],[private snapshot],[private snapshot],[private snapshot],[private snapshot],SKIPPED,HIDDEN_OR_UNPUBLISHED_PRESERVE,HIDDEN_OR_UNPUBLISHED_PRESERVE,False,PRESERVED_NO_WRITE,False,False,False,False,UNCHANGED,,,,,,,,
313755723,[private snapshot],[private snapshot],[private snapshot],[private snapshot],[private snapshot],[private snapshot],[private snapshot],SKIPPED,HIDDEN_OR_UNPUBLISHED_PRESERVE,HIDDEN_OR_UNPUBLISHED_PRESERVE,False,PRESERVED_NO_WRITE,False,False,False,False,UNCHANGED,,,,,,,,
313757238,[private snapshot],[private snapshot],[private snapshot],[private snapshot],[private snapshot],[private snapshot],[private snapshot],SKIPPED,HIDDEN_OR_UNPUBLISHED_PRESERVE,HIDDEN_OR_UNPUBLISHED_PRESERVE,False,PRESERVED_NO_WRITE,False,False,False,False,UNCHANGED,,,,,,,,
313757498,[private snapshot],[private snapshot],[private snapshot],[private snapshot],[private snapshot],[private snapshot],[private snapshot],SKIPPED,HIDDEN_OR_UNPUBLISHED_PRESERVE,HIDDEN_OR_UNPUBLISHED_PRESERVE,False,PRESERVED_NO_WRITE,False,False,False,False,UNCHANGED,,,,,,,,
313758185,[private snapshot],[private snapshot],[private snapshot],[private snapshot],[private snapshot],[private snapshot],[private snapshot],SKIPPED,HIDDEN_OR_UNPUBLISHED_PRESERVE,HIDDEN_OR_UNPUBLISHED_PRESERVE,False,PRESERVED_NO_WRITE,False,False,False,False,UNCHANGED,,,,,,,,
313808553,[private snapshot],[private snapshot],[private snapshot],[private snapshot],[private snapshot],[private snapshot],[private snapshot],SKIPPED,HIDDEN_OR_UNPUBLISHED_PRESERVE,HIDDEN_OR_UNPUBLISHED_PRESERVE,False,PRESERVED_NO_WRITE,False,False,False,False,UNCHANGED,,,,,,,,
313809457,[private snapshot],[private snapshot],[private snapshot],[private snapshot],[private snapshot],[private snapshot],[private snapshot],SKIPPED,HIDDEN_OR_UNPUBLISHED_PRESERVE,HIDDEN_OR_UNPUBLISHED_PRESERVE,False,PRESERVED_NO_WRITE,False,False,False,False,UNCHANGED,,,,,,,,
313809777,[private snapshot],[private snapshot],[private snapshot],[private snapshot],[private snapshot],[private snapshot],[private snapshot],SKIPPED,HIDDEN_OR_UNPUBLISHED_PRESERVE,HIDDEN_OR_UNPUBLISHED_PRESERVE,False,PRESERVED_NO_WRITE,False,False,False,False,UNCHANGED,,,,,,,,
335138207,[private snapshot],[private snapshot],[private snapshot],[private snapshot],[private snapshot],[private snapshot],[private snapshot],SKIPPED,HIDDEN_OR_UNPUBLISHED_PRESERVE,HIDDEN_OR_UNPUBLISHED_PRESERVE,False,PRESERVED_NO_WRITE,False,False,False,False,UNCHANGED,,,,,,,,
339107503,[private snapshot],[private snapshot],[private snapshot],[private snapshot],[private snapshot],[private snapshot],[private snapshot],SKIPPED,HIDDEN_OR_UNPUBLISHED_PRESERVE,HIDDEN_OR_UNPUBLISHED_PRESERVE,False,PRESERVED_NO_WRITE,False,False,False,False,UNCHANGED,,,,,,,,
339108634,[private snapshot],[private snapshot],[private snapshot],[private snapshot],[private snapshot],[private snapshot],[private snapshot],SKIPPED,HIDDEN_OR_UNPUBLISHED_PRESERVE,HIDDEN_OR_UNPUBLISHED_PRESERVE,False,PRESERVED_NO_WRITE,False,False,False,False,UNCHANGED,,,,,,,,
339112625,[private snapshot],[private snapshot],[private snapshot],[private snapshot],[private snapshot],[private snapshot],[private snapshot],SKIPPED,HIDDEN_OR_UNPUBLISHED_PRESERVE,HIDDEN_OR_UNPUBLISHED_PRESERVE,False,PRESERVED_NO_WRITE,False,False,False,False,UNCHANGED,,,,,,,,
339112743,[private snapshot],[private snapshot],[private snapshot],[private snapshot],[private snapshot],[private snapshot],[private snapshot],SKIPPED,HIDDEN_OR_UNPUBLISHED_PRESERVE,HIDDEN_OR_UNPUBLISHED_PRESERVE,False,PRESERVED_NO_WRITE,False,False,False,False,UNCHANGED,,,,,,,,
349206267,[private snapshot],[private snapshot],[private snapshot],[private snapshot],[private snapshot],[private snapshot],[private snapshot],SKIPPED,HIDDEN_OR_UNPUBLISHED_PRESERVE,HIDDEN_OR_UNPUBLISHED_PRESERVE,False,PRESERVED_NO_WRITE,False,False,False,False,UNCHANGED,,,,,,,,
349206359,[private snapshot],[private snapshot],[private snapshot],[private snapshot],[private snapshot],[private snapshot],[private snapshot],SKIPPED,HIDDEN_OR_UNPUBLISHED_PRESERVE,HIDDEN_OR_UNPUBLISHED_PRESERVE,False,PRESERVED_NO_WRITE,False,False,False,False,UNCHANGED,,,,,,,,
349611573,[private snapshot],[private snapshot],[private snapshot],[private snapshot],[private snapshot],[private snapshot],[private snapshot],SKIPPED,HIDDEN_OR_UNPUBLISHED_PRESERVE,HIDDEN_OR_UNPUBLISHED_PRESERVE,False,PRESERVED_NO_WRITE,False,False,False,False,UNCHANGED,,,,,,,,
